Id,long_hair,forehead_width_cm,forehead_height_cm,nose_wide,nose_long,lips_thin,distance_nose_to_lip_long,gender
1,1,11.8,6.1,1,0,1,1,0
2,0,14.0,5.4,0,0,1,0,1
3,0,11.8,6.3,1,1,1,1,0
4,0,14.4,6.1,0,1,1,1,0
5,1,13.5,5.9,0,0,0,0,1
6,1,13.0,6.8,1,1,1,1,0
7,1,15.3,6.2,1,1,1,0,0
8,0,13.0,5.2,0,0,0,0,1
9,1,11.9,5.4,1,0,1,1,1
10,1,12.1,5.4,0,0,0,0,1
11,0,12.5,5.4,1,1,1,1,0
12,1,15.5,5.8,1,1,1,1,0
13,0,14.7,5.2,1,1,1,1,0
14,1,14.5,6.7,0,1,1,1,0
15,1,14.2,6.5,0,0,0,0,1
16,0,12.5,5.2,1,1,1,1,0
17,1,15.2,6.0,1,1,1,1,0
18,1,14.0,5.9,0,0,0,0,1
19,1,11.9,5.2,0,0,0,0,1
20,1,14.4,5.6,1,0,1,1,0
21,1,14.6,6.3,1,1,1,1,0
22,1,12.8,7.0,1,1,1,1,0
23,1,12.9,6.4,1,0,0,1,1
24,0,12.2,6.0,1,1,0,1,0
25,0,14.2,5.3,0,0,0,0,1
26,1,12.3,6.3,0,0,0,0,1
27,1,14.2,6.2,0,0,0,0,1
28,1,12.5,5.2,0,0,0,0,1
29,1,15.5,5.7,1,1,1,0,0
30,1,15.3,6.3,1,1,1,1,0
31,1,15.3,5.2,1,1,1,1,0
32,1,12.3,6.8,1,1,1,1,0
33,1,11.8,5.3,1,0,0,0,1
34,1,11.8,6.0,1,0,0,0,1
35,1,12.7,5.4,0,1,1,1,0
36,1,14.1,6.1,1,1,1,1,0
37,1,12.9,6.0,0,0,0,0,1
38,1,14.0,5.1,1,0,0,0,1
39,0,13.5,5.2,0,0,0,0,1
40,0,15.5,6.3,1,1,1,1,0
41,1,14.1,5.9,0,0,0,0,1
42,1,14.4,6.8,1,1,1,1,0
43,1,12.2,6.1,1,1,1,1,0
44,1,11.5,6.2,0,0,0,0,1
45,0,12.9,6.3,1,1,1,1,0
46,1,12.1,5.2,1,1,1,1,0
47,1,13.8,5.1,0,0,0,0,1
48,1,13.7,5.3,0,1,1,0,0
49,1,11.5,6.3,1,0,1,0,1
50,1,12.0,5.5,0,1,0,0,1
51,1,14.1,5.4,1,1,1,0,0
52,1,12.8,6.4,0,0,0,1,1
53,1,12.9,5.3,0,0,0,0,1
54,1,13.5,5.3,0,0,0,0,1
55,1,14.0,5.3,1,1,1,1,0
56,1,11.4,5.6,0,0,1,1,1
57,1,15.4,5.1,1,1,1,0,0
58,1,13.5,6.0,1,1,1,1,0
59,1,14.0,5.4,0,1,0,1,0
60,1,14.1,5.9,0,0,0,0,1
61,1,13.3,5.5,0,0,1,0,1
62,1,13.2,5.8,0,1,1,1,0
63,1,11.9,5.4,1,1,0,0,1
64,0,14.3,5.6,1,1,1,1,0
65,1,13.9,6.5,0,0,0,0,1
66,1,11.8,5.1,0,0,1,1,1
67,1,14.2,6.2,0,0,0,0,1
68,1,11.7,6.2,0,1,0,0,1
69,1,14.2,5.8,0,0,1,0,1
70,0,12.1,6.3,0,0,1,1,1
71,1,11.8,6.1,0,0,0,0,1
72,1,15.1,6.0,1,1,1,1,0
73,1,13.2,6.2,1,1,1,1,0
74,1,15.0,6.8,1,0,0,0,0
75,1,14.2,6.5,0,0,1,1,1
76,0,12.4,6.0,0,1,0,0,1
77,1,14.1,5.2,0,0,0,0,1
78,1,13.9,5.9,1,0,1,1,0
79,1,11.8,6.0,1,1,1,1,0
80,1,11.6,7.1,0,1,1,1,0
81,1,12.4,6.5,0,0,0,0,1
82,0,11.5,5.9,0,0,0,0,1
83,1,13.7,6.7,1,1,1,1,0
84,1,12.2,5.1,0,1,0,0,1
85,1,13.7,5.1,0,0,0,1,1
86,1,12.5,5.6,1,1,0,1,0
87,1,11.9,6.0,1,1,1,1,0
88,1,12.4,6.1,0,0,0,0,1
89,1,12.6,5.9,0,0,1,1,0
90,1,14.1,6.2,1,0,1,1,0
91,1,12.3,5.6,1,0,0,0,1
92,1,12.9,5.1,0,0,0,0,1
93,1,13.3,5.9,1,1,1,1,0
94,0,13.0,5.4,0,0,0,0,1
95,1,12.2,6.5,1,1,0,1,0
96,1,13.0,5.2,0,1,1,1,0
97,1,12.2,6.2,1,1,1,1,0
98,1,15.1,6.8,1,1,1,1,0
99,0,12.0,6.4,0,0,0,0,1
100,0,12.3,5.9,0,0,0,0,1
101,1,15.3,5.6,0,1,1,1,0
102,1,13.7,5.4,1,1,0,1,0
103,1,14.4,5.7,1,1,1,1,0
104,1,14.5,6.3,1,1,1,0,0
105,1,12.1,6.5,1,1,1,1,0
106,1,11.8,6.5,1,1,0,1,0
107,0,11.8,6.5,1,0,1,1,1
108,1,15.3,6.7,1,1,1,1,0
109,1,14.8,6.1,1,1,1,1,0
110,1,13.9,5.5,0,1,0,0,1
111,1,15.5,5.3,1,1,1,0,0
112,1,12.5,6.2,0,1,0,0,1
113,1,13.1,6.6,1,0,1,1,0
114,1,15.3,5.3,1,1,1,0,0
115,1,13.8,5.4,0,0,0,0,1
116,1,12.8,6.1,0,0,0,1,1
117,1,12.9,6.4,0,0,0,1,1
118,1,14.3,6.1,0,0,0,0,1
119,1,13.8,6.7,1,1,1,1,0
120,1,11.6,5.1,1,1,1,1,0
121,1,11.5,6.3,0,1,1,0,1
122,1,13.4,5.4,0,1,0,0,1
123,1,12.9,5.2,0,0,0,0,1
124,1,11.8,7.1,1,1,1,1,0
125,1,12.6,6.4,0,1,0,1,0
126,1,14.0,6.0,0,0,0,0,1
127,1,14.2,6.2,1,1,1,1,0
128,1,12.1,6.2,1,1,1,1,0
129,1,12.0,6.5,0,0,0,0,1
130,1,12.3,5.4,0,0,0,1,1
131,1,12.7,6.8,1,1,1,1,0
132,1,12.5,5.8,0,1,0,0,1
133,1,11.8,5.4,0,1,1,1,0
134,1,11.6,5.9,0,0,0,0,1
135,1,11.7,6.3,1,0,0,0,0
136,1,11.9,5.3,0,0,0,0,1
137,1,13.2,5.5,1,0,1,1,0
138,1,13.8,5.2,1,1,0,0,1
139,1,12.4,5.9,1,1,1,1,0
140,1,13.2,5.6,1,0,1,1,0
141,1,12.6,6.5,0,0,0,0,1
142,1,13.1,6.2,1,1,1,1,0
143,1,13.2,6.0,0,1,1,0,1
144,1,12.7,5.6,0,0,0,0,1
145,1,14.2,6.5,1,1,1,1,0
146,1,11.9,6.3,0,0,0,0,1
147,1,13.9,5.1,1,1,1,1,0
148,1,11.9,6.8,1,1,1,1,0
149,1,13.4,6.3,0,0,1,0,1
150,1,15.4,6.6,1,1,1,1,0
151,1,11.8,5.2,1,0,1,1,0
152,1,11.7,5.5,0,0,0,0,1
153,1,13.4,6.4,1,1,1,1,0
154,0,12.5,6.8,1,1,0,1,0
155,1,13.3,6.4,0,0,0,0,1
156,1,12.9,6.2,0,0,0,0,1
157,1,12.8,5.9,1,1,1,1,0
158,1,11.9,5.5,0,0,0,0,1
159,1,15.3,5.5,1,1,1,0,0
160,1,12.5,6.1,0,1,1,1,0
161,0,14.1,5.8,0,0,0,0,1
162,1,14.0,6.6,1,1,1,1,0
163,1,14.3,5.2,1,1,1,1,0
164,1,11.9,7.1,0,1,1,1,0
165,1,14.6,6.2,1,1,1,1,0
166,0,13.3,6.2,0,0,1,0,1
167,1,12.7,5.7,1,1,1,1,0
168,1,11.6,5.4,1,1,1,1,0
169,1,14.1,6.0,0,0,0,0,1
170,1,12.8,6.6,1,1,1,1,0
171,1,12.0,5.4,0,0,0,0,1
172,0,11.6,5.4,0,0,0,1,1
173,1,13.1,6.1,1,0,1,1,0
174,1,14.4,7.1,0,0,1,1,0
175,1,11.6,6.1,0,0,0,0,1
176,1,12.7,5.7,1,1,1,1,0
177,1,12.2,6.4,0,0,0,0,1
178,1,12.0,5.5,1,1,1,1,0
179,0,12.5,6.0,1,1,0,1,0
180,1,12.5,5.6,0,0,0,0,1
181,1,13.5,6.2,0,0,0,0,1
182,0,12.6,5.8,1,1,1,0,0
183,1,12.3,5.8,1,1,1,1,0
184,1,12.2,5.4,0,0,0,0,1
185,1,14.2,7.1,1,1,1,1,0
186,1,11.9,6.0,0,0,1,0,1
187,1,15.1,5.6,1,1,1,1,0
188,1,11.8,5.9,1,1,1,1,0
189,1,13.8,6.2,0,0,1,0,1
190,1,15.0,6.2,1,0,0,1,0
191,1,13.7,5.5,0,0,0,0,1
192,0,13.5,6.4,0,0,1,1,0
193,1,13.0,6.2,1,1,1,1,0
194,1,13.5,5.8,0,0,0,0,1
195,0,11.9,5.4,1,0,1,1,0
196,1,13.8,5.6,0,0,0,0,1
197,1,11.8,6.3,1,1,1,1,0
198,1,11.9,5.9,0,0,1,0,1
199,1,14.1,5.3,0,0,0,0,1
200,1,11.7,5.3,0,0,0,0,1
201,1,12.8,5.3,1,1,1,1,0
202,1,11.9,5.8,0,0,0,0,1
203,0,12.7,5.4,0,1,0,0,1
204,0,12.4,6.2,1,0,1,0,0
205,0,11.5,5.7,0,0,0,1,1
206,1,12.6,6.4,1,1,1,1,0
207,1,14.3,6.4,1,1,1,1,0
208,1,15.1,5.1,1,1,1,1,0
209,1,12.6,5.1,0,1,1,0,1
210,1,11.7,5.5,0,0,1,0,1
211,1,12.1,5.4,1,0,0,0,1
212,1,13.8,5.3,0,1,0,0,1
213,0,13.9,6.5,0,0,1,1,1
214,1,14.2,7.1,1,0,1,1,0
215,1,13.1,5.7,1,1,1,1,0
216,1,14.0,6.7,1,1,1,1,0
217,0,12.5,6.3,0,0,1,0,1
218,1,12.0,5.5,0,0,0,0,1
219,1,11.8,6.7,1,1,0,1,0
220,1,11.7,6.3,0,0,0,0,1
221,1,14.3,6.0,0,1,0,0,1
222,1,15.3,6.7,0,1,1,1,0
223,0,13.0,6.2,0,0,0,1,1
224,1,13.5,5.7,0,0,0,0,1
225,0,13.7,5.6,1,1,0,1,0
226,1,14.8,5.8,1,0,1,1,0
227,1,13.2,5.2,1,1,1,1,0
228,1,15.1,6.7,1,1,1,1,0
229,1,13.5,6.0,1,0,0,0,1
230,1,12.7,5.4,1,1,1,1,0
231,1,12.9,5.1,0,0,0,0,1
232,1,12.5,7.0,1,1,1,1,0
233,1,13.2,6.2,0,0,1,0,1
234,1,14.2,6.4,0,0,1,0,1
235,1,15.5,5.6,1,1,1,1,0
236,1,15.1,5.4,1,1,1,1,0
237,1,13.7,5.9,1,1,1,1,0
238,1,13.4,5.7,1,1,0,1,0
239,1,14.2,6.4,0,1,1,1,0
240,1,12.6,5.3,0,1,0,0,1
241,1,15.0,7.0,1,1,1,1,0
242,0,14.8,6.4,1,1,1,1,0
243,1,14.0,6.2,0,0,0,1,1
244,1,12.5,6.2,1,0,1,1,0
245,1,15.4,5.1,1,0,1,1,0
246,1,11.5,5.6,0,0,1,0,1
247,1,13.4,6.1,0,0,1,0,1
248,1,12.1,5.2,0,0,0,0,1
249,1,14.0,5.9,1,1,1,1,0
250,0,13.3,6.9,1,1,1,1,0
251,1,13.0,6.3,0,0,1,1,1
252,1,12.3,5.8,1,0,0,1,0
253,1,12.2,5.8,1,1,1,1,0
254,0,13.1,6.9,1,0,1,1,0
255,1,13.9,6.4,0,0,0,0,1
256,1,13.5,5.4,1,1,1,1,0
257,1,12.6,5.7,1,0,0,0,1
258,1,11.5,5.7,0,0,0,0,1
259,1,13.6,6.1,1,1,1,1,0
260,1,14.0,6.2,0,0,0,0,1
261,1,12.1,5.3,1,0,0,0,1
262,1,13.0,6.2,1,1,1,1,0
263,0,13.4,7.0,1,1,1,1,0
264,1,15.1,7.1,1,1,1,1,0
265,0,12.3,5.6,0,0,0,1,1
266,1,13.2,7.0,1,1,0,1,0
267,1,12.1,5.4,0,1,1,0,0
268,1,15.2,6.8,1,1,1,1,0
269,0,15.3,5.7,1,1,1,1,0
270,1,12.1,5.3,0,0,0,0,1
271,1,13.0,5.7,1,1,1,0,0
272,1,12.3,5.6,0,0,0,0,1
273,1,14.0,6.5,0,0,0,1,1
274,1,15.3,6.0,1,1,1,1,0
275,1,13.0,6.0,1,1,1,1,0
276,1,13.9,6.1,0,0,0,0,1
277,1,14.1,5.9,0,1,0,1,1
278,1,13.5,6.5,0,0,1,0,1
279,1,14.1,6.0,0,0,0,0,1
280,1,12.5,7.0,1,1,1,1,0
281,1,14.1,5.6,1,1,1,1,0
282,1,12.7,5.9,0,0,0,1,1
283,1,12.8,6.1,1,1,1,1,0
284,0,13.3,6.5,0,0,1,1,0
285,1,12.1,6.3,0,0,0,1,1
286,1,14.2,6.1,0,0,0,0,1
287,0,14.7,6.4,1,1,1,1,0
288,1,12.2,5.6,1,1,1,1,0
289,1,14.0,5.2,0,0,0,0,1
290,1,14.3,5.3,0,0,0,1,1
291,1,15.1,5.2,1,1,1,1,0
292,1,14.2,5.8,0,0,0,0,1
293,1,12.4,7.0,1,1,1,1,0
294,0,12.2,5.7,0,0,0,0,1
295,0,13.9,6.1,1,1,1,1,0
296,1,13.3,6.2,0,0,0,0,1
297,1,12.9,6.3,1,1,1,1,0
298,1,12.6,5.9,1,1,0,1,0
299,0,14.2,5.5,1,1,1,0,0
300,1,14.5,5.7,0,1,1,1,0
301,1,12.0,5.7,1,1,1,1,0
302,1,12.9,5.5,1,1,1,1,0
303,1,12.8,5.3,1,1,1,0,1
304,1,11.9,5.6,0,0,0,1,1
305,1,13.6,5.8,0,0,1,1,1
306,1,14.6,6.8,1,1,1,1,0
307,1,13.7,7.1,1,1,1,1,0
308,1,14.2,7.1,1,1,1,1,0
309,1,14.5,6.2,1,1,0,0,0
310,1,11.7,5.1,0,0,0,0,1
311,0,11.7,5.2,0,0,0,0,1
312,1,11.6,5.5,0,0,0,1,1
313,0,13.2,6.5,0,1,0,0,1
314,1,11.4,5.5,0,0,0,0,1
315,1,15.2,6.0,1,1,1,1,0
316,1,14.1,5.6,0,1,0,0,1
317,1,13.5,6.1,1,1,1,1,0
318,1,14.9,5.9,1,1,0,1,0
319,1,12.2,6.0,0,0,0,0,1
320,1,14.1,6.1,0,1,1,0,1
321,1,13.7,6.1,0,0,0,0,1
322,1,12.2,5.6,1,0,1,1,0
323,1,12.4,5.9,0,0,0,0,1
324,1,11.5,5.7,0,0,0,0,1
325,1,12.6,6.5,0,0,0,0,1
326,1,13.6,5.1,0,0,0,0,1
327,1,12.1,5.5,0,0,0,0,1
328,1,11.5,5.3,0,0,0,0,1
329,1,13.2,5.7,0,0,1,0,1
330,1,12.2,5.9,1,0,0,0,1
331,1,11.7,6.5,1,1,0,1,0
332,1,14.8,5.3,1,1,1,1,0
333,0,15.5,6.8,1,1,1,0,0
334,1,12.2,5.2,0,0,0,0,1
335,1,14.8,6.0,1,0,1,1,0
336,0,14.9,6.2,0,1,1,1,0
337,1,13.8,6.1,1,0,1,1,0
338,1,14.6,6.7,1,1,1,1,0
339,1,14.5,6.5,0,1,1,1,0
340,1,14.0,6.2,0,0,0,0,1
341,0,13.5,5.3,1,0,0,1,1
342,1,11.4,6.0,0,0,0,0,1
343,1,13.9,6.5,0,0,0,0,1
344,1,14.7,5.8,1,0,1,1,0
345,1,14.9,5.9,1,1,1,1,0
346,1,14.1,5.3,0,0,0,0,1
347,1,12.0,5.2,0,0,0,0,1
348,1,11.9,6.5,0,0,0,0,1
349,1,11.8,5.9,1,1,1,1,0
350,1,15.4,5.6,1,1,1,1,0
351,1,12.2,5.4,0,0,0,1,1
352,1,11.8,6.7,1,1,1,1,0
353,0,12.8,6.2,1,0,0,0,1
354,1,13.3,6.4,1,1,1,1,0
355,1,12.2,6.0,0,0,0,1,1
356,1,13.3,5.6,1,1,1,1,0
357,0,11.6,6.2,0,0,0,0,1
358,1,12.7,6.6,1,1,1,1,0
359,1,13.9,6.2,0,0,0,0,1
360,1,14.2,7.1,1,1,1,1,0
361,1,12.2,5.9,0,0,0,1,1
362,1,13.8,5.5,0,0,1,1,0
363,1,14.1,6.5,0,0,0,0,1
364,1,13.4,6.4,0,0,0,0,1
365,1,14.3,6.4,1,1,1,1,0
366,1,11.6,5.1,0,0,1,0,1
367,1,15.5,6.8,1,1,1,1,0
368,1,14.3,5.5,0,1,0,0,1
369,1,11.6,6.8,1,1,1,1,0
370,1,13.8,5.5,0,0,0,0,1
371,1,14.4,6.1,1,1,1,0,0
372,1,13.9,6.0,0,0,0,0,1
373,1,11.5,5.9,0,0,0,0,1
374,1,12.0,6.4,0,0,0,0,1
375,0,11.4,5.4,0,0,0,0,1
376,1,13.2,6.0,0,0,0,0,1
377,1,12.9,5.5,1,1,1,1,0
378,1,11.6,5.4,0,0,0,1,1
379,1,15.5,6.8,1,1,1,1,0
380,0,14.5,6.6,0,1,1,0,0
381,1,12.1,5.5,1,1,1,0,0
382,1,15.1,6.3,1,0,1,1,0
383,1,13.7,6.2,0,0,0,0,1
384,1,12.9,6.3,0,0,0,1,1
385,1,14.4,6.6,0,1,1,1,0
386,0,12.8,6.3,0,0,1,0,1
387,0,13.4,6.6,1,1,1,1,0
388,1,14.7,7.0,1,1,1,1,0
389,1,14.1,6.9,1,0,1,1,0
390,1,13.3,5.5,0,0,1,0,1
391,1,13.2,5.9,1,0,1,0,1
392,1,12.1,6.2,1,1,1,1,0
393,0,12.5,5.7,1,1,1,1,0
394,1,12.8,6.1,0,0,0,0,1
395,1,13.3,5.5,0,0,0,0,1
396,1,15.5,5.7,1,1,0,1,0
397,1,14.7,6.4,1,1,1,1,0
398,1,12.5,7.0,0,1,1,1,0
399,1,11.6,6.5,0,0,0,0,1
400,0,13.2,6.2,0,0,0,0,1
401,0,12.0,5.1,0,0,0,0,1
402,1,14.2,5.4,0,0,0,0,1
403,0,13.4,7.0,1,1,1,1,0
404,1,15.5,6.9,1,0,1,0,0
405,1,14.7,5.9,0,0,1,1,0
406,1,13.1,5.9,0,0,0,0,1
407,0,15.1,7.0,1,1,1,1,0
408,1,13.5,5.8,1,0,1,1,0
409,1,13.5,5.4,0,0,0,0,1
410,1,12.1,6.4,0,0,1,0,1
411,1,14.0,5.9,1,1,1,1,0
412,0,13.7,6.3,0,0,0,0,1
413,1,13.3,6.1,0,1,0,0,1
414,1,13.8,5.5,0,0,0,0,1
415,0,12.2,7.0,1,1,1,0,0
416,1,12.5,7.1,1,1,1,1,0
417,0,14.6,6.9,1,1,1,1,0
418,1,13.9,6.2,0,0,1,1,1
419,1,12.7,6.4,1,1,1,1,0
420,0,14.2,5.4,0,0,0,0,1
421,1,13.6,5.2,0,1,1,0,1
422,0,12.1,6.1,1,1,1,1,0
423,1,11.8,5.9,1,0,0,0,1
424,0,11.8,5.1,1,0,0,0,1
425,1,13.2,6.6,0,1,1,1,0
426,1,11.6,6.9,1,1,1,1,0
427,1,12.5,5.6,0,0,0,0,1
428,1,13.0,5.7,1,1,0,1,0
429,1,14.1,6.1,0,0,0,0,1
430,1,14.2,6.4,0,1,0,0,1
431,1,11.7,5.4,0,0,0,0,1
432,1,15.4,6.4,0,1,1,1,0
433,1,11.9,5.9,0,0,0,0,1
434,1,12.0,5.2,1,1,1,1,0
435,1,14.3,5.1,0,0,0,0,1
436,1,12.6,6.2,0,0,0,0,1
437,1,14.6,6.5,1,1,1,1,0
438,0,13.3,5.1,0,0,0,1,1
439,1,12.7,5.2,0,1,0,1,0
440,1,13.8,5.5,1,1,0,0,1
441,1,11.7,6.1,1,0,0,0,1
442,1,14.7,6.5,1,1,1,1,0
443,0,15.1,6.8,1,1,1,1,0
444,1,12.9,5.7,1,1,1,1,0
445,1,14.1,5.2,0,0,0,0,1
446,1,13.9,6.1,0,0,1,0,1
447,1,11.8,5.7,1,1,1,1,0
448,1,12.1,5.9,1,0,0,0,1
449,1,14.0,6.1,0,0,0,0,1
450,1,13.7,5.8,1,1,1,1,0
451,0,11.9,5.8,0,1,0,0,1
452,1,12.5,5.3,1,1,1,0,0
453,1,11.7,6.4,0,0,0,0,1
454,1,12.8,6.2,0,0,0,0,1
455,1,12.2,6.1,0,0,0,0,1
456,1,12.4,6.5,0,0,0,0,1
457,0,12.8,6.3,1,1,1,1,0
458,0,13.2,5.9,1,1,1,0,0
459,0,14.0,5.8,0,0,0,0,1
460,1,11.9,6.9,1,1,1,1,0
461,1,12.5,5.3,1,1,0,1,0
462,1,14.9,5.5,0,1,1,1,0
463,1,11.6,6.5,0,0,0,0,1
464,1,14.1,5.1,0,0,1,1,0
465,1,11.4,6.1,0,0,0,0,1
466,1,13.3,6.0,1,1,1,1,0
467,1,13.1,6.0,0,0,0,0,1
468,1,14.2,6.0,1,1,1,1,0
469,1,14.1,6.0,1,1,1,1,0
470,1,12.9,6.0,0,1,0,0,1
471,1,13.0,6.0,1,1,1,1,0
472,1,15.0,6.0,1,1,1,1,0
473,1,13.0,6.0,1,1,0,1,1
474,1,12.0,6.0,0,0,0,1,1
475,1,12.2,6.0,0,0,0,0,1
476,1,12.7,6.1,0,1,1,1,0
477,1,12.7,6.2,1,1,1,1,0
478,1,11.6,6.0,0,0,0,0,1
479,1,13.2,6.0,0,0,0,0,1
480,1,12.6,6.4,1,1,1,1,0
481,1,12.7,5.8,1,0,1,1,0
482,1,11.4,5.9,0,1,1,0,1
483,1,14.3,6.4,0,0,0,0,1
484,1,12.8,5.3,1,1,0,0,1
485,1,12.0,5.5,0,0,0,0,1
486,0,14.4,5.9,1,0,1,1,0
487,1,13.4,5.5,0,0,0,0,1
488,1,14.3,6.3,1,1,1,1,0
489,1,12.5,5.3,0,0,0,0,1
490,1,12.3,6.4,0,1,1,1,0
491,1,12.4,6.8,1,0,0,1,0
492,1,14.6,6.1,1,1,1,1,0
493,1,12.0,6.4,0,0,0,0,1
494,0,11.7,5.2,1,1,1,1,0
495,1,13.0,7.1,1,1,1,1,0
496,1,11.7,6.2,1,1,1,0,0
497,1,12.0,5.3,0,1,0,0,1
498,1,14.3,6.8,1,1,1,1,0
499,1,13.7,5.8,1,1,1,1,0
500,1,11.5,5.1,0,1,0,0,1
501,0,11.9,5.8,0,0,1,0,1
502,1,14.9,5.2,1,1,1,1,0
503,1,12.1,6.8,0,1,1,0,0
504,1,12.9,6.3,0,0,0,0,1
505,0,15.3,5.7,1,1,1,1,0
506,1,11.6,5.2,0,0,0,0,1
507,1,13.7,6.4,0,0,0,0,1
508,1,12.2,6.2,0,0,1,0,1
509,0,14.2,5.2,1,0,0,0,1
510,1,14.9,5.1,1,1,1,0,0
511,1,14.6,5.7,1,1,0,1,0
512,1,13.6,5.7,0,0,0,1,1
513,1,11.6,5.6,0,0,0,0,1
514,1,13.7,5.7,0,0,0,0,1
515,1,14.9,5.6,1,1,1,1,0
516,1,13.3,5.6,0,0,0,1,1
517,1,14.2,5.5,0,0,0,0,1
518,1,14.3,5.5,0,0,1,0,1
519,1,12.9,5.5,1,1,1,1,0
520,1,12.6,6.3,0,0,0,0,1
521,1,12.8,6.4,0,0,0,0,1
522,1,12.0,6.2,0,1,1,1,0
523,1,12.3,5.7,0,1,0,0,1
524,0,14.2,6.2,1,0,0,1,0
525,1,12.9,5.9,0,0,0,0,1
526,1,14.2,5.3,0,0,0,0,1
527,1,13.4,5.1,0,0,0,0,1
528,1,14.3,5.3,0,0,0,1,1
529,1,14.5,5.1,1,1,1,1,0
530,1,13.6,5.6,0,0,0,0,1
531,1,13.3,6.9,1,1,0,1,0
532,1,13.4,5.1,0,0,0,0,1
533,1,12.7,5.5,0,0,0,0,1
534,1,12.3,5.6,0,0,0,0,1
535,0,11.6,6.4,0,0,0,1,1
536,1,12.6,7.0,1,1,0,1,0
537,1,13.3,5.2,1,1,1,1,0
538,1,13.3,5.6,1,1,1,1,0
539,1,12.6,6.6,0,1,1,1,0
540,1,13.7,5.6,0,0,0,0,1
541,1,12.2,6.0,1,1,1,1,0
542,1,13.4,5.3,0,1,1,0,0
543,1,11.5,5.7,1,1,1,1,0
544,0,11.5,6.5,0,1,1,1,0
545,0,12.7,5.4,1,1,1,1,0
546,1,13.0,5.6,0,0,0,0,1
547,1,13.9,6.0,0,0,0,0,1
548,0,13.2,5.4,1,1,0,1,0
549,1,15.0,5.5,1,1,0,1,0
550,1,12.3,7.1,1,1,1,1,0
551,1,13.1,5.8,1,1,1,1,0
552,0,12.4,6.8,0,1,0,1,0
553,1,11.7,5.5,0,1,1,1,0
554,1,13.7,5.3,0,0,0,0,1
555,0,14.4,5.2,1,1,1,1,0
556,1,12.3,5.2,1,1,1,0,0
557,1,12.4,5.7,1,1,1,1,0
558,1,14.0,5.9,1,1,0,1,0
559,1,13.7,5.9,0,0,0,0,1
560,1,12.4,5.4,1,1,0,0,0
561,0,15.5,5.6,0,1,1,1,0
562,0,12.0,5.8,0,0,0,0,1
563,1,13.8,5.1,1,0,0,0,1
564,1,12.6,5.8,0,0,0,0,1
565,1,12.3,6.2,1,1,0,0,1
566,0,11.6,5.2,1,1,1,0,0
567,1,12.9,5.2,1,1,0,1,0
568,1,13.7,6.1,0,0,0,0,1
569,1,13.2,5.6,0,0,0,1,1
570,1,12.2,6.2,1,1,1,1,0
571,1,12.4,5.3,1,1,1,1,0
572,1,13.7,5.6,0,0,0,1,1
573,1,13.5,5.7,0,0,1,0,1
574,1,15.0,6.8,1,1,1,1,0
575,1,11.5,7.0,1,1,1,0,0
576,1,12.9,5.6,0,0,0,0,1
577,1,14.7,5.8,1,0,1,1,0
578,1,11.8,7.0,1,1,1,1,0
579,1,13.2,6.7,1,1,1,1,0
580,1,13.2,7.0,1,1,0,1,0
581,1,13.4,6.4,0,0,0,0,1
582,1,12.1,5.1,0,0,0,0,1
583,1,13.2,7.1,1,1,1,1,0
584,1,13.7,6.6,0,1,0,1,0
585,1,12.5,5.2,0,0,0,0,1
586,1,11.8,6.1,0,0,0,0,1
587,1,13.8,5.8,1,0,1,0,0
588,1,14.0,5.2,0,0,0,0,1
589,1,12.4,6.4,0,0,1,1,1
590,1,14.6,6.8,1,1,1,1,0
591,1,13.6,6.3,1,1,1,1,0
592,1,12.7,6.5,0,0,0,0,1
593,1,13.2,6.1,1,1,1,1,0
594,1,11.5,5.6,0,0,0,0,1
595,1,14.9,6.2,1,1,1,1,0
596,1,14.1,6.0,0,0,0,0,1
597,1,11.8,5.8,0,0,0,0,1
598,1,13.0,5.7,1,1,1,1,0
599,1,11.7,6.5,0,0,0,0,1
600,0,11.4,5.4,0,0,0,1,1
601,1,13.6,5.5,0,0,1,0,1
602,1,13.7,6.1,0,0,0,0,1
603,1,11.5,5.3,0,0,0,0,1
604,1,11.6,5.2,1,0,1,1,0
605,1,11.6,6.4,0,1,0,0,1
606,1,13.1,5.4,0,0,0,0,1
607,1,15.3,5.7,0,1,1,1,0
608,1,14.2,6.6,1,1,1,1,0
609,1,13.6,5.9,0,0,0,0,1
610,1,14.2,6.9,1,1,1,1,0
611,1,13.5,6.0,0,1,1,0,1
612,1,13.3,6.0,1,1,0,1,0
613,1,14.1,5.8,0,0,0,0,1
614,1,13.4,5.7,0,0,0,0,1
615,1,15.1,7.1,1,1,1,1,0
616,1,14.3,6.2,0,0,0,1,1
617,1,13.7,5.8,0,1,1,1,0
618,1,12.2,5.9,1,1,1,1,0
619,1,14.9,5.9,1,0,1,1,0
620,1,13.9,5.7,0,0,0,0,1
621,1,13.4,5.2,0,0,0,0,1
622,1,13.0,5.4,0,1,0,1,1
623,1,14.1,6.0,0,0,0,0,1
624,1,1.0,5.8,1,0,0,0,1
625,1,1.0,6.3,0,0,0,0,1
626,1,1.0,5.9,1,1,1,0,0
627,1,1.0,6.5,1,1,1,1,0
628,1,1.0,6.9,1,1,1,1,0
629,1,1.0,6.4,0,0,0,1,1
630,1,1.0,6.8,1,1,1,1,0
631,1,1.0,5.6,1,1,1,1,0
632,1,1.0,5.3,1,1,1,1,0
633,1,1.0,6.4,1,0,0,0,1
634,1,1.0,6.2,1,1,0,0,0
635,1,1.0,6.3,1,0,0,1,0
636,1,14.0,5.5,1,1,1,1,0
637,1,13.0,5.4,0,0,0,0,1
638,0,15.3,5.3,1,0,0,1,0
639,1,12.2,6.0,0,0,0,0,1
640,1,12.8,6.3,0,0,0,0,1
641,1,13.5,6.4,1,0,0,0,1
642,1,12.5,6.5,1,1,1,1,0
643,1,12.8,5.6,1,1,1,1,0
644,1,12.0,6.6,1,1,1,1,0
645,0,13.6,5.9,1,1,1,1,0
646,1,12.2,5.2,1,0,0,0,1
647,1,15.1,5.4,1,1,1,1,0
648,1,13.4,5.8,0,1,0,0,1
649,1,13.8,5.9,1,0,0,0,1
650,1,11.4,5.1,0,0,0,0,1
651,0,12.2,5.7,1,1,1,1,0
652,1,14.6,6.5,1,1,1,0,0
653,1,12.2,5.7,1,0,0,0,1
654,1,12.7,5.1,1,0,1,1,0
655,1,12.4,6.8,1,1,0,1,0
656,1,11.8,5.4,1,0,0,0,1
657,1,14.7,7.1,1,1,1,1,0
658,1,14.8,6.9,1,1,1,1,0
659,0,12.0,6.4,1,1,0,1,0
660,1,14.5,5.1,0,1,1,1,0
661,1,14.0,6.0,0,1,0,0,1
662,1,14.3,5.9,1,0,1,1,1
663,0,12.2,6.1,1,1,0,1,0
664,1,14.8,5.3,1,1,1,1,0
665,1,15.1,5.6,1,1,1,1,0
666,1,12.6,6.1,1,0,1,0,1
667,1,13.8,6.2,1,1,0,1,0
668,1,14.1,5.8,0,0,1,0,1
669,0,13.8,6.4,1,1,1,1,0
670,0,15.0,6.7,1,1,1,1,0
671,1,12.9,5.8,1,1,0,1,0
672,1,13.1,6.6,1,1,1,1,0
673,0,11.8,5.6,0,0,0,0,1
674,1,13.7,5.6,0,0,0,0,1
675,1,11.7,6.0,1,1,0,0,1
676,1,13.1,6.4,0,0,0,0,1
677,1,14.3,5.7,0,0,0,0,1
678,1,15.4,5.4,1,1,1,1,0
679,1,12.4,5.1,0,0,0,0,1
680,1,14.2,6.4,0,0,0,1,1
681,1,13.4,5.7,0,0,0,0,1
682,1,14.0,5.3,1,1,1,1,0
683,1,13.5,5.5,1,1,1,1,0
684,0,14.0,5.4,1,1,1,1,0
685,1,12.2,5.6,0,0,0,0,1
686,1,11.8,6.3,0,0,0,1,1
687,1,13.9,6.2,0,0,1,0,1
688,1,11.4,6.1,0,0,0,0,1
689,1,12.2,6.4,0,1,0,0,1
690,1,13.9,5.1,1,1,1,0,0
691,1,12.7,6.3,0,0,0,0,1
692,1,13.7,5.2,1,0,0,1,1
693,0,11.4,5.4,0,0,0,0,1
694,1,12.4,6.6,1,0,1,1,0
695,1,14.7,5.6,1,1,1,1,0
696,1,14.9,6.7,1,1,1,1,0
697,1,12.8,5.7,1,0,0,0,1
698,1,13.7,6.1,0,0,0,0,1
699,1,13.2,7.0,1,1,1,1,0
700,1,14.0,5.6,0,0,0,0,1
701,1,12.3,6.3,1,1,1,1,0
702,1,12.7,5.8,1,1,1,1,0
703,1,11.9,6.0,0,0,0,0,1
704,1,13.9,5.1,0,0,0,0,1
705,1,13.9,6.3,0,0,0,0,1
706,0,15.2,5.6,1,1,1,1,0
707,1,11.5,6.7,1,1,0,1,0
708,1,13.1,5.3,1,1,1,1,0
709,1,14.4,5.3,1,1,1,1,0
710,1,14.2,5.9,0,0,0,0,1
711,1,13.2,6.9,1,0,1,1,0
712,1,14.4,6.4,1,1,1,1,0
713,1,14.1,5.7,0,0,0,0,1
714,1,13.7,5.3,0,0,0,0,1
715,1,12.2,5.3,0,0,0,0,1
716,0,14.9,5.9,1,1,1,1,0
717,1,13.3,6.1,1,1,1,1,0
718,1,14.7,7.0,0,0,1,1,0
719,1,14.8,5.9,1,1,0,0,0
720,1,14.8,6.0,1,1,1,1,0
721,1,13.1,6.7,1,0,0,1,0
722,1,12.5,5.7,0,0,0,0,1
723,1,13.8,7.0,1,1,1,1,0
724,0,12.9,6.2,0,0,0,0,1
725,1,13.0,5.4,1,1,1,0,0
726,1,14.3,6.2,1,1,0,1,0
727,1,12.0,6.3,1,1,1,0,0
728,1,13.1,6.5,1,1,1,1,0
729,0,15.5,6.3,1,0,0,1,0
730,1,12.1,5.9,1,1,1,1,0
731,1,12.1,5.2,1,0,0,0,1
732,1,12.1,6.3,0,0,1,0,1
733,1,11.7,6.0,0,0,0,0,1
734,1,11.5,6.5,0,0,0,0,1
735,0,12.6,6.1,1,1,1,1,0
736,0,13.2,6.3,0,0,0,0,1
737,1,11.7,5.9,0,0,0,0,1
738,1,12.0,6.1,1,1,1,1,0
739,1,14.2,5.2,1,1,1,1,0
740,0,13.8,6.5,1,1,1,0,0
741,0,13.8,6.8,1,1,1,1,0
742,1,11.7,6.5,0,0,0,0,1
743,1,14.9,6.6,1,1,0,1,0
744,1,12.0,6.9,0,1,1,1,0
745,1,11.8,6.4,0,0,0,0,1
746,1,14.1,5.8,0,0,0,0,1
747,0,13.6,5.9,0,1,0,0,1
748,0,14.8,5.4,0,0,1,1,0
749,1,11.8,6.4,0,1,0,0,1
750,1,11.8,5.4,1,0,1,1,0
751,0,13.9,6.1,0,0,0,0,1
752,1,12.6,5.4,0,0,0,0,1
753,1,12.8,6.5,0,0,1,0,1
754,1,11.7,5.7,0,0,0,0,1
755,1,11.7,5.7,1,0,0,0,1
756,1,13.7,5.8,0,0,1,0,1
757,1,12.8,7.1,1,1,1,0,0
758,1,12.3,6.2,0,0,1,0,1
759,1,11.9,5.5,0,1,0,1,0
760,1,12.9,6.5,0,0,0,0,1
761,1,12.2,6.0,0,1,0,0,1
762,1,12.6,5.1,0,1,1,1,0
763,1,14.3,6.1,0,0,0,0,1
764,1,14.7,5.6,1,1,1,1,0
765,1,14.9,6.6,1,1,1,1,0
766,1,11.4,5.6,0,0,0,0,1
767,1,15.3,6.2,1,0,1,1,0
768,1,13.9,6.8,1,1,1,1,0
769,1,15.5,6.8,1,1,1,1,0
770,0,12.9,6.0,0,0,0,0,1
771,1,11.7,6.4,1,0,0,1,1
772,1,14.3,6.2,0,0,0,0,1
773,1,11.7,5.3,0,0,0,1,1
774,1,11.8,5.5,0,1,0,1,1
775,0,15.0,6.3,1,1,1,1,0
776,1,12.5,5.9,1,1,1,1,0
777,1,12.2,5.8,1,0,1,0,0
778,1,12.6,5.2,0,0,0,0,1
779,0,13.9,5.9,1,1,1,1,0
780,0,11.9,6.3,1,1,0,1,0
781,0,12.3,5.5,0,0,0,0,1
782,1,11.9,6.8,0,1,1,1,0
783,0,12.6,5.4,0,0,0,0,1
784,1,12.2,5.2,1,0,1,1,0
785,1,14.1,6.1,0,0,0,1,1
786,1,12.9,7.1,1,1,1,1,0
787,1,13.5,5.4,1,1,1,1,0
788,1,12.6,5.7,0,0,0,0,1
789,1,13.5,5.6,1,0,0,0,1
790,1,13.2,7.0,1,0,1,0,0
791,1,13.5,6.4,1,0,1,0,1
792,1,12.3,5.9,0,0,0,0,1
793,1,13.3,6.4,1,0,1,0,0
794,1,11.7,5.4,1,1,1,1,0
795,1,11.5,6.3,0,1,1,1,0
796,1,14.2,6.4,1,0,1,1,0
797,1,13.8,5.9,1,1,1,1,0
798,1,11.5,5.3,0,0,0,0,1
799,1,11.5,5.9,0,0,1,0,1
800,1,13.0,5.9,0,0,1,0,1
801,1,12.2,5.2,0,0,0,0,1
802,1,14.4,5.3,1,1,1,1,0
803,1,14.2,5.8,1,1,1,0,0
804,1,13.9,6.2,1,1,1,1,0
805,0,13.1,6.1,0,0,0,0,1
806,1,13.2,5.9,1,0,0,0,1
807,1,13.1,6.6,1,1,0,1,0
808,1,12.0,6.5,0,0,0,0,1
809,1,13.3,6.3,0,0,0,0,1
810,1,13.4,5.1,0,0,0,0,1
811,1,11.5,5.1,0,0,0,0,1
812,1,13.8,5.1,0,0,1,0,1
813,1,13.3,5.4,0,0,0,0,1
814,1,13.1,6.1,0,0,1,0,1
815,1,15.2,6.4,1,1,1,1,0
816,1,11.9,6.3,1,1,1,0,0
817,1,12.7,6.3,0,0,0,0,1
818,1,13.7,6.4,0,0,0,0,1
819,1,13.0,5.8,0,0,0,0,1
820,1,12.4,6.6,1,1,1,1,0
821,1,12.2,5.2,0,1,1,1,0
822,1,12.4,5.7,0,0,0,0,1
823,1,12.3,6.0,1,0,0,0,1
824,1,14.1,5.4,1,1,0,1,0
825,1,11.5,6.2,0,1,0,0,1
826,1,13.3,5.5,0,0,0,0,1
827,1,12.9,5.3,0,0,0,0,1
828,1,13.5,6.4,1,1,1,1,0
829,0,12.9,6.2,0,0,0,0,1
830,1,12.8,5.6,0,0,0,0,1
831,1,12.6,5.2,0,1,1,0,1
832,1,12.0,7.1,1,1,1,1,0
833,1,11.6,5.5,0,0,0,0,1
834,1,12.3,6.9,1,1,1,1,0
835,1,13.4,6.1,1,1,1,1,0
836,1,15.1,6.6,1,1,1,1,0
837,1,13.5,5.9,0,1,0,0,1
838,1,13.6,5.5,0,0,0,0,1
839,1,12.4,6.8,1,1,1,0,0
840,1,12.4,6.4,1,1,1,1,0
841,1,12.8,6.6,1,1,1,1,0
842,1,12.5,5.6,0,1,0,0,1
843,1,12.8,5.3,0,1,0,0,1
844,1,12.0,6.3,0,0,0,0,1
845,1,13.3,6.1,1,1,1,1,0
846,0,13.6,5.7,1,1,1,1,0
847,1,11.8,6.0,1,1,1,1,0
848,1,12.6,6.7,1,1,1,1,0
849,1,13.8,5.8,0,1,1,0,0
850,1,12.0,5.5,0,0,0,0,1
851,1,12.0,5.2,0,1,0,0,1
852,0,15.3,6.8,1,1,1,1,0
853,1,14.3,5.9,0,0,0,0,1
854,1,12.3,5.8,0,0,0,0,1
855,1,15.0,5.6,1,1,1,1,0
856,1,13.5,6.5,1,1,1,1,0
857,1,13.2,6.2,1,1,1,0,0
858,1,11.5,6.4,0,0,0,0,1
859,1,14.6,5.3,1,1,1,1,0
860,1,14.3,6.5,0,1,0,0,1
861,1,11.4,5.5,0,0,0,0,1
862,1,12.7,5.3,0,0,0,1,1
863,1,11.4,6.4,0,1,0,0,1
864,1,14.6,6.9,1,1,1,1,0
865,1,11.5,5.5,1,1,1,1,0
866,1,12.7,5.6,0,1,0,0,1
867,1,11.5,6.0,1,0,0,0,1
868,1,12.2,5.1,0,0,0,0,1
869,1,14.2,5.3,1,1,1,0,0
870,1,11.7,5.2,0,0,0,0,1
871,1,12.5,5.8,0,0,0,0,1
872,1,13.5,5.4,0,1,0,0,0
873,1,11.5,6.5,0,0,0,0,1
874,1,13.8,5.7,0,0,0,0,1
875,1,11.6,5.8,1,1,1,1,0
876,1,13.1,6.1,0,0,0,0,1
877,0,13.7,5.8,1,1,1,1,0
878,1,11.8,6.0,0,0,1,0,1
879,1,13.4,6.5,1,1,0,1,0
880,1,12.5,6.7,1,1,1,1,0
881,0,14.9,6.0,1,1,1,1,0
882,1,15.4,7.1,1,1,1,1,0
883,1,15.3,6.4,1,1,0,1,0
884,1,13.4,5.4,0,0,0,0,1
885,1,14.0,6.5,0,0,0,0,1
886,1,14.3,6.0,1,1,1,1,0
887,1,13.3,6.3,1,1,0,0,1
888,1,11.8,5.7,1,1,1,1,0
889,1,15.2,6.6,1,1,1,1,0
890,1,11.5,6.2,1,0,1,1,0
891,1,14.7,5.7,0,1,1,1,0
892,1,11.7,5.9,0,0,1,0,1
893,1,13.3,5.4,1,1,1,1,0
894,1,14.1,5.7,1,1,1,1,0
895,1,13.0,5.4,0,0,0,0,1
896,1,13.0,6.3,0,0,0,1,1
897,1,14.6,5.3,0,0,1,1,0
898,1,15.1,6.5,1,1,1,1,0
899,1,13.7,5.8,0,0,0,0,1
900,1,13.5,6.1,0,0,0,0,1
901,0,12.9,5.7,0,0,0,0,1
902,1,13.3,6.2,0,0,0,0,1
903,1,12.2,6.2,0,0,0,0,1
904,1,13.1,5.1,0,1,0,0,1
905,1,12.5,6.0,1,1,0,1,0
906,1,13.4,5.5,0,0,0,0,1
907,1,14.3,6.7,0,1,1,1,0
908,1,12.8,7.0,0,1,1,1,0
909,1,12.4,5.3,0,1,0,0,1
910,1,13.0,5.1,0,0,0,0,1
911,1,13.7,6.8,1,1,1,1,0
912,1,13.4,5.1,0,0,0,0,1
913,0,12.0,6.2,0,1,0,0,1
914,1,13.5,6.1,0,0,0,0,1
915,1,11.6,6.5,0,0,0,0,1
916,1,15.1,6.1,1,1,1,1,0
917,1,15.0,6.0,1,1,1,0,0
918,1,12.1,5.1,1,0,0,0,1
919,1,14.1,5.3,0,1,0,1,1
920,0,14.1,6.1,0,0,0,0,1
921,1,12.3,6.4,1,1,1,1,0
922,1,13.1,5.8,0,0,0,1,1
923,1,14.6,6.8,1,1,0,1,0
924,1,11.8,6.1,1,0,1,1,0
925,0,15.5,6.4,1,0,1,1,0
926,1,12.0,6.1,0,0,0,0,1
927,0,12.0,5.5,0,0,0,0,1
928,0,14.7,6.5,1,1,1,1,0
929,1,12.2,6.4,1,1,1,1,0
930,1,15.5,5.3,1,1,1,1,0
931,1,11.4,5.1,0,0,0,0,1
932,1,12.4,5.9,1,1,1,1,0
933,1,11.5,6.3,1,1,0,1,0
934,1,12.4,6.0,0,0,0,1,1
935,1,12.6,6.5,1,1,0,1,0
936,1,13.2,6.9,1,1,1,1,0
937,1,12.6,6.0,1,1,1,1,0
938,1,12.1,5.9,0,0,0,0,1
939,1,12.1,5.9,0,0,0,0,1
940,1,14.1,6.4,1,1,0,0,1
941,1,12.4,6.2,0,0,0,0,1
942,1,12.2,5.7,1,1,0,1,0
943,1,14.5,7.1,1,1,1,0,0
944,0,12.1,6.1,0,0,0,0,1
945,1,13.7,5.7,0,0,0,0,1
946,1,11.9,5.6,1,1,0,0,1
947,1,11.6,6.8,1,1,1,0,0
948,0,14.2,5.8,0,0,0,0,1
949,1,12.9,6.4,0,0,0,1,1
950,1,13.2,7.1,1,1,1,1,0
951,0,13.9,5.4,0,0,0,0,1
952,1,13.2,7.0,1,1,1,1,0
953,1,11.7,6.0,1,1,1,1,0
954,0,14.1,5.5,1,0,0,0,1
955,1,12.3,5.8,1,0,0,0,1
956,1,13.9,5.1,1,1,1,1,0
957,0,12.0,5.8,0,0,0,0,1
958,1,12.7,6.5,1,1,1,0,0
959,1,14.6,5.4,0,1,1,0,0
960,1,12.3,6.3,0,0,0,0,1
961,1,12.5,7.0,1,0,0,1,0
962,1,13.2,6.1,0,0,0,0,1
963,1,13.5,5.3,0,0,0,0,1
964,0,13.8,6.1,1,1,0,1,0
965,1,13.2,6.3,1,1,0,1,0
966,1,13.0,7.0,1,1,1,1,0
967,1,13.5,6.0,1,1,1,1,0
968,1,14.0,7.0,1,1,0,1,0
969,1,14.2,6.2,0,1,0,0,1
970,1,14.3,6.5,0,0,0,0,1
971,1,12.8,6.1,0,0,0,1,1
972,1,15.0,6.6,1,1,1,0,0
973,1,15.1,5.6,1,1,0,1,0
974,1,12.0,6.2,0,0,0,0,1
975,1,13.3,6.0,0,0,0,0,1
976,1,13.3,6.3,0,1,0,0,1
977,1,11.9,5.7,0,0,0,0,1
978,0,13.2,6.3,1,1,1,1,0
979,1,13.3,5.9,0,1,1,1,0
980,0,11.7,7.0,1,1,1,0,0
981,1,13.8,7.0,1,1,1,1,0
982,1,13.3,6.2,1,0,1,0,0
983,1,12.1,5.8,0,1,0,0,1
984,1,14.3,6.1,1,1,1,1,0
985,0,14.5,6.5,1,1,1,1,0
986,1,11.5,6.4,1,1,1,1,0
987,1,12.8,6.2,1,1,1,1,0
988,1,13.1,5.3,1,1,0,1,0
989,0,13.4,5.3,1,1,1,1,0
990,1,12.6,6.5,0,0,0,0,1
991,1,11.6,6.2,0,0,0,0,1
992,1,11.7,6.0,0,0,0,0,1
993,1,13.9,5.5,1,0,0,0,1
994,1,13.8,5.3,1,1,1,1,0
995,1,12.5,6.0,0,1,0,0,1
996,1,13.6,5.3,0,1,0,1,0
997,0,12.7,6.0,0,0,0,1,1
998,1,14.1,5.3,0,0,0,0,1
999,1,12.1,6.2,1,1,1,0,0
1000,1,14.9,6.0,1,1,1,1,0
1001,1,14.2,5.7,1,1,1,1,0
1002,1,13.4,6.1,1,1,1,1,0
1003,0,13.5,6.4,1,1,1,1,0
1004,1,13.4,5.4,1,0,0,0,1
1005,1,14.1,6.3,0,0,0,0,1
1006,1,12.5,5.2,0,0,0,0,1
1007,1,14.0,6.3,1,1,0,0,1
1008,1,13.4,6.4,0,0,0,0,1
1009,1,14.6,6.1,1,1,1,1,0
1010,1,12.6,6.2,0,0,0,0,1
1011,1,14.1,5.2,0,0,0,0,1
1012,1,11.8,6.7,1,0,1,1,0
1013,1,14.9,6.5,1,1,0,1,0
1014,1,15.1,6.1,1,1,1,1,0
1015,1,15.4,7.0,1,1,1,1,0
1016,0,13.6,5.7,1,1,1,1,0
1017,0,13.0,5.3,1,1,1,1,0
1018,1,14.3,5.6,1,1,1,1,0
1019,1,13.9,6.4,0,0,0,1,1
1020,1,12.4,5.1,1,1,1,1,0
1021,1,11.9,5.3,0,0,0,0,1
1022,1,14.8,6.2,1,1,1,1,0
1023,1,13.0,5.5,1,1,1,1,0
1024,0,12.8,7.1,0,0,1,1,0
1025,0,11.4,6.5,0,0,0,0,1
1026,1,13.8,6.2,1,1,1,1,0
1027,1,11.7,5.9,0,0,0,1,1
1028,1,11.5,5.9,1,1,1,1,0
1029,0,14.0,6.3,1,1,1,0,0
1030,1,12.9,6.3,1,1,1,1,0
1031,1,12.6,6.6,1,1,1,1,0
1032,1,11.6,5.3,0,0,0,1,1
1033,1,13.0,6.3,1,1,1,0,0
1034,1,12.1,6.4,1,1,0,1,0
1035,1,12.0,6.1,0,0,0,0,1
1036,1,11.5,5.3,0,0,0,0,1
1037,1,15.5,6.8,1,1,1,1,0
1038,1,13.8,6.3,0,0,0,0,1
1039,1,13.9,6.3,1,1,0,0,0
1040,1,13.4,6.9,0,0,1,1,0
1041,0,14.3,5.9,1,1,1,0,0
1042,1,12.9,5.7,0,0,0,0,1
1043,1,13.4,6.4,0,1,0,0,1
1044,1,11.7,6.3,0,0,0,0,1
1045,1,13.6,6.2,1,1,1,0,0
1046,1,13.4,6.1,1,0,0,0,1
1047,1,13.7,5.2,0,1,0,0,1
1048,1,14.2,5.6,1,1,1,1,0
1049,1,12.1,5.9,0,1,0,0,1
1050,1,13.5,6.2,1,1,1,1,0
1051,1,14.2,6.0,0,0,0,0,1
1052,1,14.7,6.9,1,1,1,0,0
1053,1,13.4,6.4,1,0,0,0,1
1054,0,12.8,5.7,1,1,0,1,0
1055,1,14.7,5.1,1,1,1,1,0
1056,1,13.2,5.9,1,1,1,1,0
1057,1,12.3,6.6,1,1,1,1,0
1058,1,14.0,5.8,1,1,1,1,0
1059,0,13.8,5.8,1,1,1,1,0
1060,1,15.5,6.5,1,1,1,1,0
1061,1,12.6,6.6,1,1,1,1,0
1062,1,15.2,7.0,1,1,1,1,0
1063,1,14.3,5.4,0,0,0,0,1
1064,1,14.8,5.1,1,1,1,1,0
1065,1,12.6,5.6,0,0,1,1,1
1066,1,13.6,6.1,0,0,0,0,1
1067,1,15.0,7.0,1,1,1,1,0
1068,0,12.1,6.3,0,0,0,0,1
1069,0,13.4,6.2,0,1,1,1,0
1070,1,12.2,6.5,1,0,1,1,0
1071,1,12.7,5.8,1,1,0,1,1
1072,1,13.1,5.9,1,1,0,1,0
1073,1,14.6,6.9,1,1,1,1,0
1074,1,14.7,6.3,1,1,1,0,0
1075,0,15.5,5.5,1,1,1,1,0
1076,0,14.9,6.6,1,1,1,1,0
1077,1,14.3,5.2,1,1,1,1,0
1078,1,11.9,6.3,0,1,1,1,0
1079,1,13.6,5.5,1,1,1,1,0
1080,1,14.0,5.9,0,0,0,0,1
1081,1,12.4,5.7,0,0,0,0,1
1082,1,11.9,6.1,1,1,1,1,0
1083,1,14.2,5.1,1,0,1,1,0
1084,1,11.9,6.4,1,1,1,1,0
1085,1,13.3,5.9,1,1,1,1,0
1086,1,12.0,6.6,1,1,1,1,0
1087,1,13.9,6.5,1,1,1,1,0
1088,1,13.8,6.5,1,1,1,1,0
1089,1,14.0,6.0,0,0,0,0,1
1090,1,12.0,5.9,0,0,0,0,1
1091,1,14.1,6.5,1,0,1,1,0
1092,0,11.7,5.4,0,0,0,0,1
1093,1,13.0,5.4,0,0,0,0,1
1094,1,11.4,6.0,0,0,0,0,1
1095,1,12.7,5.5,0,1,1,0,1
1096,1,12.7,5.4,0,1,1,1,0
1097,1,13.9,5.2,1,0,0,0,1
1098,1,14.6,5.2,1,1,1,1,0
1099,0,13.6,5.5,0,0,0,0,1
1100,1,11.8,5.1,0,0,0,0,1
1101,1,12.1,5.9,0,0,0,0,1
1102,1,14.3,5.1,1,0,1,1,0
1103,1,15.4,6.9,1,1,0,1,0
1104,1,11.9,5.5,0,0,0,0,1
1105,1,14.0,7.0,1,0,0,1,0
1106,1,13.1,5.1,0,1,0,0,1
1107,1,11.7,5.2,0,1,0,1,0
1108,1,12.2,6.5,1,1,1,1,0
1109,1,15.2,7.1,1,1,1,1,0
1110,1,13.2,5.2,1,0,0,0,1
1111,1,15.4,5.2,1,1,1,0,0
1112,1,12.1,6.1,1,1,1,0,0
1113,1,14.0,5.6,0,0,0,0,1
1114,1,13.3,5.8,0,0,0,0,1
1115,1,12.9,5.6,0,0,0,0,1
1116,1,11.7,6.0,1,1,1,1,0
1117,1,15.2,6.8,1,1,1,1,0
1118,1,12.6,6.4,0,0,0,0,1
1119,1,12.5,6.0,0,0,0,0,1
1120,1,11.5,6.0,0,1,0,0,1
1121,1,12.3,5.2,1,1,1,1,0
1122,1,13.6,5.2,0,0,0,0,1
1123,1,13.1,6.4,1,1,1,1,0
1124,1,11.6,6.5,1,1,1,1,0
1125,0,13.5,7.1,1,1,1,1,0
1126,1,12.1,5.4,0,0,0,0,1
1127,0,15.2,5.4,1,1,1,1,0
1128,1,11.9,5.9,0,0,1,0,1
1129,1,11.4,5.1,0,0,1,0,1
1130,1,11.9,6.9,1,1,1,1,0
1131,0,11.8,7.0,1,1,1,0,0
1132,1,13.6,5.1,1,0,1,1,0
1133,1,11.9,6.1,1,1,1,0,0
1134,1,13.3,5.9,0,0,0,0,1
1135,1,13.9,5.1,1,1,0,0,1
1136,1,12.6,6.8,1,1,0,1,0
1137,1,12.1,6.1,1,1,1,1,0
1138,0,14.0,5.1,1,1,1,1,0
1139,1,12.4,5.8,0,0,0,0,1
1140,1,12.3,5.9,0,0,0,0,1
1141,1,14.0,6.3,1,1,1,1,0
1142,1,12.7,5.9,1,1,1,1,0
1143,1,13.8,6.3,1,1,1,1,0
1144,1,13.0,5.7,1,1,1,1,0
1145,0,14.0,5.9,1,1,1,1,0
1146,1,14.3,6.4,0,0,0,0,1
1147,1,11.9,5.9,0,1,1,1,0
1148,1,14.4,7.1,1,1,1,1,0
1149,1,13.5,6.3,0,0,0,1,1
1150,1,12.2,7.1,0,1,1,1,0
1151,1,11.9,5.8,1,1,1,0,0
1152,0,13.2,6.3,0,0,0,1,1
1153,1,14.5,5.7,1,1,1,1,0
1154,1,13.0,6.0,0,0,0,0,1
1155,1,12.0,6.1,1,1,1,1,0
1156,1,12.6,6.1,0,1,0,0,1
1157,1,15.4,5.2,1,1,1,1,0
1158,1,12.8,5.5,0,0,0,0,1
1159,1,12.9,5.7,0,0,0,0,1
1160,0,15.3,5.9,1,1,1,1,0
1161,0,14.0,5.5,0,0,0,0,1
1162,1,11.8,6.0,0,0,0,0,1
1163,1,12.8,5.2,0,1,0,0,1
1164,1,14.8,5.2,1,1,1,0,0
1165,1,14.4,6.5,1,1,0,1,0
1166,0,13.1,5.9,0,0,0,0,1
1167,0,13.9,6.0,0,0,0,0,1
1168,1,11.7,5.2,0,0,0,0,1
1169,1,13.2,5.1,1,1,1,0,0
1170,1,12.9,6.1,0,0,0,0,1
1171,0,13.3,6.0,1,1,1,1,0
1172,1,13.0,6.5,0,0,0,0,1
1173,1,13.5,5.7,0,0,0,0,1
1174,1,11.7,5.7,1,1,1,1,0
1175,1,12.2,5.5,0,0,0,1,1
1176,1,13.2,6.1,0,0,0,0,1
1177,1,12.7,6.0,0,0,0,0,1
1178,1,13.3,5.4,0,1,0,0,1
1179,1,12.3,6.5,0,0,0,0,1
1180,1,12.8,5.1,0,0,0,0,1
1181,1,11.4,6.0,0,1,0,0,1
1182,1,11.6,5.9,0,0,0,0,1
1183,0,14.1,6.7,1,1,1,1,0
1184,1,13.8,5.5,1,1,1,1,0
1185,0,12.5,6.2,0,0,0,0,1
1186,1,13.2,5.2,1,1,1,1,0
1187,1,14.1,5.7,0,0,0,0,1
1188,0,13.0,5.5,1,0,1,0,0
1189,1,14.0,5.7,0,0,0,0,1
1190,1,14.1,6.1,0,0,0,0,1
1191,1,13.7,5.8,1,1,1,1,0
1192,1,14.2,6.5,0,0,1,0,1
1193,0,12.5,6.4,0,0,0,0,1
1194,1,12.8,5.7,0,0,0,1,1
1195,1,11.5,5.4,0,0,0,0,1
1196,1,12.4,6.6,1,1,1,1,0
1197,1,14.3,6.5,1,1,1,1,0
1198,1,14.5,6.5,0,1,1,1,0
1199,1,11.9,5.2,0,0,0,1,1
1200,1,15.5,5.3,0,1,1,1,0
1201,1,12.2,5.1,1,1,1,0,0
1202,1,11.6,5.6,0,0,0,0,1
1203,1,14.9,5.3,1,1,1,1,0
1204,1,11.6,6.0,0,0,0,0,1
1205,1,12.1,6.0,1,1,1,1,0
1206,1,13.6,6.2,0,0,0,1,1
1207,1,11.8,6.3,0,0,0,0,1
1208,1,11.6,5.1,1,1,1,0,0
1209,1,11.8,6.9,1,0,1,0,0
1210,0,12.3,6.4,0,0,0,0,1
1211,1,13.6,6.5,0,1,1,0,1
1212,1,14.6,6.5,1,1,1,1,0
1213,1,13.1,5.3,0,1,0,1,1
1214,1,15.1,7.0,1,1,1,1,0
1215,1,13.8,6.2,1,1,1,1,0
1216,1,13.3,5.4,1,0,0,0,1
1217,1,11.7,5.4,0,0,0,0,1
1218,1,12.1,6.3,1,1,1,1,0
1219,0,13.0,5.1,0,0,1,1,0
1220,1,13.2,5.7,0,1,1,1,0
1221,1,14.1,6.4,0,0,1,1,1
1222,1,14.5,6.8,0,1,1,1,0
1223,1,14.0,5.6,0,0,1,1,1
1224,1,11.9,5.9,0,0,0,0,1
1225,1,12.7,5.9,0,1,0,0,1
1226,1,12.4,5.4,0,0,0,0,1
1227,1,12.2,6.1,1,1,1,1,0
1228,0,14.1,5.8,0,0,0,0,1
1229,1,13.1,6.3,0,1,1,0,0
1230,1,15.0,6.5,1,1,1,1,0
1231,1,11.7,5.1,1,1,1,1,0
1232,1,12.6,5.8,1,0,1,1,0
1233,1,11.9,6.0,0,0,0,0,1
1234,1,13.6,5.8,0,0,0,0,1
1235,1,11.6,6.5,0,0,0,0,1
1236,0,14.0,6.4,1,0,0,0,1
1237,1,11.5,6.6,1,1,1,1,0
1238,1,14.0,6.0,0,1,1,1,0
1239,1,14.1,5.8,1,1,1,1,0
1240,1,13.0,5.5,1,1,1,1,0
1241,1,12.7,5.9,0,0,1,0,1
1242,1,13.4,6.0,0,0,1,0,1
1243,1,12.9,5.5,0,1,1,1,0
1244,1,14.5,6.0,1,1,1,1,0
1245,1,13.3,5.1,0,0,0,0,1
1246,1,13.3,6.5,0,0,0,0,1
1247,1,14.3,5.2,0,0,0,0,1
1248,1,12.7,6.1,0,0,0,0,1
1249,1,13.8,5.8,0,1,0,0,1
1250,1,12.7,5.6,1,0,1,1,0
1251,1,11.8,5.5,1,0,0,0,1
1252,1,11.7,5.4,0,0,0,0,1
1253,1,12.0,5.5,0,1,0,0,1
1254,1,12.7,6.5,1,1,1,1,0
1255,1,14.5,6.7,0,1,1,1,0
1256,1,15.2,5.1,0,1,1,1,0
1257,1,14.4,5.1,0,1,1,1,0
1258,1,13.0,5.7,0,0,0,1,1
1259,1,12.0,5.3,0,0,0,0,1
1260,1,15.2,5.8,1,1,1,1,0
1261,1,13.8,6.3,0,0,0,1,1
1262,1,13.5,6.3,1,0,1,0,1
1263,1,12.8,5.3,0,0,0,0,1
1264,0,11.6,6.4,0,0,0,1,1
1265,0,14.8,5.1,1,1,1,1,0
1266,1,12.6,5.7,1,1,1,1,0
1267,1,13.1,5.4,0,0,0,1,1
1268,1,12.8,5.2,1,1,1,0,0
1269,0,15.5,5.5,1,1,1,1,0
1270,1,12.6,7.1,1,1,1,1,0
1271,1,11.4,5.6,0,1,0,1,1
1272,1,13.8,5.1,1,1,1,1,0
1273,1,15.0,7.0,1,1,1,1,0
1274,1,12.9,6.5,1,1,0,1,0
1275,1,13.8,6.0,0,1,0,0,1
1276,1,11.7,5.6,0,0,0,0,1
1277,0,14.1,5.3,0,0,0,0,1
1278,1,14.7,6.2,1,1,1,1,0
1279,1,13.3,6.3,1,1,1,1,0
1280,1,12.0,6.1,1,1,1,1,0
1281,1,14.9,6.8,1,1,1,1,0
1282,0,12.1,6.4,1,1,1,1,0
1283,1,15.0,6.6,1,1,1,1,0
1284,1,13.4,5.5,1,1,1,1,0
1285,1,15.0,5.6,1,1,1,1,0
1286,1,12.3,6.4,0,0,0,0,1
1287,1,15.5,5.8,1,1,1,1,0
1288,1,11.9,6.8,1,1,0,1,0
1289,1,13.3,6.6,1,1,1,0,0
1290,1,15.0,6.7,1,1,1,1,0
1291,1,12.9,6.5,0,0,0,0,1
1292,1,12.5,5.6,1,1,1,0,0
1293,1,12.6,5.3,0,0,1,0,1
1294,1,13.7,6.3,0,0,0,0,1
1295,1,12.4,5.7,0,0,0,0,1
1296,1,14.9,6.1,1,1,1,1,0
1297,1,12.0,6.2,1,1,1,0,0
1298,1,14.2,6.0,1,1,1,1,0
1299,1,14.1,5.9,1,1,1,1,0
1300,1,13.1,6.0,0,0,0,0,1
1301,1,12.9,5.7,0,0,0,1,1
1302,1,13.7,6.0,0,1,0,1,1
1303,1,12.4,6.5,0,0,0,0,1
1304,1,14.8,6.4,1,1,1,1,0
1305,1,14.0,6.4,1,1,1,1,0
1306,1,12.2,6.5,0,0,0,0,1
1307,1,15.5,7.1,1,1,0,1,0
1308,1,15.0,6.7,1,1,1,1,0
1309,1,11.6,5.9,0,0,1,0,1
1310,1,13.8,5.3,0,1,0,0,1
1311,1,11.9,6.3,0,0,1,0,1
1312,1,15.0,5.6,1,1,1,1,0
1313,1,12.3,6.3,0,0,0,0,1
1314,1,14.6,6.1,0,0,1,1,0
1315,1,14.6,5.6,1,0,1,1,0
1316,1,15.1,6.8,1,1,0,1,0
1317,0,15.1,6.2,1,1,1,1,0
1318,0,15.0,5.8,1,1,1,1,0
1319,1,13.3,5.1,0,0,1,1,1
1320,0,13.4,5.3,0,0,0,0,1
1321,1,15.4,6.8,1,1,0,1,0
1322,1,12.3,5.4,1,0,0,1,1
1323,1,12.3,5.3,1,1,1,1,0
1324,1,12.0,6.2,1,1,1,1,0
1325,1,15.5,7.1,1,1,1,1,0
1326,1,12.5,6.3,1,1,0,1,0
1327,1,11.6,6.0,0,0,0,0,1
1328,1,12.0,6.3,0,0,0,0,1
1329,0,11.9,6.2,0,0,0,0,1
1330,1,13.9,5.7,0,0,0,0,1
1331,1,12.9,5.3,0,0,0,0,1
1332,1,13.7,5.9,1,0,0,0,1
1333,1,12.1,6.3,1,1,0,0,1
1334,1,12.8,6.4,0,1,1,0,0
1335,0,13.7,5.1,1,1,1,1,0
1336,1,14.0,5.5,1,1,0,1,0
1337,1,14.5,6.9,1,1,1,1,0
1338,1,11.6,6.4,0,0,1,0,1
1339,1,12.2,5.4,0,0,0,0,1
1340,1,13.5,5.9,0,0,1,0,1
1341,1,15.2,5.2,0,1,1,1,0
1342,1,12.0,5.4,0,0,0,0,1
1343,1,12.0,6.1,0,0,0,0,1
1344,1,15.5,6.1,1,1,1,1,0
1345,1,13.1,5.6,1,1,0,0,0
1346,1,13.4,6.1,0,0,0,0,1
1347,1,13.6,5.8,0,0,0,0,1
1348,1,12.8,6.7,1,1,1,1,0
1349,1,12.4,5.8,1,1,1,1,0
1350,1,14.1,6.2,0,0,0,0,1
1351,1,12.2,5.8,1,0,0,0,1
1352,1,11.5,5.7,0,0,0,0,1
1353,1,12.1,6.1,0,0,0,0,1
1354,0,12.4,5.5,0,0,0,0,1
1355,1,14.6,6.5,1,1,1,1,0
1356,0,12.0,6.1,0,0,0,1,1
1357,1,13.4,5.4,0,0,0,0,1
1358,1,15.2,5.9,0,1,1,1,0
1359,1,12.3,6.0,0,0,0,0,1
1360,0,11.9,6.2,0,0,0,0,1
1361,0,13.5,5.7,0,1,0,0,1
1362,1,11.6,5.8,0,1,1,1,0
1363,1,13.5,6.6,1,0,1,1,0
1364,0,12.0,6.4,0,0,0,0,1
1365,0,12.7,5.8,0,0,0,0,1
1366,1,13.5,6.5,0,0,0,0,1
1367,1,11.7,6.5,0,1,0,0,1
1368,1,13.7,5.3,0,0,0,0,1
1369,1,14.2,6.3,0,0,1,1,0
1370,1,11.7,5.5,0,0,0,0,1
1371,1,14.2,5.6,0,0,0,0,1
1372,1,12.7,5.9,0,0,1,0,1
1373,1,11.6,5.1,0,0,0,0,1
1374,1,12.8,6.9,1,1,1,1,0
1375,0,13.0,6.0,1,1,1,1,0
1376,1,11.8,6.0,0,0,0,1,1
1377,1,14.5,6.0,1,0,1,1,0
1378,1,12.7,6.9,0,1,1,1,0
1379,1,12.7,5.9,1,1,1,1,0
1380,1,11.9,6.3,0,1,0,0,1
1381,0,15.2,5.2,1,1,1,1,0
1382,1,15.0,6.4,1,1,1,1,0
1383,1,13.6,6.6,1,0,1,1,0
1384,1,14.1,6.1,0,0,0,0,1
1385,1,12.2,5.5,0,0,0,0,1
1386,1,14.0,6.1,1,1,1,1,0
1387,1,13.3,6.5,0,0,1,0,1
1388,1,13.4,5.6,0,0,0,0,1
1389,1,12.5,6.9,1,0,1,1,0
1390,1,14.7,6.8,1,1,1,0,0
1391,0,12.8,6.5,0,0,0,1,1
1392,1,15.1,5.8,1,1,1,0,0
1393,1,12.3,5.5,0,0,1,0,1
1394,1,12.3,6.0,1,1,1,1,0
1395,1,14.9,6.2,1,1,1,1,0
1396,1,13.4,5.6,1,0,0,0,1
1397,1,14.3,6.3,0,0,0,0,1
1398,1,11.4,5.5,0,0,0,0,1
1399,1,11.8,5.1,0,0,0,0,1
1400,1,11.6,6.3,0,0,1,0,1
1401,1,12.1,5.3,0,0,0,0,1
1402,1,13.6,5.8,1,0,0,0,1
1403,1,13.7,6.0,0,0,0,1,1
1404,1,11.8,6.2,1,1,0,0,0
1405,1,12.7,6.8,1,1,1,0,0
1406,1,13.4,6.4,0,0,0,0,1
1407,1,15.2,6.4,1,1,1,1,0
1408,1,14.0,5.9,1,0,0,0,1
1409,1,15.2,5.1,1,1,1,1,0
1410,1,14.3,5.2,1,1,1,1,0
1411,1,12.4,6.0,0,0,0,0,1
1412,1,13.3,6.4,1,1,1,0,0
1413,1,14.2,6.1,1,1,1,1,0
1414,1,13.6,5.1,1,1,1,1,0
1415,1,13.8,6.2,1,0,1,1,1
1416,1,15.4,5.7,0,0,0,1,0
1417,1,13.6,6.4,1,1,1,1,0
1418,1,15.3,5.2,1,1,1,1,0
1419,1,11.9,6.3,0,1,1,1,0
1420,1,14.3,6.1,0,0,0,0,1
1421,1,13.8,6.0,1,1,0,1,1
1422,1,14.2,6.3,1,1,1,1,0
1423,1,15.5,6.6,1,1,1,0,0
1424,1,12.1,6.1,1,1,1,1,0
1425,1,14.4,5.8,1,1,1,1,0
1426,1,12.9,6.0,0,0,0,0,1
1427,0,12.0,5.2,0,1,0,0,1
1428,0,13.5,6.1,0,0,0,0,1
1429,1,13.2,5.7,0,0,0,0,1
1430,1,13.2,6.6,1,1,1,1,0
1431,0,12.5,5.5,1,1,1,1,0
1432,1,12.0,5.9,1,1,1,1,0
1433,1,12.8,5.9,0,0,0,0,1
1434,1,13.1,5.1,0,0,0,0,1
1435,0,11.4,6.1,0,0,0,0,1
1436,1,14.3,6.2,0,1,0,0,1
1437,1,12.2,6.2,0,0,0,1,1
1438,0,14.5,5.1,0,1,1,0,0
1439,1,14.9,5.4,1,1,1,1,0
1440,1,13.2,6.9,1,1,1,1,0
1441,1,14.1,5.5,0,0,0,0,1
1442,1,13.9,5.7,1,0,1,1,0
1443,1,12.5,5.4,1,0,1,0,1
1444,0,11.6,5.8,0,0,0,0,1
1445,1,11.6,5.3,0,0,0,0,1
1446,1,12.4,6.5,0,0,0,0,1
1447,1,12.0,5.7,0,0,0,0,1
1448,1,14.7,5.6,1,1,1,1,0
1449,1,12.4,6.1,0,1,0,0,1
1450,1,11.8,5.2,0,0,0,0,1
1451,0,12.1,6.4,1,1,1,1,0
1452,0,14.7,6.5,1,1,0,1,0
1453,1,13.0,5.9,1,0,0,1,0
1454,1,12.8,6.5,1,1,1,1,0
1455,1,13.9,5.9,0,0,0,0,1
1456,1,11.6,5.4,0,0,0,0,1
1457,1,14.4,6.4,1,1,1,1,0
1458,1,14.5,6.3,1,1,1,0,0
1459,1,13.3,5.4,0,0,1,0,1
1460,1,11.5,5.5,0,0,0,0,1
1461,1,14.0,5.9,0,1,0,0,1
1462,1,11.5,7.0,1,1,1,1,0
1463,1,13.3,5.5,1,0,0,0,1
1464,1,14.1,6.2,1,0,1,1,0
1465,1,14.0,5.6,1,1,1,0,0
1466,0,13.8,6.5,1,1,1,1,0
1467,1,11.6,6.5,0,0,0,0,1
1468,1,13.8,6.6,1,1,1,1,0
1469,1,13.7,6.1,0,0,0,0,1
1470,1,11.6,6.2,1,1,0,1,0
1471,1,13.2,5.7,1,0,0,0,1
1472,1,11.7,7.0,0,1,1,1,0
1473,1,13.6,6.1,1,0,0,0,1
1474,1,11.9,5.5,0,0,0,0,1
1475,1,12.0,6.3,1,1,1,1,0
1476,0,12.3,5.5,1,1,0,1,0
1477,0,11.4,6.2,0,1,0,0,1
1478,0,14.4,6.0,1,1,1,1,0
1479,1,11.7,5.5,1,1,0,0,0
1480,1,13.7,6.5,0,0,1,0,1
1481,1,13.2,6.2,0,1,0,0,1
1482,1,13.3,5.2,1,1,1,0,0
1483,1,14.7,6.2,1,1,1,1,0
1484,0,11.4,6.5,0,0,0,0,1
1485,1,12.6,5.9,0,0,0,0,1
1486,1,13.7,5.8,1,1,1,1,0
1487,1,13.0,5.3,0,0,0,0,1
1488,1,14.2,6.0,1,1,1,1,0
1489,0,12.6,6.2,1,0,0,1,1
1490,1,13.4,5.3,1,1,1,1,0
1491,1,15.3,6.4,1,1,1,0,0
1492,1,11.5,5.7,1,1,1,0,0
1493,1,14.5,6.0,1,1,1,1,0
1494,1,12.0,5.7,0,0,0,0,1
1495,1,12.5,6.1,0,0,0,0,1
1496,1,14.5,6.3,0,1,1,1,0
1497,1,14.6,5.3,1,1,0,1,0
1498,1,14.2,5.5,1,1,1,1,0
1499,1,14.2,5.5,0,1,1,0,1
1500,1,13.0,6.3,0,0,0,0,1
1501,1,12.6,5.1,0,0,1,0,1
1502,1,13.2,5.7,1,1,1,1,0
1503,1,13.2,6.0,0,0,0,0,1
1504,0,14.3,5.5,0,0,0,0,1
1505,0,15.0,6.7,1,1,0,1,0
1506,1,14.7,7.1,1,0,1,1,0
1507,1,14.0,6.0,0,1,0,0,1
1508,1,12.9,5.9,0,0,0,0,1
1509,1,14.9,6.5,1,1,1,1,0
1510,0,13.7,5.9,0,0,0,0,1
1511,1,14.5,6.1,1,1,1,1,0
1512,0,13.8,6.3,1,1,1,1,0
1513,1,14.3,6.3,1,0,0,1,0
1514,1,13.7,6.5,1,1,1,1,0
1515,1,12.0,5.7,0,0,0,0,1
1516,1,13.9,5.9,1,1,1,1,0
1517,0,14.1,6.0,0,0,0,0,1
1518,1,12.2,6.5,1,0,0,0,1
1519,1,11.7,6.1,0,0,0,0,1
1520,1,11.9,6.5,1,1,1,1,0
1521,1,13.8,6.9,1,1,0,1,0
1522,1,13.9,6.2,0,0,0,0,1
1523,1,12.0,5.5,0,0,0,1,1
1524,0,12.5,6.2,0,0,0,0,1
1525,1,14.0,6.4,1,1,1,1,0
1526,1,14.1,5.7,1,1,1,1,0
1527,0,12.0,5.8,0,0,0,0,1
1528,1,14.0,5.1,0,0,0,0,1
1529,1,12.6,6.4,0,1,1,1,0
1530,1,12.4,6.3,0,0,0,0,1
1531,1,12.7,5.3,1,0,0,0,1
1532,1,12.1,5.3,0,0,0,0,1
1533,1,13.6,5.9,1,1,1,0,0
1534,0,14.2,5.8,0,1,1,1,0
1535,1,13.2,6.1,0,0,0,0,1
1536,1,13.9,6.5,0,0,0,0,1
1537,1,13.0,6.0,0,1,1,0,0
1538,1,14.3,6.4,0,0,0,0,1
1539,0,14.1,5.9,1,1,1,1,0
1540,1,11.6,6.8,1,1,1,1,0
1541,1,13.3,5.3,1,1,1,1,0
1542,1,13.5,6.0,0,0,0,0,1
1543,1,11.5,5.2,1,0,0,0,1
1544,1,12.0,5.6,1,0,0,0,1
1545,1,11.5,5.1,0,1,0,0,1
1546,1,11.5,5.7,1,1,1,1,0
1547,1,14.9,6.5,1,0,1,1,0
1548,1,13.2,5.8,0,1,0,0,1
1549,1,15.2,5.7,1,1,1,1,0
1550,0,14.7,5.6,1,0,1,1,0
1551,1,12.5,6.2,1,1,1,1,0
1552,1,14.4,7.0,1,1,1,1,0
1553,1,13.9,6.1,0,0,0,1,1
1554,1,13.5,5.7,0,0,0,0,1
1555,1,13.7,6.8,1,1,1,1,0
1556,1,13.6,5.5,0,0,0,1,1
1557,1,12.4,5.1,0,0,0,0,1
1558,1,11.8,5.7,1,1,1,1,0
1559,1,11.6,5.5,1,0,0,0,1
1560,1,13.5,5.7,1,1,1,1,0
1561,1,14.1,6.2,1,1,1,1,0
1562,1,13.7,6.9,1,0,1,1,0
1563,1,15.4,5.1,1,1,1,1,0
1564,1,12.5,6.6,1,1,1,1,0
1565,1,13.4,6.7,1,1,1,1,0
1566,1,11.7,5.6,0,0,0,0,1
1567,0,13.6,5.8,1,1,1,1,0
1568,1,13.1,6.4,0,0,0,1,1
1569,1,13.6,5.1,1,1,1,1,0
1570,1,13.4,5.6,1,0,0,0,1
1571,1,13.1,6.5,0,0,0,0,1
1572,1,14.0,5.3,0,0,0,0,1
1573,1,12.4,6.9,0,1,1,1,0
1574,1,11.7,6.5,0,0,1,0,1
1575,1,11.8,5.4,0,0,0,0,1
1576,1,13.3,5.3,0,0,0,1,1
1577,0,14.1,5.7,0,0,0,0,1
1578,1,11.8,6.0,1,0,0,0,1
1579,1,13.0,5.1,1,1,1,1,0
1580,1,13.5,6.4,0,0,0,0,1
1581,1,14.0,5.2,1,0,0,0,1
1582,0,12.8,6.0,1,1,1,1,0
1583,1,13.8,5.3,0,1,1,1,0
1584,1,15.1,5.9,1,1,1,1,0
1585,1,13.2,5.2,1,1,1,0,0
1586,1,13.4,6.0,1,1,1,1,0
1587,1,11.8,5.1,0,0,0,0,1
1588,1,13.8,6.4,1,0,1,0,1
1589,1,12.4,5.5,1,1,1,1,0
1590,1,13.0,6.3,1,0,0,0,1
1591,1,14.0,6.5,1,1,1,1,0
1592,1,15.5,7.0,1,0,1,0,0
1593,1,12.0,6.6,1,0,1,1,0
1594,1,11.7,5.6,0,0,0,0,1
1595,1,12.1,5.2,1,0,1,1,0
1596,1,12.0,5.4,0,1,0,0,1
1597,1,14.3,6.8,1,1,0,1,0
1598,1,11.9,5.4,0,0,0,0,1
1599,1,13.2,5.4,1,1,1,1,0
1600,1,11.5,6.5,0,0,0,0,1
1601,1,12.1,6.2,0,0,0,0,1
1602,0,15.2,6.8,1,1,1,1,0
1603,1,13.3,6.6,1,1,1,1,0
1604,1,13.3,5.3,1,1,0,1,0
1605,1,11.6,6.3,0,1,1,1,0
1606,1,15.0,6.3,1,0,1,1,0
1607,0,11.6,5.8,0,0,1,1,0
1608,0,13.7,5.5,1,1,0,1,0
1609,1,11.7,5.5,1,1,1,1,0
1610,1,12.6,5.2,1,1,1,1,0
1611,1,15.1,5.7,1,1,1,1,0
1612,1,12.3,5.2,0,0,0,0,1
1613,1,12.4,5.4,0,0,0,0,1
1614,1,12.1,6.6,1,1,1,0,0
1615,1,12.0,5.4,1,1,0,0,1
1616,1,12.2,5.7,0,1,1,1,0
1617,1,11.6,6.7,0,1,0,1,0
1618,1,15.4,7.1,1,1,1,0,0
1619,1,11.7,5.1,0,0,0,1,1
1620,1,12.2,5.5,0,0,0,0,1
1621,1,11.6,5.8,0,0,0,0,1
1622,1,12.6,6.9,1,1,1,1,0
1623,1,12.1,6.5,0,0,0,0,1
1624,1,15.5,6.3,0,1,1,1,0
1625,0,13.3,6.3,1,1,0,1,0
1626,1,11.6,7.1,1,1,1,0,0
1627,1,12.4,6.1,1,0,0,0,1
1628,1,13.5,6.0,0,1,0,1,1
1629,1,13.9,6.0,0,0,0,1,1
1630,1,12.3,6.1,0,0,0,0,1
1631,1,14.8,7.0,1,1,1,1,0
1632,1,15.0,6.6,1,1,1,1,0
1633,1,12.5,5.2,0,0,0,1,1
1634,1,14.2,6.2,0,0,0,0,1
1635,1,11.7,5.3,0,1,1,1,0
1636,1,13.8,6.1,1,1,1,1,0
1637,1,13.1,6.3,1,1,1,1,0
1638,0,12.1,5.4,1,0,0,1,0
1639,1,12.4,6.4,0,0,0,0,1
1640,1,11.7,5.1,0,0,1,0,1
1641,0,15.5,5.2,0,0,0,1,0
1642,1,15.5,5.1,1,1,1,1,0
1643,1,14.1,5.4,0,0,0,0,1
1644,0,13.8,5.7,1,1,0,0,0
1645,1,12.6,5.6,0,0,1,0,1
1646,1,13.1,6.2,0,0,0,0,1
1647,0,14.8,7.1,1,0,1,1,0
1648,1,12.9,5.1,0,0,0,1,1
1649,0,14.5,5.5,0,1,1,0,0
1650,0,14.1,6.0,0,0,0,0,1
1651,1,12.9,5.3,1,0,0,0,1
1652,0,15.1,6.2,1,1,1,0,0
1653,1,13.0,6.3,0,0,0,0,1
1654,1,14.3,6.2,0,1,0,0,1
1655,1,14.3,5.8,1,0,0,0,1
1656,1,15.4,5.8,1,1,1,1,0
1657,1,14.2,5.5,1,1,1,1,0
1658,0,12.5,5.6,1,0,0,0,1
1659,1,11.8,6.1,1,1,1,1,0
1660,1,12.3,6.5,0,0,0,0,1
1661,1,13.7,5.7,0,0,0,0,1
1662,1,12.5,6.0,0,0,1,0,1
1663,1,11.7,6.3,0,0,0,0,1
1664,1,11.9,6.5,1,1,1,1,0
1665,1,15.4,6.7,1,1,0,1,0
1666,1,15.1,6.3,1,1,1,1,0
1667,1,12.0,6.6,1,1,1,1,0
1668,1,14.0,5.2,1,1,1,1,0
1669,1,13.4,6.5,1,0,1,0,1
1670,1,14.1,5.9,0,0,0,0,1
1671,1,13.1,5.3,0,0,0,0,1
1672,1,12.6,6.0,1,0,1,1,0
1673,1,12.1,5.4,0,1,1,1,0
1674,1,13.6,5.1,0,1,1,0,0
1675,1,14.5,5.5,1,0,1,1,0
1676,1,13.9,6.0,0,0,0,0,1
1677,1,12.2,6.4,1,1,1,1,0
1678,1,12.2,5.5,1,0,1,0,1
1679,1,14.7,5.1,1,1,1,1,0
1680,1,14.3,6.8,1,1,1,1,0
1681,1,15.4,6.7,1,1,0,1,0
1682,1,12.0,6.7,1,1,1,1,0
1683,1,12.5,6.4,0,1,0,0,1
1684,1,12.0,6.6,1,1,1,1,0
1685,1,13.7,5.5,1,1,0,1,0
1686,1,13.2,5.2,0,0,0,0,1
1687,0,13.4,5.5,0,0,0,0,1
1688,1,12.7,5.1,0,0,0,0,1
1689,1,13.5,5.4,0,1,1,0,1
1690,1,13.7,6.1,0,1,1,1,0
1691,1,11.5,5.9,0,0,0,0,1
1692,1,14.1,6.6,1,1,1,1,0
1693,1,14.6,5.9,1,1,1,1,0
1694,1,12.6,5.3,0,0,0,0,1
1695,1,12.1,5.7,0,0,0,1,1
1696,1,13.9,6.3,0,0,1,0,1
1697,0,12.2,5.1,1,1,1,1,0
1698,0,13.9,6.5,0,0,0,0,1
1699,1,12.1,7.1,1,0,1,1,0
1700,0,12.5,6.9,0,0,1,1,0
1701,1,12.5,6.0,0,1,0,0,1
1702,1,12.6,6.3,0,0,0,0,1
1703,1,13.8,6.6,1,1,1,1,0
1704,1,12.5,6.9,1,1,1,1,0
1705,1,14.7,6.7,1,1,1,1,0
1706,1,11.5,6.0,0,0,0,0,1
1707,1,14.5,6.5,1,1,1,1,0
1708,1,14.4,6.8,0,1,1,1,0
1709,1,12.8,5.8,0,0,0,1,1
1710,1,13.6,5.1,0,0,0,0,1
1711,1,14.3,5.3,0,1,1,0,1
1712,1,12.1,5.1,0,1,0,0,1
1713,1,13.3,6.1,0,1,0,0,1
1714,1,15.2,5.1,1,1,1,1,0
1715,1,11.6,7.1,1,1,0,1,0
1716,1,13.3,5.1,0,0,0,0,1
1717,1,12.4,6.1,0,0,0,0,1
1718,1,12.7,5.3,0,1,0,0,1
1719,1,14.5,6.9,1,1,1,1,0
1720,1,11.5,5.2,1,1,1,1,0
1721,1,15.4,6.8,0,1,1,1,0
1722,1,14.3,5.9,0,0,0,0,1
1723,1,15.3,5.6,1,1,1,1,0
1724,1,13.0,6.5,0,1,1,0,1
1725,1,14.2,7.0,1,1,1,1,0
1726,1,11.9,5.7,0,0,0,0,1
1727,1,13.7,6.1,0,0,1,0,1
1728,1,11.5,5.9,0,0,0,0,1
1729,1,11.8,6.7,1,0,1,1,0
1730,1,13.6,7.1,1,1,1,1,0
1731,1,13.1,6.2,0,0,0,0,1
1732,1,12.2,6.2,0,1,0,0,1
1733,1,11.9,6.4,0,1,0,0,1
1734,1,12.7,5.6,1,1,1,0,0
1735,1,14.3,6.4,1,1,1,1,0
1736,1,12.5,5.4,1,0,1,1,0
1737,0,12.5,6.5,0,1,0,1,1
1738,1,13.5,5.6,0,1,1,0,1
1739,1,13.7,6.1,0,0,0,0,0
1740,1,13.5,5.3,1,1,0,1,0
1741,1,13.7,6.4,0,0,0,0,1
1742,1,11.8,6.5,0,0,0,0,1
1743,1,14.5,6.2,1,1,0,1,0
1744,1,11.7,6.1,0,0,0,0,1
1745,0,13.3,5.9,0,0,0,0,1
1746,1,14.1,5.1,1,1,0,1,0
1747,1,11.7,6.5,0,1,1,1,0
1748,1,13.1,6.6,1,1,1,1,0
1749,1,14.5,6.0,1,1,1,1,0
1750,0,13.2,7.1,1,0,1,0,0
1751,1,13.7,6.0,0,0,0,0,1
1752,1,14.8,5.2,1,1,1,1,0
1753,0,13.3,6.4,1,1,0,1,0
1754,1,11.8,6.4,0,0,0,0,1
1755,1,12.6,5.6,1,1,1,1,0
1756,1,12.5,5.2,1,0,1,0,1
1757,1,14.9,5.2,1,1,1,1,0
1758,0,11.8,7.0,1,1,1,0,0
1759,1,11.7,5.1,0,0,0,0,1
1760,1,12.5,5.1,1,0,1,1,0
1761,1,11.5,6.2,1,1,1,1,0
1762,1,11.8,7.1,1,1,1,1,0
1763,1,11.9,5.2,0,0,0,0,1
1764,1,11.6,6.0,0,0,1,1,0
1765,1,14.4,6.0,1,1,1,1,0
1766,1,15.2,5.7,1,1,1,1,0
1767,1,14.4,5.8,0,1,1,1,0
1768,1,13.5,6.5,0,0,0,0,1
1769,0,11.5,5.7,0,0,1,1,1
1770,1,14.2,5.3,1,1,0,1,0
1771,1,13.1,5.9,1,0,0,0,1
1772,1,13.2,6.4,1,1,1,1,0
1773,0,14.3,6.1,1,1,1,1,0
1774,0,11.8,6.3,1,1,1,1,0
1775,1,11.7,6.3,0,0,0,0,1
1776,1,13.5,6.2,1,0,0,0,1
1777,1,14.1,6.0,0,1,0,0,1
1778,1,11.9,5.3,0,1,1,0,1
1779,1,14.0,6.5,0,0,0,0,1
1780,1,11.9,6.1,0,1,0,0,1
1781,1,13.0,5.5,0,0,0,0,1
1782,1,12.0,5.7,1,1,1,0,1
1783,1,12.8,5.4,0,0,0,0,1
1784,1,13.2,5.5,0,0,0,0,1
1785,1,13.4,5.1,0,0,0,0,1
1786,1,13.4,5.5,0,0,0,0,1
1787,1,13.1,5.9,1,1,1,1,0
1788,1,15.5,7.0,1,1,1,1,0
1789,1,12.2,5.5,0,1,0,0,1
1790,1,14.7,6.6,1,1,1,1,0
1791,0,12.3,5.6,1,0,1,1,0
1792,1,12.6,5.4,0,0,0,0,1
1793,1,12.4,6.3,0,0,0,1,1
1794,1,13.6,6.1,0,0,0,0,1
1795,1,12.8,5.4,0,0,0,0,1
1796,1,14.1,5.4,0,1,0,0,1
1797,1,14.0,5.9,0,0,1,0,1
1798,1,13.8,5.1,0,0,0,0,1
1799,1,12.7,6.1,1,1,1,1,0
1800,1,15.0,5.4,1,1,1,1,0
