Id,long_hair,forehead_width_cm,forehead_height_cm,long_eyelashes,nose_wide,nose_long,lips_thin,distance_nose_to_lip_long,gender
1,1,11.8,6.1,1,1,0,1,1,Male
2,0,14.0,5.4,1,0,0,1,0,Female
3,0,11.8,6.3,1,1,1,1,1,Male
4,0,14.4,6.1,1,0,1,1,1,Male
5,1,13.5,5.9,1,0,0,0,0,Female
6,1,13.0,6.8,1,1,1,1,1,Male
7,1,15.3,6.2,1,1,1,1,0,Male
8,0,13.0,5.2,1,0,0,0,0,Female
9,1,11.9,5.4,1,1,0,1,1,Female
10,1,12.1,5.4,1,0,0,0,0,Female
11,0,12.5,5.4,1,1,1,1,1,Male
12,1,15.5,5.8,1,1,1,1,1,Male
13,0,14.7,5.2,1,1,1,1,1,Male
14,1,14.5,6.7,1,0,1,1,1,Male
15,1,14.2,6.5,1,0,0,0,0,Female
16,0,12.5,5.2,1,1,1,1,1,Male
17,1,15.2,6.0,1,1,1,1,1,Male
18,1,14.0,5.9,1,0,0,0,0,Female
19,1,11.9,5.2,1,0,0,0,0,Female
20,1,14.4,5.6,1,1,0,1,1,Male
21,1,14.6,6.3,1,1,1,1,1,Male
22,1,12.8,7.0,1,1,1,1,1,Male
23,1,12.9,6.4,1,1,0,0,1,Female
24,0,12.2,6.0,1,1,1,0,1,Male
25,0,14.2,5.3,1,0,0,0,0,Female
26,1,12.3,6.3,1,0,0,0,0,Female
27,1,14.2,6.2,1,0,0,0,0,Female
28,1,12.5,5.2,1,0,0,0,0,Female
29,1,15.5,5.7,1,1,1,1,0,Male
30,1,15.3,6.3,1,1,1,1,1,Male
31,1,15.3,5.2,1,1,1,1,1,Male
32,1,12.3,6.8,1,1,1,1,1,Male
33,1,11.8,5.3,1,1,0,0,0,Female
34,1,11.8,6.0,1,1,0,0,0,Female
35,1,12.7,5.4,1,0,1,1,1,Male
36,1,14.1,6.1,1,1,1,1,1,Male
37,1,12.9,6.0,1,0,0,0,0,Female
38,1,14.0,5.1,1,1,0,0,0,Female
39,0,13.5,5.2,1,0,0,0,0,Female
40,0,15.5,6.3,1,1,1,1,1,Male
41,1,14.1,5.9,1,0,0,0,0,Female
42,1,14.4,6.8,1,1,1,1,1,Male
43,1,12.2,6.1,1,1,1,1,1,Male
44,1,11.5,6.2,1,0,0,0,0,Female
45,0,12.9,6.3,1,1,1,1,1,Male
46,1,12.1,5.2,1,1,1,1,1,Male
47,1,13.8,5.1,1,0,0,0,0,Female
48,1,13.7,5.3,1,0,1,1,0,Male
49,1,11.5,6.3,1,1,0,1,0,Female
50,1,12.0,5.5,1,0,1,0,0,Female
51,1,14.1,5.4,1,1,1,1,0,Male
52,1,12.8,6.4,1,0,0,0,1,Female
53,1,12.9,5.3,1,0,0,0,0,Female
54,1,13.5,5.3,1,0,0,0,0,Female
55,1,14.0,5.3,1,1,1,1,1,Male
56,1,11.4,5.6,1,0,0,1,1,Female
57,1,15.4,5.1,1,1,1,1,0,Male
58,1,13.5,6.0,1,1,1,1,1,Male
59,1,14.0,5.4,1,0,1,0,1,Male
60,1,14.1,5.9,1,0,0,0,0,Female
61,1,13.3,5.5,1,0,0,1,0,Female
62,1,13.2,5.8,1,0,1,1,1,Male
63,1,11.9,5.4,1,1,1,0,0,Female
64,0,14.3,5.6,1,1,1,1,1,Male
65,1,13.9,6.5,1,0,0,0,0,Female
66,1,11.8,5.1,1,0,0,1,1,Female
67,1,14.2,6.2,1,0,0,0,0,Female
68,1,11.7,6.2,1,0,1,0,0,Female
69,1,14.2,5.8,1,0,0,1,0,Female
70,0,12.1,6.3,1,0,0,1,1,Female
71,1,11.8,6.1,1,0,0,0,0,Female
72,1,15.1,6.0,1,1,1,1,1,Male
73,1,13.2,6.2,1,1,1,1,1,Male
74,1,15.0,6.8,1,1,0,0,0,Male
75,1,14.2,6.5,1,0,0,1,1,Female
76,0,12.4,6.0,1,0,1,0,0,Female
77,1,14.1,5.2,1,0,0,0,0,Female
78,1,13.9,5.9,1,1,0,1,1,Male
79,1,11.8,6.0,1,1,1,1,1,Male
80,1,11.6,7.1,1,0,1,1,1,Male
81,1,12.4,6.5,1,0,0,0,0,Female
82,0,11.5,5.9,1,0,0,0,0,Female
83,1,13.7,6.7,1,1,1,1,1,Male
84,1,12.2,5.1,1,0,1,0,0,Female
85,1,13.7,5.1,1,0,0,0,1,Female
86,1,12.5,5.6,1,1,1,0,1,Male
87,1,11.9,6.0,1,1,1,1,1,Male
88,1,12.4,6.1,1,0,0,0,0,Female
89,1,12.6,5.9,1,0,0,1,1,Male
90,1,14.1,6.2,1,1,0,1,1,Male
91,1,12.3,5.6,1,1,0,0,0,Female
92,1,12.9,5.1,1,0,0,0,0,Female
93,1,13.3,5.9,1,1,1,1,1,Male
94,0,13.0,5.4,1,0,0,0,0,Female
95,1,12.2,6.5,1,1,1,0,1,Male
96,1,13.0,5.2,1,0,1,1,1,Male
97,1,12.2,6.2,1,1,1,1,1,Male
98,1,15.1,6.8,1,1,1,1,1,Male
99,0,12.0,6.4,1,0,0,0,0,Female
100,0,12.3,5.9,1,0,0,0,0,Female
101,1,15.3,5.6,1,0,1,1,1,Male
102,1,13.7,5.4,1,1,1,0,1,Male
103,1,14.4,5.7,1,1,1,1,1,Male
104,1,14.5,6.3,1,1,1,1,0,Male
105,1,12.1,6.5,1,1,1,1,1,Male
106,1,11.8,6.5,1,1,1,0,1,Male
107,0,11.8,6.5,1,1,0,1,1,Female
108,1,15.3,6.7,1,1,1,1,1,Male
109,1,14.8,6.1,1,1,1,1,1,Male
110,1,13.9,5.5,1,0,1,0,0,Female
111,1,15.5,5.3,1,1,1,1,0,Male
112,1,12.5,6.2,1,0,1,0,0,Female
113,1,13.1,6.6,1,1,0,1,1,Male
114,1,15.3,5.3,1,1,1,1,0,Male
115,1,13.8,5.4,1,0,0,0,0,Female
116,1,12.8,6.1,1,0,0,0,1,Female
117,1,12.9,6.4,1,0,0,0,1,Female
118,1,14.3,6.1,1,0,0,0,0,Female
119,1,13.8,6.7,1,1,1,1,1,Male
120,1,11.6,5.1,1,1,1,1,1,Male
121,1,11.5,6.3,1,0,1,1,0,Female
122,1,13.4,5.4,1,0,1,0,0,Female
123,1,12.9,5.2,1,0,0,0,0,Female
124,1,11.8,7.1,1,1,1,1,1,Male
125,1,12.6,6.4,1,0,1,0,1,Male
126,1,14.0,6.0,1,0,0,0,0,Female
127,1,14.2,6.2,1,1,1,1,1,Male
128,1,12.1,6.2,1,1,1,1,1,Male
129,1,12.0,6.5,1,0,0,0,0,Female
130,1,12.3,5.4,1,0,0,0,1,Female
131,1,12.7,6.8,1,1,1,1,1,Male
132,1,12.5,5.8,1,0,1,0,0,Female
133,1,11.8,5.4,1,0,1,1,1,Male
134,1,11.6,5.9,1,0,0,0,0,Female
135,1,11.7,6.3,1,1,0,0,0,Male
136,1,11.9,5.3,1,0,0,0,0,Female
137,1,13.2,5.5,1,1,0,1,1,Male
138,1,13.8,5.2,1,1,1,0,0,Female
139,1,12.4,5.9,1,1,1,1,1,Male
140,1,13.2,5.6,1,1,0,1,1,Male
141,1,12.6,6.5,1,0,0,0,0,Female
142,1,13.1,6.2,1,1,1,1,1,Male
143,1,13.2,6.0,1,0,1,1,0,Female
144,1,12.7,5.6,1,0,0,0,0,Female
145,1,14.2,6.5,1,1,1,1,1,Male
146,1,11.9,6.3,1,0,0,0,0,Female
147,1,13.9,5.1,1,1,1,1,1,Male
148,1,11.9,6.8,1,1,1,1,1,Male
149,1,13.4,6.3,1,0,0,1,0,Female
150,1,15.4,6.6,1,1,1,1,1,Male
151,1,11.8,5.2,1,1,0,1,1,Male
152,1,11.7,5.5,1,0,0,0,0,Female
153,1,13.4,6.4,1,1,1,1,1,Male
154,0,12.5,6.8,1,1,1,0,1,Male
155,1,13.3,6.4,1,0,0,0,0,Female
156,1,12.9,6.2,1,0,0,0,0,Female
157,1,12.8,5.9,1,1,1,1,1,Male
158,1,11.9,5.5,1,0,0,0,0,Female
159,1,15.3,5.5,1,1,1,1,0,Male
160,1,12.5,6.1,1,0,1,1,1,Male
161,0,14.1,5.8,1,0,0,0,0,Female
162,1,14.0,6.6,1,1,1,1,1,Male
163,1,14.3,5.2,1,1,1,1,1,Male
164,1,11.9,7.1,1,0,1,1,1,Male
165,1,14.6,6.2,1,1,1,1,1,Male
166,0,13.3,6.2,1,0,0,1,0,Female
167,1,12.7,5.7,1,1,1,1,1,Male
168,1,11.6,5.4,1,1,1,1,1,Male
169,1,14.1,6.0,1,0,0,0,0,Female
170,1,12.8,6.6,1,1,1,1,1,Male
171,1,12.0,5.4,1,0,0,0,0,Female
172,0,11.6,5.4,1,0,0,0,1,Female
173,1,13.1,6.1,1,1,0,1,1,Male
174,1,14.4,7.1,1,0,0,1,1,Male
175,1,11.6,6.1,1,0,0,0,0,Female
176,1,12.7,5.7,1,1,1,1,1,Male
177,1,12.2,6.4,1,0,0,0,0,Female
178,1,12.0,5.5,1,1,1,1,1,Male
179,0,12.5,6.0,1,1,1,0,1,Male
180,1,12.5,5.6,1,0,0,0,0,Female
181,1,13.5,6.2,1,0,0,0,0,Female
182,0,12.6,5.8,1,1,1,1,0,Male
183,1,12.3,5.8,1,1,1,1,1,Male
184,1,12.2,5.4,1,0,0,0,0,Female
185,1,14.2,7.1,1,1,1,1,1,Male
186,1,11.9,6.0,1,0,0,1,0,Female
187,1,15.1,5.6,1,1,1,1,1,Male
188,1,11.8,5.9,1,1,1,1,1,Male
189,1,13.8,6.2,1,0,0,1,0,Female
190,1,15.0,6.2,1,1,0,0,1,Male
191,1,13.7,5.5,1,0,0,0,0,Female
192,0,13.5,6.4,1,0,0,1,1,Male
193,1,13.0,6.2,1,1,1,1,1,Male
194,1,13.5,5.8,1,0,0,0,0,Female
195,0,11.9,5.4,1,1,0,1,1,Male
196,1,13.8,5.6,1,0,0,0,0,Female
197,1,11.8,6.3,1,1,1,1,1,Male
198,1,11.9,5.9,1,0,0,1,0,Female
199,1,14.1,5.3,1,0,0,0,0,Female
200,1,11.7,5.3,1,0,0,0,0,Female
201,1,12.8,5.3,1,1,1,1,1,Male
202,1,11.9,5.8,1,0,0,0,0,Female
203,0,12.7,5.4,1,0,1,0,0,Female
204,0,12.4,6.2,1,1,0,1,0,Male
205,0,11.5,5.7,1,0,0,0,1,Female
206,1,12.6,6.4,1,1,1,1,1,Male
207,1,14.3,6.4,1,1,1,1,1,Male
208,1,15.1,5.1,1,1,1,1,1,Male
209,1,12.6,5.1,1,0,1,1,0,Female
210,1,11.7,5.5,1,0,0,1,0,Female
211,1,12.1,5.4,1,1,0,0,0,Female
212,1,13.8,5.3,1,0,1,0,0,Female
213,0,13.9,6.5,1,0,0,1,1,Female
214,1,14.2,7.1,1,1,0,1,1,Male
215,1,13.1,5.7,1,1,1,1,1,Male
216,1,14.0,6.7,1,1,1,1,1,Male
217,0,12.5,6.3,1,0,0,1,0,Female
218,1,12.0,5.5,1,0,0,0,0,Female
219,1,11.8,6.7,1,1,1,0,1,Male
220,1,11.7,6.3,1,0,0,0,0,Female
221,1,14.3,6.0,1,0,1,0,0,Female
222,1,15.3,6.7,1,0,1,1,1,Male
223,0,13.0,6.2,1,0,0,0,1,Female
224,1,13.5,5.7,1,0,0,0,0,Female
225,0,13.7,5.6,1,1,1,0,1,Male
226,1,14.8,5.8,1,1,0,1,1,Male
227,1,13.2,5.2,1,1,1,1,1,Male
228,1,15.1,6.7,1,1,1,1,1,Male
229,1,13.5,6.0,1,1,0,0,0,Female
230,1,12.7,5.4,1,1,1,1,1,Male
231,1,12.9,5.1,1,0,0,0,0,Female
232,1,12.5,7.0,1,1,1,1,1,Male
233,1,13.2,6.2,1,0,0,1,0,Female
234,1,14.2,6.4,1,0,0,1,0,Female
235,1,15.5,5.6,1,1,1,1,1,Male
236,1,15.1,5.4,1,1,1,1,1,Male
237,1,13.7,5.9,1,1,1,1,1,Male
238,1,13.4,5.7,1,1,1,0,1,Male
239,1,14.2,6.4,1,0,1,1,1,Male
240,1,12.6,5.3,1,0,1,0,0,Female
241,1,15.0,7.0,1,1,1,1,1,Male
242,0,14.8,6.4,1,1,1,1,1,Male
243,1,14.0,6.2,1,0,0,0,1,Female
244,1,12.5,6.2,1,1,0,1,1,Male
245,1,15.4,5.1,1,1,0,1,1,Male
246,1,11.5,5.6,1,0,0,1,0,Female
247,1,13.4,6.1,1,0,0,1,0,Female
248,1,12.1,5.2,1,0,0,0,0,Female
249,1,14.0,5.9,1,1,1,1,1,Male
250,0,13.3,6.9,1,1,1,1,1,Male
251,1,13.0,6.3,1,0,0,1,1,Female
252,1,12.3,5.8,1,1,0,0,1,Male
253,1,12.2,5.8,1,1,1,1,1,Male
254,0,13.1,6.9,1,1,0,1,1,Male
255,1,13.9,6.4,1,0,0,0,0,Female
256,1,13.5,5.4,1,1,1,1,1,Male
257,1,12.6,5.7,1,1,0,0,0,Female
258,1,11.5,5.7,1,0,0,0,0,Female
259,1,13.6,6.1,1,1,1,1,1,Male
260,1,14.0,6.2,1,0,0,0,0,Female
261,1,12.1,5.3,1,1,0,0,0,Female
262,1,13.0,6.2,1,1,1,1,1,Male
263,0,13.4,7.0,1,1,1,1,1,Male
264,1,15.1,7.1,1,1,1,1,1,Male
265,0,12.3,5.6,1,0,0,0,1,Female
266,1,13.2,7.0,1,1,1,0,1,Male
267,1,12.1,5.4,1,0,1,1,0,Male
268,1,15.2,6.8,1,1,1,1,1,Male
269,0,15.3,5.7,1,1,1,1,1,Male
270,1,12.1,5.3,1,0,0,0,0,Female
271,1,13.0,5.7,1,1,1,1,0,Male
272,1,12.3,5.6,1,0,0,0,0,Female
273,1,14.0,6.5,1,0,0,0,1,Female
274,1,15.3,6.0,1,1,1,1,1,Male
275,1,13.0,6.0,1,1,1,1,1,Male
276,1,13.9,6.1,1,0,0,0,0,Female
277,1,14.1,5.9,1,0,1,0,1,Female
278,1,13.5,6.5,1,0,0,1,0,Female
279,1,14.1,6.0,1,0,0,0,0,Female
280,1,12.5,7.0,1,1,1,1,1,Male
281,1,14.1,5.6,1,1,1,1,1,Male
282,1,12.7,5.9,1,0,0,0,1,Female
283,1,12.8,6.1,1,1,1,1,1,Male
284,0,13.3,6.5,1,0,0,1,1,Male
285,1,12.1,6.3,1,0,0,0,1,Female
286,1,14.2,6.1,1,0,0,0,0,Female
287,0,14.7,6.4,1,1,1,1,1,Male
288,1,12.2,5.6,1,1,1,1,1,Male
289,1,14.0,5.2,1,0,0,0,0,Female
290,1,14.3,5.3,1,0,0,0,1,Female
291,1,15.1,5.2,1,1,1,1,1,Male
292,1,14.2,5.8,1,0,0,0,0,Female
293,1,12.4,7.0,1,1,1,1,1,Male
294,0,12.2,5.7,1,0,0,0,0,Female
295,0,13.9,6.1,1,1,1,1,1,Male
296,1,13.3,6.2,1,0,0,0,0,Female
297,1,12.9,6.3,1,1,1,1,1,Male
298,1,12.6,5.9,1,1,1,0,1,Male
299,0,14.2,5.5,1,1,1,1,0,Male
300,1,14.5,5.7,1,0,1,1,1,Male
301,1,12.0,5.7,1,1,1,1,1,Male
302,1,12.9,5.5,1,1,1,1,1,Male
303,1,12.8,5.3,1,1,1,1,0,Female
304,1,11.9,5.6,1,0,0,0,1,Female
305,1,13.6,5.8,1,0,0,1,1,Female
306,1,14.6,6.8,1,1,1,1,1,Male
307,1,13.7,7.1,1,1,1,1,1,Male
308,1,14.2,7.1,1,1,1,1,1,Male
309,1,14.5,6.2,1,1,1,0,0,Male
310,1,11.7,5.1,1,0,0,0,0,Female
311,0,11.7,5.2,1,0,0,0,0,Female
312,1,11.6,5.5,1,0,0,0,1,Female
313,0,13.2,6.5,1,0,1,0,0,Female
314,1,11.4,5.5,1,0,0,0,0,Female
315,1,15.2,6.0,1,1,1,1,1,Male
316,1,14.1,5.6,1,0,1,0,0,Female
317,1,13.5,6.1,1,1,1,1,1,Male
318,1,14.9,5.9,1,1,1,0,1,Male
319,1,12.2,6.0,1,0,0,0,0,Female
320,1,14.1,6.1,1,0,1,1,0,Female
321,1,13.7,6.1,1,0,0,0,0,Female
322,1,12.2,5.6,1,1,0,1,1,Male
323,1,12.4,5.9,1,0,0,0,0,Female
324,1,11.5,5.7,1,0,0,0,0,Female
325,1,12.6,6.5,1,0,0,0,0,Female
326,1,13.6,5.1,1,0,0,0,0,Female
327,1,12.1,5.5,1,0,0,0,0,Female
328,1,11.5,5.3,1,0,0,0,0,Female
329,1,13.2,5.7,1,0,0,1,0,Female
330,1,12.2,5.9,1,1,0,0,0,Female
331,1,11.7,6.5,1,1,1,0,1,Male
332,1,14.8,5.3,1,1,1,1,1,Male
333,0,15.5,6.8,1,1,1,1,0,Male
334,1,12.2,5.2,1,0,0,0,0,Female
335,1,14.8,6.0,1,1,0,1,1,Male
336,0,14.9,6.2,1,0,1,1,1,Male
337,1,13.8,6.1,1,1,0,1,1,Male
338,1,14.6,6.7,1,1,1,1,1,Male
339,1,14.5,6.5,1,0,1,1,1,Male
340,1,14.0,6.2,1,0,0,0,0,Female
341,0,13.5,5.3,1,1,0,0,1,Female
342,1,11.4,6.0,1,0,0,0,0,Female
343,1,13.9,6.5,1,0,0,0,0,Female
344,1,14.7,5.8,1,1,0,1,1,Male
345,1,14.9,5.9,1,1,1,1,1,Male
346,1,14.1,5.3,1,0,0,0,0,Female
347,1,12.0,5.2,1,0,0,0,0,Female
348,1,11.9,6.5,1,0,0,0,0,Female
349,1,11.8,5.9,1,1,1,1,1,Male
350,1,15.4,5.6,1,1,1,1,1,Male
351,1,12.2,5.4,1,0,0,0,1,Female
352,1,11.8,6.7,1,1,1,1,1,Male
353,0,12.8,6.2,1,1,0,0,0,Female
354,1,13.3,6.4,1,1,1,1,1,Male
355,1,12.2,6.0,1,0,0,0,1,Female
356,1,13.3,5.6,1,1,1,1,1,Male
357,0,11.6,6.2,1,0,0,0,0,Female
358,1,12.7,6.6,1,1,1,1,1,Male
359,1,13.9,6.2,1,0,0,0,0,Female
360,1,14.2,7.1,1,1,1,1,1,Male
361,1,12.2,5.9,1,0,0,0,1,Female
362,1,13.8,5.5,1,0,0,1,1,Male
363,1,14.1,6.5,1,0,0,0,0,Female
364,1,13.4,6.4,1,0,0,0,0,Female
365,1,14.3,6.4,1,1,1,1,1,Male
366,1,11.6,5.1,1,0,0,1,0,Female
367,1,15.5,6.8,1,1,1,1,1,Male
368,1,14.3,5.5,1,0,1,0,0,Female
369,1,11.6,6.8,1,1,1,1,1,Male
370,1,13.8,5.5,1,0,0,0,0,Female
371,1,14.4,6.1,1,1,1,1,0,Male
372,1,13.9,6.0,1,0,0,0,0,Female
373,1,11.5,5.9,1,0,0,0,0,Female
374,1,12.0,6.4,1,0,0,0,0,Female
375,0,11.4,5.4,1,0,0,0,0,Female
376,1,13.2,6.0,1,0,0,0,0,Female
377,1,12.9,5.5,1,1,1,1,1,Male
378,1,11.6,5.4,1,0,0,0,1,Female
379,1,15.5,6.8,1,1,1,1,1,Male
380,0,14.5,6.6,1,0,1,1,0,Male
381,1,12.1,5.5,1,1,1,1,0,Male
382,1,15.1,6.3,1,1,0,1,1,Male
383,1,13.7,6.2,1,0,0,0,0,Female
384,1,12.9,6.3,1,0,0,0,1,Female
385,1,14.4,6.6,1,0,1,1,1,Male
386,0,12.8,6.3,1,0,0,1,0,Female
387,0,13.4,6.6,1,1,1,1,1,Male
388,1,14.7,7.0,1,1,1,1,1,Male
389,1,14.1,6.9,1,1,0,1,1,Male
390,1,13.3,5.5,1,0,0,1,0,Female
391,1,13.2,5.9,1,1,0,1,0,Female
392,1,12.1,6.2,1,1,1,1,1,Male
393,0,12.5,5.7,1,1,1,1,1,Male
394,1,12.8,6.1,1,0,0,0,0,Female
395,1,13.3,5.5,1,0,0,0,0,Female
396,1,15.5,5.7,1,1,1,0,1,Male
397,1,14.7,6.4,1,1,1,1,1,Male
398,1,12.5,7.0,1,0,1,1,1,Male
399,1,11.6,6.5,1,0,0,0,0,Female
400,0,13.2,6.2,1,0,0,0,0,Female
401,0,12.0,5.1,1,0,0,0,0,Female
402,1,14.2,5.4,1,0,0,0,0,Female
403,0,13.4,7.0,1,1,1,1,1,Male
404,1,15.5,6.9,1,1,0,1,0,Male
405,1,14.7,5.9,1,0,0,1,1,Male
406,1,13.1,5.9,1,0,0,0,0,Female
407,0,15.1,7.0,1,1,1,1,1,Male
408,1,13.5,5.8,1,1,0,1,1,Male
409,1,13.5,5.4,1,0,0,0,0,Female
410,1,12.1,6.4,1,0,0,1,0,Female
411,1,14.0,5.9,1,1,1,1,1,Male
412,0,13.7,6.3,1,0,0,0,0,Female
413,1,13.3,6.1,1,0,1,0,0,Female
414,1,13.8,5.5,1,0,0,0,0,Female
415,0,12.2,7.0,1,1,1,1,0,Male
416,1,12.5,7.1,1,1,1,1,1,Male
417,0,14.6,6.9,1,1,1,1,1,Male
418,1,13.9,6.2,1,0,0,1,1,Female
419,1,12.7,6.4,1,1,1,1,1,Male
420,0,14.2,5.4,1,0,0,0,0,Female
421,1,13.6,5.2,1,0,1,1,0,Female
422,0,12.1,6.1,1,1,1,1,1,Male
423,1,11.8,5.9,1,1,0,0,0,Female
424,0,11.8,5.1,1,1,0,0,0,Female
425,1,13.2,6.6,1,0,1,1,1,Male
426,1,11.6,6.9,1,1,1,1,1,Male
427,1,12.5,5.6,1,0,0,0,0,Female
428,1,13.0,5.7,1,1,1,0,1,Male
429,1,14.1,6.1,1,0,0,0,0,Female
430,1,14.2,6.4,1,0,1,0,0,Female
431,1,11.7,5.4,1,0,0,0,0,Female
432,1,15.4,6.4,1,0,1,1,1,Male
433,1,11.9,5.9,1,0,0,0,0,Female
434,1,12.0,5.2,1,1,1,1,1,Male
435,1,14.3,5.1,1,0,0,0,0,Female
436,1,12.6,6.2,1,0,0,0,0,Female
437,1,14.6,6.5,1,1,1,1,1,Male
438,0,13.3,5.1,1,0,0,0,1,Female
439,1,12.7,5.2,1,0,1,0,1,Male
440,1,13.8,5.5,1,1,1,0,0,Female
441,1,11.7,6.1,1,1,0,0,0,Female
442,1,14.7,6.5,1,1,1,1,1,Male
443,0,15.1,6.8,1,1,1,1,1,Male
444,1,12.9,5.7,1,1,1,1,1,Male
445,1,14.1,5.2,1,0,0,0,0,Female
446,1,13.9,6.1,1,0,0,1,0,Female
447,1,11.8,5.7,1,1,1,1,1,Male
448,1,12.1,5.9,1,1,0,0,0,Female
449,1,14.0,6.1,1,0,0,0,0,Female
450,1,13.7,5.8,1,1,1,1,1,Male
451,0,11.9,5.8,1,0,1,0,0,Female
452,1,12.5,5.3,1,1,1,1,0,Male
453,1,11.7,6.4,1,0,0,0,0,Female
454,1,12.8,6.2,1,0,0,0,0,Female
455,1,12.2,6.1,1,0,0,0,0,Female
456,1,12.4,6.5,1,0,0,0,0,Female
457,0,12.8,6.3,1,1,1,1,1,Male
458,0,13.2,5.9,1,1,1,1,0,Male
459,0,14.0,5.8,1,0,0,0,0,Female
460,1,11.9,6.9,1,1,1,1,1,Male
461,1,12.5,5.3,1,1,1,0,1,Male
462,1,14.9,5.5,1,0,1,1,1,Male
463,1,11.6,6.5,1,0,0,0,0,Female
464,1,14.1,5.1,1,0,0,1,1,Male
465,1,11.4,6.1,1,0,0,0,0,Female
466,1,13.3,,1,1,1,1,1,Male
467,1,13.1,,1,0,0,0,0,Female
468,1,14.2,,1,1,1,1,1,Male
469,1,14.1,,1,1,1,1,1,Male
470,1,12.9,,1,0,1,0,0,Female
471,1,13.0,,1,1,1,1,1,Male
472,1,15.0,,1,1,1,1,1,Male
473,1,13.0,,1,1,1,0,1,Female
474,1,12.0,,1,0,0,0,1,Female
475,1,12.2,6.0,1,0,0,0,0,Female
476,1,12.7,6.1,1,0,1,1,1,Male
477,1,12.7,6.2,1,1,1,1,1,Male
478,1,11.6,6.0,1,0,0,0,0,Female
479,1,13.2,6.0,1,0,0,0,0,Female
480,1,12.6,6.4,1,1,1,1,1,Male
481,1,12.7,5.8,1,1,0,1,1,Male
482,1,11.4,5.9,1,0,1,1,0,Female
483,1,14.3,6.4,1,0,0,0,0,Female
484,1,12.8,5.3,1,1,1,0,0,Female
485,1,12.0,5.5,1,0,0,0,0,Female
486,0,14.4,5.9,1,1,0,1,1,Male
487,1,13.4,5.5,1,0,0,0,0,Female
488,1,14.3,6.3,1,1,1,1,1,Male
489,1,12.5,5.3,1,0,0,0,0,Female
490,1,12.3,6.4,1,0,1,1,1,Male
491,1,12.4,6.8,1,1,0,0,1,Male
492,1,14.6,6.1,1,1,1,1,1,Male
493,1,12.0,6.4,1,0,0,0,0,Female
494,0,11.7,5.2,1,1,1,1,1,Male
495,1,13.0,7.1,1,1,1,1,1,Male
496,1,11.7,6.2,1,1,1,1,0,Male
497,1,12.0,5.3,1,0,1,0,0,Female
498,1,14.3,6.8,1,1,1,1,1,Male
499,1,13.7,5.8,1,1,1,1,1,Male
500,1,11.5,5.1,1,0,1,0,0,Female
501,0,11.9,5.8,1,0,0,1,0,Female
502,1,14.9,5.2,1,1,1,1,1,Male
503,1,12.1,6.8,1,0,1,1,0,Male
504,1,12.9,6.3,1,0,0,0,0,Female
505,0,15.3,5.7,1,1,1,1,1,Male
506,1,11.6,5.2,1,0,0,0,0,Female
507,1,13.7,6.4,1,0,0,0,0,Female
508,1,12.2,6.2,1,0,0,1,0,Female
509,0,14.2,5.2,1,1,0,0,0,Female
510,1,14.9,5.1,1,1,1,1,0,Male
511,1,14.6,5.7,1,1,1,0,1,Male
512,1,13.6,5.7,1,0,0,0,1,Female
513,1,11.6,5.6,1,0,0,0,0,Female
514,1,13.7,5.7,1,0,0,0,0,Female
515,1,14.9,5.6,1,1,1,1,1,Male
516,1,13.3,5.6,1,0,0,0,1,Female
517,1,14.2,5.5,1,0,0,0,0,Female
518,1,14.3,5.5,1,0,0,1,0,Female
519,1,12.9,5.5,1,1,1,1,1,Male
520,1,12.6,6.3,1,0,0,0,0,Female
521,1,12.8,6.4,1,0,0,0,0,Female
522,1,12.0,6.2,1,0,1,1,1,Male
523,1,12.3,5.7,1,0,1,0,0,Female
524,0,14.2,6.2,1,1,0,0,1,Male
525,1,12.9,5.9,1,0,0,0,0,Female
526,1,14.2,5.3,1,0,0,0,0,Female
527,1,13.4,5.1,1,0,0,0,0,Female
528,1,14.3,5.3,1,0,0,0,1,Female
529,1,14.5,5.1,1,1,1,1,1,Male
530,1,13.6,5.6,1,0,0,0,0,Female
531,1,13.3,6.9,1,1,1,0,1,Male
532,1,13.4,5.1,1,0,0,0,0,Female
533,1,12.7,5.5,1,0,0,0,0,Female
534,1,12.3,5.6,1,0,0,0,0,Female
535,0,11.6,6.4,1,0,0,0,1,Female
536,1,12.6,7.0,1,1,1,0,1,Male
537,1,13.3,5.2,1,1,1,1,1,Male
538,1,13.3,5.6,1,1,1,1,1,Male
539,1,12.6,6.6,1,0,1,1,1,Male
540,1,13.7,5.6,1,0,0,0,0,Female
541,1,12.2,6.0,1,1,1,1,1,Male
542,1,13.4,5.3,1,0,1,1,0,Male
543,1,11.5,5.7,1,1,1,1,1,Male
544,0,11.5,6.5,1,0,1,1,1,Male
545,0,12.7,5.4,1,1,1,1,1,Male
546,1,13.0,5.6,1,0,0,0,0,Female
547,1,13.9,6.0,1,0,0,0,0,Female
548,0,13.2,5.4,1,1,1,0,1,Male
549,1,15.0,5.5,1,1,1,0,1,Male
550,1,12.3,7.1,1,1,1,1,1,Male
551,1,13.1,5.8,1,1,1,1,1,Male
552,0,12.4,6.8,1,0,1,0,1,Male
553,1,11.7,5.5,1,0,1,1,1,Male
554,1,13.7,5.3,1,0,0,0,0,Female
555,0,14.4,5.2,1,1,1,1,1,Male
556,1,12.3,5.2,1,1,1,1,0,Male
557,1,12.4,5.7,1,1,1,1,1,Male
558,1,14.0,5.9,1,1,1,0,1,Male
559,1,13.7,5.9,1,0,0,0,0,Female
560,1,12.4,5.4,1,1,1,0,0,Male
561,0,15.5,5.6,1,0,1,1,1,Male
562,0,12.0,5.8,1,0,0,0,0,Female
563,1,13.8,5.1,1,1,0,0,0,Female
564,1,12.6,5.8,1,0,0,0,0,Female
565,1,12.3,6.2,1,1,1,0,0,Female
566,0,11.6,5.2,1,1,1,1,0,Male
567,1,12.9,5.2,1,1,1,0,1,Male
568,1,13.7,6.1,1,0,0,0,0,Female
569,1,13.2,5.6,1,0,0,0,1,Female
570,1,12.2,6.2,1,1,1,1,1,Male
571,1,12.4,5.3,1,1,1,1,1,Male
572,1,13.7,5.6,1,0,0,0,1,Female
573,1,13.5,5.7,1,0,0,1,0,Female
574,1,15.0,6.8,1,1,1,1,1,Male
575,1,11.5,7.0,1,1,1,1,0,Male
576,1,12.9,5.6,1,0,0,0,0,Female
577,1,14.7,5.8,1,1,0,1,1,Male
578,1,11.8,7.0,1,1,1,1,1,Male
579,1,13.2,6.7,1,1,1,1,1,Male
580,1,13.2,7.0,1,1,1,0,1,Male
581,1,13.4,6.4,1,0,0,0,0,Female
582,1,12.1,5.1,1,0,0,0,0,Female
583,1,13.2,7.1,1,1,1,1,1,Male
584,1,13.7,6.6,1,0,1,0,1,Male
585,1,12.5,5.2,1,0,0,0,0,Female
586,1,11.8,6.1,1,0,0,0,0,Female
587,1,13.8,5.8,1,1,0,1,0,Male
588,1,14.0,5.2,1,0,0,0,0,Female
589,1,12.4,6.4,1,0,0,1,1,Female
590,1,14.6,6.8,1,1,1,1,1,Male
591,1,13.6,6.3,1,1,1,1,1,Male
592,1,12.7,6.5,1,0,0,0,0,Female
593,1,13.2,6.1,1,1,1,1,1,Male
594,1,11.5,5.6,1,0,0,0,0,Female
595,1,14.9,6.2,1,1,1,1,1,Male
596,1,14.1,6.0,1,0,0,0,0,Female
597,1,11.8,5.8,1,0,0,0,0,Female
598,1,13.0,5.7,1,1,1,1,1,Male
599,1,11.7,6.5,1,0,0,0,0,Female
600,0,11.4,5.4,1,0,0,0,1,Female
601,1,13.6,5.5,1,0,0,1,0,Female
602,1,13.7,6.1,1,0,0,0,0,Female
603,1,11.5,5.3,1,0,0,0,0,Female
604,1,11.6,5.2,1,1,0,1,1,Male
605,1,11.6,6.4,1,0,1,0,0,Female
606,1,13.1,5.4,1,0,0,0,0,Female
607,1,15.3,5.7,1,0,1,1,1,Male
608,1,14.2,6.6,1,1,1,1,1,Male
609,1,13.6,5.9,1,0,0,0,0,Female
610,1,14.2,6.9,1,1,1,1,1,Male
611,1,13.5,6.0,1,0,1,1,0,Female
612,1,13.3,6.0,1,1,1,0,1,Male
613,1,14.1,5.8,1,0,0,0,0,Female
614,1,13.4,5.7,1,0,0,0,0,Female
615,1,15.1,7.1,1,1,1,1,1,Male
616,1,14.3,6.2,1,0,0,0,1,Female
617,1,13.7,5.8,1,0,1,1,1,Male
618,1,12.2,5.9,1,1,1,1,1,Male
619,1,14.9,5.9,1,1,0,1,1,Male
620,1,13.9,5.7,1,0,0,0,0,Female
621,1,13.4,5.2,1,0,0,0,0,Female
622,1,13.0,5.4,1,0,1,0,1,Female
623,1,14.1,6.0,1,0,0,0,0,Female
624,1,,5.8,1,1,0,0,0,Female
625,1,,6.3,1,0,0,0,0,Female
626,1,,5.9,1,1,1,1,0,Male
627,1,,6.5,1,1,1,1,1,Male
628,1,,6.9,1,1,1,1,1,Male
629,1,,6.4,1,0,0,0,1,Female
630,1,,6.8,1,1,1,1,1,Male
631,1,,5.6,1,1,1,1,1,Male
632,1,,5.3,1,1,1,1,1,Male
633,1,,6.4,1,1,0,0,0,Female
634,1,,6.2,1,1,1,0,0,Male
635,1,,6.3,1,1,0,0,1,Male
636,1,14.0,5.5,1,1,1,1,1,Male
637,1,13.0,5.4,1,0,0,0,0,Female
638,0,15.3,5.3,1,1,0,0,1,Male
639,1,12.2,6.0,1,0,0,0,0,Female
640,1,12.8,6.3,1,0,0,0,0,Female
641,1,13.5,6.4,1,1,0,0,0,Female
642,1,12.5,6.5,1,1,1,1,1,Male
643,1,12.8,5.6,1,1,1,1,1,Male
644,1,12.0,6.6,1,1,1,1,1,Male
645,0,13.6,5.9,1,1,1,1,1,Male
646,1,12.2,5.2,1,1,0,0,0,Female
647,1,15.1,5.4,1,1,1,1,1,Male
648,1,13.4,5.8,1,0,1,0,0,Female
649,1,13.8,5.9,1,1,0,0,0,Female
650,1,11.4,5.1,1,0,0,0,0,Female
651,0,12.2,5.7,1,1,1,1,1,Male
652,1,14.6,6.5,1,1,1,1,0,Male
653,1,12.2,5.7,1,1,0,0,0,Female
654,1,12.7,5.1,1,1,0,1,1,Male
655,1,12.4,6.8,1,1,1,0,1,Male
656,1,11.8,5.4,1,1,0,0,0,Female
657,1,14.7,7.1,1,1,1,1,1,Male
658,1,14.8,6.9,1,1,1,1,1,Male
659,0,12.0,6.4,1,1,1,0,1,Male
660,1,14.5,5.1,1,0,1,1,1,Male
661,1,14.0,6.0,1,0,1,0,0,Female
662,1,14.3,5.9,1,1,0,1,1,Female
663,0,12.2,6.1,1,1,1,0,1,Male
664,1,14.8,5.3,1,1,1,1,1,Male
665,1,15.1,5.6,1,1,1,1,1,Male
666,1,12.6,6.1,1,1,0,1,0,Female
667,1,13.8,6.2,1,1,1,0,1,Male
668,1,14.1,5.8,1,0,0,1,0,Female
669,0,13.8,6.4,1,1,1,1,1,Male
670,0,15.0,6.7,1,1,1,1,1,Male
671,1,12.9,5.8,1,1,1,0,1,Male
672,1,13.1,6.6,1,1,1,1,1,Male
673,0,11.8,5.6,1,0,0,0,0,Female
674,1,13.7,5.6,1,0,0,0,0,Female
675,1,11.7,6.0,1,1,1,0,0,Female
676,1,13.1,6.4,1,0,0,0,0,Female
677,1,14.3,5.7,1,0,0,0,0,Female
678,1,15.4,5.4,1,1,1,1,1,Male
679,1,12.4,5.1,1,0,0,0,0,Female
680,1,14.2,6.4,1,0,0,0,1,Female
681,1,13.4,5.7,1,0,0,0,0,Female
682,1,14.0,5.3,1,1,1,1,1,Male
683,1,13.5,5.5,1,1,1,1,1,Male
684,0,14.0,5.4,1,1,1,1,1,Male
685,1,12.2,5.6,1,0,0,0,0,Female
686,1,11.8,6.3,1,0,0,0,1,Female
687,1,13.9,6.2,1,0,0,1,0,Female
688,1,11.4,6.1,1,0,0,0,0,Female
689,1,12.2,6.4,1,0,1,0,0,Female
690,1,13.9,5.1,1,1,1,1,0,Male
691,1,12.7,6.3,1,0,0,0,0,Female
692,1,13.7,5.2,1,1,0,0,1,Female
693,0,11.4,5.4,1,0,0,0,0,Female
694,1,12.4,6.6,1,1,0,1,1,Male
695,1,14.7,5.6,1,1,1,1,1,Male
696,1,14.9,6.7,1,1,1,1,1,Male
697,1,12.8,5.7,1,1,0,0,0,Female
698,1,13.7,6.1,1,0,0,0,0,Female
699,1,13.2,7.0,1,1,1,1,1,Male
700,1,14.0,5.6,1,0,0,0,0,Female
701,1,12.3,6.3,1,1,1,1,1,Male
702,1,12.7,5.8,1,1,1,1,1,Male
703,1,11.9,6.0,1,0,0,0,0,Female
704,1,13.9,5.1,1,0,0,0,0,Female
705,1,13.9,6.3,1,0,0,0,0,Female
706,0,15.2,5.6,1,1,1,1,1,Male
707,1,11.5,6.7,1,1,1,0,1,Male
708,1,13.1,5.3,1,1,1,1,1,Male
709,1,14.4,5.3,1,1,1,1,1,Male
710,1,14.2,5.9,1,0,0,0,0,Female
711,1,13.2,6.9,1,1,0,1,1,Male
712,1,14.4,6.4,1,1,1,1,1,Male
713,1,14.1,5.7,1,0,0,0,0,Female
714,1,13.7,5.3,1,0,0,0,0,Female
715,1,12.2,5.3,1,0,0,0,0,Female
716,0,14.9,5.9,1,1,1,1,1,Male
717,1,13.3,6.1,1,1,1,1,1,Male
718,1,14.7,7.0,1,0,0,1,1,Male
719,1,14.8,5.9,1,1,1,0,0,Male
720,1,14.8,6.0,1,1,1,1,1,Male
721,1,13.1,6.7,1,1,0,0,1,Male
722,1,12.5,5.7,1,0,0,0,0,Female
723,1,13.8,7.0,1,1,1,1,1,Male
724,0,12.9,6.2,1,0,0,0,0,Female
725,1,13.0,5.4,1,1,1,1,0,Male
726,1,14.3,6.2,1,1,1,0,1,Male
727,1,12.0,6.3,1,1,1,1,0,Male
728,1,13.1,6.5,1,1,1,1,1,Male
729,0,15.5,6.3,1,1,0,0,1,Male
730,1,12.1,5.9,1,1,1,1,1,Male
731,1,12.1,5.2,1,1,0,0,0,Female
732,1,12.1,6.3,1,0,0,1,0,Female
733,1,11.7,6.0,1,0,0,0,0,Female
734,1,11.5,6.5,1,0,0,0,0,Female
735,0,12.6,6.1,1,1,1,1,1,Male
736,0,13.2,6.3,1,0,0,0,0,Female
737,1,11.7,5.9,1,0,0,0,0,Female
738,1,12.0,6.1,1,1,1,1,1,Male
739,1,14.2,5.2,1,1,1,1,1,Male
740,0,13.8,6.5,1,1,1,1,0,Male
741,0,13.8,6.8,1,1,1,1,1,Male
742,1,11.7,6.5,1,0,0,0,0,Female
743,1,14.9,6.6,1,1,1,0,1,Male
744,1,12.0,6.9,1,0,1,1,1,Male
745,1,11.8,6.4,1,0,0,0,0,Female
746,1,14.1,5.8,1,0,0,0,0,Female
747,0,13.6,5.9,1,0,1,0,0,Female
748,0,14.8,5.4,1,0,0,1,1,Male
749,1,11.8,6.4,1,0,1,0,0,Female
750,1,11.8,5.4,1,1,0,1,1,Male
751,0,13.9,6.1,1,0,0,0,0,Female
752,1,12.6,5.4,1,0,0,0,0,Female
753,1,12.8,6.5,1,0,0,1,0,Female
754,1,11.7,5.7,1,0,0,0,0,Female
755,1,11.7,5.7,1,1,0,0,0,Female
756,1,13.7,5.8,1,0,0,1,0,Female
757,1,12.8,7.1,1,1,1,1,0,Male
758,1,12.3,6.2,1,0,0,1,0,Female
759,1,11.9,5.5,1,0,1,0,1,Male
760,1,12.9,6.5,1,0,0,0,0,Female
761,1,12.2,6.0,1,0,1,0,0,Female
762,1,12.6,5.1,1,0,1,1,1,Male
763,1,14.3,6.1,1,0,0,0,0,Female
764,1,14.7,5.6,1,1,1,1,1,Male
765,1,14.9,6.6,1,1,1,1,1,Male
766,1,11.4,5.6,1,0,0,0,0,Female
767,1,15.3,6.2,1,1,0,1,1,Male
768,1,13.9,6.8,1,1,1,1,1,Male
769,1,15.5,6.8,1,1,1,1,1,Male
770,0,12.9,6.0,1,0,0,0,0,Female
771,1,11.7,6.4,1,1,0,0,1,Female
772,1,14.3,6.2,1,0,0,0,0,Female
773,1,11.7,5.3,1,0,0,0,1,Female
774,1,11.8,5.5,1,0,1,0,1,Female
775,0,15.0,6.3,1,1,1,1,1,Male
776,1,12.5,5.9,1,1,1,1,1,Male
777,1,12.2,5.8,1,1,0,1,0,Male
778,1,12.6,5.2,1,0,0,0,0,Female
779,0,13.9,5.9,1,1,1,1,1,Male
780,0,11.9,6.3,1,1,1,0,1,Male
781,0,12.3,5.5,1,0,0,0,0,Female
782,1,11.9,6.8,1,0,1,1,1,Male
783,0,12.6,5.4,1,0,0,0,0,Female
784,1,12.2,5.2,1,1,0,1,1,Male
785,1,14.1,6.1,1,0,0,0,1,Female
786,1,12.9,7.1,1,1,1,1,1,Male
787,1,13.5,5.4,1,1,1,1,1,Male
788,1,12.6,5.7,1,0,0,0,0,Female
789,1,13.5,5.6,1,1,0,0,0,Female
790,1,13.2,7.0,1,1,0,1,0,Male
791,1,13.5,6.4,1,1,0,1,0,Female
792,1,12.3,5.9,1,0,0,0,0,Female
793,1,13.3,6.4,1,1,0,1,0,Male
794,1,11.7,5.4,1,1,1,1,1,Male
795,1,11.5,6.3,1,0,1,1,1,Male
796,1,14.2,6.4,1,1,0,1,1,Male
797,1,13.8,5.9,1,1,1,1,1,Male
798,1,11.5,5.3,1,0,0,0,0,Female
799,1,11.5,5.9,1,0,0,1,0,Female
800,1,13.0,5.9,1,0,0,1,0,Female
801,1,12.2,5.2,1,0,0,0,0,Female
802,1,14.4,5.3,1,1,1,1,1,Male
803,1,14.2,5.8,1,1,1,1,0,Male
804,1,13.9,6.2,1,1,1,1,1,Male
805,0,13.1,6.1,1,0,0,0,0,Female
806,1,13.2,5.9,1,1,0,0,0,Female
807,1,13.1,6.6,1,1,1,0,1,Male
808,1,12.0,6.5,1,0,0,0,0,Female
809,1,13.3,6.3,1,0,0,0,0,Female
810,1,13.4,5.1,1,0,0,0,0,Female
811,1,11.5,5.1,1,0,0,0,0,Female
812,1,13.8,5.1,1,0,0,1,0,Female
813,1,13.3,5.4,1,0,0,0,0,Female
814,1,13.1,6.1,1,0,0,1,0,Female
815,1,15.2,6.4,1,1,1,1,1,Male
816,1,11.9,6.3,1,1,1,1,0,Male
817,1,12.7,6.3,1,0,0,0,0,Female
818,1,13.7,6.4,1,0,0,0,0,Female
819,1,13.0,5.8,1,0,0,0,0,Female
820,1,12.4,6.6,1,1,1,1,1,Male
821,1,12.2,5.2,1,0,1,1,1,Male
822,1,12.4,5.7,1,0,0,0,0,Female
823,1,12.3,6.0,1,1,0,0,0,Female
824,1,14.1,5.4,1,1,1,0,1,Male
825,1,11.5,6.2,1,0,1,0,0,Female
826,1,13.3,5.5,1,0,0,0,0,Female
827,1,12.9,5.3,1,0,0,0,0,Female
828,1,13.5,6.4,1,1,1,1,1,Male
829,0,12.9,6.2,1,0,0,0,0,Female
830,1,12.8,5.6,1,0,0,0,0,Female
831,1,12.6,5.2,1,0,1,1,0,Female
832,1,12.0,7.1,1,1,1,1,1,Male
833,1,11.6,5.5,1,0,0,0,0,Female
834,1,12.3,6.9,1,1,1,1,1,Male
835,1,13.4,6.1,1,1,1,1,1,Male
836,1,15.1,6.6,1,1,1,1,1,Male
837,1,13.5,5.9,1,0,1,0,0,Female
838,1,13.6,5.5,1,0,0,0,0,Female
839,1,12.4,6.8,1,1,1,1,0,Male
840,1,12.4,6.4,1,1,1,1,1,Male
841,1,12.8,6.6,1,1,1,1,1,Male
842,1,12.5,5.6,1,0,1,0,0,Female
843,1,12.8,5.3,1,0,1,0,0,Female
844,1,12.0,6.3,1,0,0,0,0,Female
845,1,13.3,6.1,1,1,1,1,1,Male
846,0,13.6,5.7,1,1,1,1,1,Male
847,1,11.8,6.0,1,1,1,1,1,Male
848,1,12.6,6.7,1,1,1,1,1,Male
849,1,13.8,5.8,1,0,1,1,0,Male
850,1,12.0,5.5,1,0,0,0,0,Female
851,1,12.0,5.2,1,0,1,0,0,Female
852,0,15.3,6.8,1,1,1,1,1,Male
853,1,14.3,5.9,1,0,0,0,0,Female
854,1,12.3,5.8,1,0,0,0,0,Female
855,1,15.0,5.6,1,1,1,1,1,Male
856,1,13.5,6.5,1,1,1,1,1,Male
857,1,13.2,6.2,1,1,1,1,0,Male
858,1,11.5,6.4,1,0,0,0,0,Female
859,1,14.6,5.3,1,1,1,1,1,Male
860,1,14.3,6.5,1,0,1,0,0,Female
861,1,11.4,5.5,1,0,0,0,0,Female
862,1,12.7,5.3,1,0,0,0,1,Female
863,1,11.4,6.4,1,0,1,0,0,Female
864,1,14.6,6.9,1,1,1,1,1,Male
865,1,11.5,5.5,1,1,1,1,1,Male
866,1,12.7,5.6,1,0,1,0,0,Female
867,1,11.5,6.0,1,1,0,0,0,Female
868,1,12.2,5.1,1,0,0,0,0,Female
869,1,14.2,5.3,1,1,1,1,0,Male
870,1,11.7,5.2,1,0,0,0,0,Female
871,1,12.5,5.8,1,0,0,0,0,Female
872,1,13.5,5.4,1,0,1,0,0,Male
873,1,11.5,6.5,1,0,0,0,0,Female
874,1,13.8,5.7,1,0,0,0,0,Female
875,1,11.6,5.8,1,1,1,1,1,Male
876,1,13.1,6.1,1,0,0,0,0,Female
877,0,13.7,5.8,1,1,1,1,1,Male
878,1,11.8,6.0,1,0,0,1,0,Female
879,1,13.4,6.5,1,1,1,0,1,Male
880,1,12.5,6.7,1,1,1,1,1,Male
881,0,14.9,6.0,1,1,1,1,1,Male
882,1,15.4,7.1,1,1,1,1,1,Male
883,1,15.3,6.4,1,1,1,0,1,Male
884,1,13.4,5.4,1,0,0,0,0,Female
885,1,14.0,6.5,1,0,0,0,0,Female
886,1,14.3,6.0,1,1,1,1,1,Male
887,1,13.3,6.3,1,1,1,0,0,Female
888,1,11.8,5.7,1,1,1,1,1,Male
889,1,15.2,6.6,1,1,1,1,1,Male
890,1,11.5,6.2,1,1,0,1,1,Male
891,1,14.7,5.7,1,0,1,1,1,Male
892,1,11.7,5.9,1,0,0,1,0,Female
893,1,13.3,5.4,1,1,1,1,1,Male
894,1,14.1,5.7,1,1,1,1,1,Male
895,1,13.0,5.4,1,0,0,0,0,Female
896,1,13.0,6.3,1,0,0,0,1,Female
897,1,14.6,5.3,1,0,0,1,1,Male
898,1,15.1,6.5,1,1,1,1,1,Male
899,1,13.7,5.8,1,0,0,0,0,Female
900,1,13.5,6.1,1,0,0,0,0,Female
901,0,12.9,5.7,1,0,0,0,0,Female
902,1,13.3,6.2,1,0,0,0,0,Female
903,1,12.2,6.2,1,0,0,0,0,Female
904,1,13.1,5.1,1,0,1,0,0,Female
905,1,12.5,6.0,1,1,1,0,1,Male
906,1,13.4,5.5,1,0,0,0,0,Female
907,1,14.3,6.7,1,0,1,1,1,Male
908,1,12.8,7.0,1,0,1,1,1,Male
909,1,12.4,5.3,1,0,1,0,0,Female
910,1,13.0,5.1,1,0,0,0,0,Female
911,1,13.7,6.8,1,1,1,1,1,Male
912,1,13.4,5.1,1,0,0,0,0,Female
913,0,12.0,6.2,1,0,1,0,0,Female
914,1,13.5,6.1,1,0,0,0,0,Female
915,1,11.6,6.5,1,0,0,0,0,Female
916,1,15.1,6.1,1,1,1,1,1,Male
917,1,15.0,6.0,1,1,1,1,0,Male
918,1,12.1,5.1,1,1,0,0,0,Female
919,1,14.1,5.3,1,0,1,0,1,Female
920,0,14.1,6.1,1,0,0,0,0,Female
921,1,12.3,6.4,1,1,1,1,1,Male
922,1,13.1,5.8,1,0,0,0,1,Female
923,1,14.6,6.8,1,1,1,0,1,Male
924,1,11.8,6.1,1,1,0,1,1,Male
925,0,15.5,6.4,1,1,0,1,1,Male
926,1,12.0,6.1,1,0,0,0,0,Female
927,0,12.0,5.5,1,0,0,0,0,Female
928,0,14.7,6.5,1,1,1,1,1,Male
929,1,12.2,6.4,1,1,1,1,1,Male
930,1,15.5,5.3,1,1,1,1,1,Male
931,1,11.4,5.1,1,0,0,0,0,Female
932,1,12.4,5.9,1,1,1,1,1,Male
933,1,11.5,6.3,1,1,1,0,1,Male
934,1,12.4,6.0,1,0,0,0,1,Female
935,1,12.6,6.5,1,1,1,0,1,Male
936,1,13.2,6.9,1,1,1,1,1,Male
937,1,12.6,6.0,1,1,1,1,1,Male
938,1,12.1,5.9,1,0,0,0,0,Female
939,1,12.1,5.9,1,0,0,0,0,Female
940,1,14.1,6.4,1,1,1,0,0,Female
941,1,12.4,6.2,1,0,0,0,0,Female
942,1,12.2,5.7,1,1,1,0,1,Male
943,1,14.5,7.1,1,1,1,1,0,Male
944,0,12.1,6.1,1,0,0,0,0,Female
945,1,13.7,5.7,1,0,0,0,0,Female
946,1,11.9,5.6,1,1,1,0,0,Female
947,1,11.6,6.8,1,1,1,1,0,Male
948,0,14.2,5.8,1,0,0,0,0,Female
949,1,12.9,6.4,1,0,0,0,1,Female
950,1,13.2,7.1,1,1,1,1,1,Male
951,0,13.9,5.4,1,0,0,0,0,Female
952,1,13.2,7.0,1,1,1,1,1,Male
953,1,11.7,6.0,1,1,1,1,1,Male
954,0,14.1,5.5,1,1,0,0,0,Female
955,1,12.3,5.8,1,1,0,0,0,Female
956,1,13.9,5.1,1,1,1,1,1,Male
957,0,12.0,5.8,1,0,0,0,0,Female
958,1,12.7,6.5,1,1,1,1,0,Male
959,1,14.6,5.4,1,0,1,1,0,Male
960,1,12.3,6.3,1,0,0,0,0,Female
961,1,12.5,7.0,1,1,0,0,1,Male
962,1,13.2,6.1,1,0,0,0,0,Female
963,1,13.5,5.3,1,0,0,0,0,Female
964,0,13.8,6.1,1,1,1,0,1,Male
965,1,13.2,6.3,1,1,1,0,1,Male
966,1,13.0,7.0,1,1,1,1,1,Male
967,1,13.5,6.0,1,1,1,1,1,Male
968,1,14.0,7.0,1,1,1,0,1,Male
969,1,14.2,6.2,1,0,1,0,0,Female
970,1,14.3,6.5,1,0,0,0,0,Female
971,1,12.8,6.1,1,0,0,0,1,Female
972,1,15.0,6.6,1,1,1,1,0,Male
973,1,15.1,5.6,1,1,1,0,1,Male
974,1,12.0,6.2,1,0,0,0,0,Female
975,1,13.3,6.0,1,0,0,0,0,Female
976,1,13.3,6.3,1,0,1,0,0,Female
977,1,11.9,5.7,1,0,0,0,0,Female
978,0,13.2,6.3,1,1,1,1,1,Male
979,1,13.3,5.9,1,0,1,1,1,Male
980,0,11.7,7.0,1,1,1,1,0,Male
981,1,13.8,7.0,1,1,1,1,1,Male
982,1,13.3,6.2,1,1,0,1,0,Male
983,1,12.1,5.8,1,0,1,0,0,Female
984,1,14.3,6.1,1,1,1,1,1,Male
985,0,14.5,6.5,1,1,1,1,1,Male
986,1,11.5,6.4,1,1,1,1,1,Male
987,1,12.8,6.2,1,1,1,1,1,Male
988,1,13.1,5.3,1,1,1,0,1,Male
989,0,13.4,5.3,1,1,1,1,1,Male
990,1,12.6,6.5,1,0,0,0,0,Female
991,1,11.6,6.2,1,0,0,0,0,Female
992,1,11.7,6.0,1,0,0,0,0,Female
993,1,13.9,5.5,1,1,0,0,0,Female
994,1,13.8,5.3,1,1,1,1,1,Male
995,1,12.5,6.0,1,0,1,0,0,Female
996,1,13.6,5.3,1,0,1,0,1,Male
997,0,12.7,6.0,1,0,0,0,1,Female
998,1,14.1,5.3,1,0,0,0,0,Female
999,1,12.1,6.2,1,1,1,1,0,Male
1000,1,14.9,6.0,1,1,1,1,1,Male
1001,1,14.2,5.7,1,1,1,1,1,Male
1002,1,13.4,6.1,1,1,1,1,1,Male
1003,0,13.5,6.4,1,1,1,1,1,Male
1004,1,13.4,5.4,1,1,0,0,0,Female
1005,1,14.1,6.3,1,0,0,0,0,Female
1006,1,12.5,5.2,1,0,0,0,0,Female
1007,1,14.0,6.3,1,1,1,0,0,Female
1008,1,13.4,6.4,1,0,0,0,0,Female
1009,1,14.6,6.1,1,1,1,1,1,Male
1010,1,12.6,6.2,1,0,0,0,0,Female
1011,1,14.1,5.2,1,0,0,0,0,Female
1012,1,11.8,6.7,1,1,0,1,1,Male
1013,1,14.9,6.5,1,1,1,0,1,Male
1014,1,15.1,6.1,1,1,1,1,1,Male
1015,1,15.4,7.0,1,1,1,1,1,Male
1016,0,13.6,5.7,1,1,1,1,1,Male
1017,0,13.0,5.3,1,1,1,1,1,Male
1018,1,14.3,5.6,1,1,1,1,1,Male
1019,1,13.9,6.4,1,0,0,0,1,Female
1020,1,12.4,5.1,1,1,1,1,1,Male
1021,1,11.9,5.3,1,0,0,0,0,Female
1022,1,14.8,6.2,1,1,1,1,1,Male
1023,1,13.0,5.5,1,1,1,1,1,Male
1024,0,12.8,7.1,1,0,0,1,1,Male
1025,0,11.4,6.5,1,0,0,0,0,Female
1026,1,13.8,6.2,1,1,1,1,1,Male
1027,1,11.7,5.9,1,0,0,0,1,Female
1028,1,11.5,5.9,1,1,1,1,1,Male
1029,0,14.0,6.3,1,1,1,1,0,Male
1030,1,12.9,6.3,1,1,1,1,1,Male
1031,1,12.6,6.6,1,1,1,1,1,Male
1032,1,11.6,5.3,1,0,0,0,1,Female
1033,1,13.0,6.3,1,1,1,1,0,Male
1034,1,12.1,6.4,1,1,1,0,1,Male
1035,1,12.0,6.1,1,0,0,0,0,Female
1036,1,11.5,5.3,1,0,0,0,0,Female
1037,1,15.5,6.8,1,1,1,1,1,Male
1038,1,13.8,6.3,1,0,0,0,0,Female
1039,1,13.9,6.3,1,1,1,0,0,Male
1040,1,13.4,6.9,1,0,0,1,1,Male
1041,0,14.3,5.9,1,1,1,1,0,Male
1042,1,12.9,5.7,1,0,0,0,0,Female
1043,1,13.4,6.4,1,0,1,0,0,Female
1044,1,11.7,6.3,1,0,0,0,0,Female
1045,1,13.6,6.2,1,1,1,1,0,Male
1046,1,13.4,6.1,1,1,0,0,0,Female
1047,1,13.7,5.2,1,0,1,0,0,Female
1048,1,14.2,5.6,1,1,1,1,1,Male
1049,1,12.1,5.9,1,0,1,0,0,Female
1050,1,13.5,6.2,1,1,1,1,1,Male
1051,1,14.2,6.0,1,0,0,0,0,Female
1052,1,14.7,6.9,1,1,1,1,0,Male
1053,1,13.4,6.4,1,1,0,0,0,Female
1054,0,12.8,5.7,1,1,1,0,1,Male
1055,1,14.7,5.1,1,1,1,1,1,Male
1056,1,13.2,5.9,1,1,1,1,1,Male
1057,1,12.3,6.6,1,1,1,1,1,Male
1058,1,14.0,5.8,1,1,1,1,1,Male
1059,0,13.8,5.8,1,1,1,1,1,Male
1060,1,15.5,6.5,1,1,1,1,1,Male
1061,1,12.6,6.6,1,1,1,1,1,Male
1062,1,15.2,7.0,1,1,1,1,1,Male
1063,1,14.3,5.4,1,0,0,0,0,Female
1064,1,14.8,5.1,1,1,1,1,1,Male
1065,1,12.6,5.6,1,0,0,1,1,Female
1066,1,13.6,6.1,1,0,0,0,0,Female
1067,1,15.0,7.0,1,1,1,1,1,Male
1068,0,12.1,6.3,1,0,0,0,0,Female
1069,0,13.4,6.2,1,0,1,1,1,Male
1070,1,12.2,6.5,1,1,0,1,1,Male
1071,1,12.7,5.8,1,1,1,0,1,Female
1072,1,13.1,5.9,1,1,1,0,1,Male
1073,1,14.6,6.9,1,1,1,1,1,Male
1074,1,14.7,6.3,1,1,1,1,0,Male
1075,0,15.5,5.5,1,1,1,1,1,Male
1076,0,14.9,6.6,1,1,1,1,1,Male
1077,1,14.3,5.2,1,1,1,1,1,Male
1078,1,11.9,6.3,1,0,1,1,1,Male
1079,1,13.6,5.5,1,1,1,1,1,Male
1080,1,14.0,5.9,1,0,0,0,0,Female
1081,1,12.4,5.7,1,0,0,0,0,Female
1082,1,11.9,6.1,1,1,1,1,1,Male
1083,1,14.2,5.1,1,1,0,1,1,Male
1084,1,11.9,6.4,1,1,1,1,1,Male
1085,1,13.3,5.9,1,1,1,1,1,Male
1086,1,12.0,6.6,1,1,1,1,1,Male
1087,1,13.9,6.5,1,1,1,1,1,Male
1088,1,13.8,6.5,1,1,1,1,1,Male
1089,1,14.0,6.0,1,0,0,0,0,Female
1090,1,12.0,5.9,1,0,0,0,0,Female
1091,1,14.1,6.5,1,1,0,1,1,Male
1092,0,11.7,5.4,1,0,0,0,0,Female
1093,1,13.0,5.4,1,0,0,0,0,Female
1094,1,11.4,6.0,1,0,0,0,0,Female
1095,1,12.7,5.5,1,0,1,1,0,Female
1096,1,12.7,5.4,1,0,1,1,1,Male
1097,1,13.9,5.2,1,1,0,0,0,Female
1098,1,14.6,5.2,1,1,1,1,1,Male
1099,0,13.6,5.5,1,0,0,0,0,Female
1100,1,11.8,5.1,1,0,0,0,0,Female
1101,1,12.1,5.9,1,0,0,0,0,Female
1102,1,14.3,5.1,1,1,0,1,1,Male
1103,1,15.4,6.9,1,1,1,0,1,Male
1104,1,11.9,5.5,1,0,0,0,0,Female
1105,1,14.0,7.0,1,1,0,0,1,Male
1106,1,13.1,5.1,1,0,1,0,0,Female
1107,1,11.7,5.2,1,0,1,0,1,Male
1108,1,12.2,6.5,1,1,1,1,1,Male
1109,1,15.2,7.1,1,1,1,1,1,Male
1110,1,13.2,5.2,1,1,0,0,0,Female
1111,1,15.4,5.2,1,1,1,1,0,Male
1112,1,12.1,6.1,1,1,1,1,0,Male
1113,1,14.0,5.6,1,0,0,0,0,Female
1114,1,13.3,5.8,1,0,0,0,0,Female
1115,1,12.9,5.6,1,0,0,0,0,Female
1116,1,11.7,6.0,1,1,1,1,1,Male
1117,1,15.2,6.8,1,1,1,1,1,Male
1118,1,12.6,6.4,1,0,0,0,0,Female
1119,1,12.5,6.0,1,0,0,0,0,Female
1120,1,11.5,6.0,1,0,1,0,0,Female
1121,1,12.3,5.2,1,1,1,1,1,Male
1122,1,13.6,5.2,1,0,0,0,0,Female
1123,1,13.1,6.4,1,1,1,1,1,Male
1124,1,11.6,6.5,1,1,1,1,1,Male
1125,0,13.5,7.1,1,1,1,1,1,Male
1126,1,12.1,5.4,1,0,0,0,0,Female
1127,0,15.2,5.4,1,1,1,1,1,Male
1128,1,11.9,5.9,1,0,0,1,0,Female
1129,1,11.4,5.1,1,0,0,1,0,Female
1130,1,11.9,6.9,1,1,1,1,1,Male
1131,0,11.8,7.0,1,1,1,1,0,Male
1132,1,13.6,5.1,1,1,0,1,1,Male
1133,1,11.9,6.1,1,1,1,1,0,Male
1134,1,13.3,5.9,1,0,0,0,0,Female
1135,1,13.9,5.1,1,1,1,0,0,Female
1136,1,12.6,6.8,1,1,1,0,1,Male
1137,1,12.1,6.1,1,1,1,1,1,Male
1138,0,14.0,5.1,1,1,1,1,1,Male
1139,1,12.4,5.8,1,0,0,0,0,Female
1140,1,12.3,5.9,1,0,0,0,0,Female
1141,1,14.0,6.3,1,1,1,1,1,Male
1142,1,12.7,5.9,1,1,1,1,1,Male
1143,1,13.8,6.3,1,1,1,1,1,Male
1144,1,13.0,5.7,1,1,1,1,1,Male
1145,0,14.0,5.9,1,1,1,1,1,Male
1146,1,14.3,6.4,1,0,0,0,0,Female
1147,1,11.9,5.9,1,0,1,1,1,Male
1148,1,14.4,7.1,1,1,1,1,1,Male
1149,1,13.5,6.3,1,0,0,0,1,Female
1150,1,12.2,7.1,1,0,1,1,1,Male
1151,1,11.9,5.8,1,1,1,1,0,Male
1152,0,13.2,6.3,1,0,0,0,1,Female
1153,1,14.5,5.7,1,1,1,1,1,Male
1154,1,13.0,6.0,1,0,0,0,0,Female
1155,1,12.0,6.1,1,1,1,1,1,Male
1156,1,12.6,6.1,1,0,1,0,0,Female
1157,1,15.4,5.2,1,1,1,1,1,Male
1158,1,12.8,5.5,1,0,0,0,0,Female
1159,1,12.9,5.7,1,0,0,0,0,Female
1160,0,15.3,5.9,1,1,1,1,1,Male
1161,0,14.0,5.5,1,0,0,0,0,Female
1162,1,11.8,6.0,1,0,0,0,0,Female
1163,1,12.8,5.2,1,0,1,0,0,Female
1164,1,14.8,5.2,1,1,1,1,0,Male
1165,1,14.4,6.5,1,1,1,0,1,Male
1166,0,13.1,5.9,1,0,0,0,0,Female
1167,0,13.9,6.0,1,0,0,0,0,Female
1168,1,11.7,5.2,1,0,0,0,0,Female
1169,1,13.2,5.1,1,1,1,1,0,Male
1170,1,12.9,6.1,1,0,0,0,0,Female
1171,0,13.3,6.0,1,1,1,1,1,Male
1172,1,13.0,6.5,1,0,0,0,0,Female
1173,1,13.5,5.7,1,0,0,0,0,Female
1174,1,11.7,5.7,1,1,1,1,1,Male
1175,1,12.2,5.5,1,0,0,0,1,Female
1176,1,13.2,6.1,1,0,0,0,0,Female
1177,1,12.7,6.0,1,0,0,0,0,Female
1178,1,13.3,5.4,1,0,1,0,0,Female
1179,1,12.3,6.5,1,0,0,0,0,Female
1180,1,12.8,5.1,1,0,0,0,0,Female
1181,1,11.4,6.0,1,0,1,0,0,Female
1182,1,11.6,5.9,1,0,0,0,0,Female
1183,0,14.1,6.7,1,1,1,1,1,Male
1184,1,13.8,5.5,1,1,1,1,1,Male
1185,0,12.5,6.2,1,0,0,0,0,Female
1186,1,13.2,5.2,1,1,1,1,1,Male
1187,1,14.1,5.7,1,0,0,0,0,Female
1188,0,13.0,5.5,1,1,0,1,0,Male
1189,1,14.0,5.7,1,0,0,0,0,Female
1190,1,14.1,6.1,1,0,0,0,0,Female
1191,1,13.7,5.8,1,1,1,1,1,Male
1192,1,14.2,6.5,1,0,0,1,0,Female
1193,0,12.5,6.4,1,0,0,0,0,Female
1194,1,12.8,5.7,1,0,0,0,1,Female
1195,1,11.5,5.4,1,0,0,0,0,Female
1196,1,12.4,6.6,1,1,1,1,1,Male
1197,1,14.3,6.5,1,1,1,1,1,Male
1198,1,14.5,6.5,1,0,1,1,1,Male
1199,1,11.9,5.2,1,0,0,0,1,Female
1200,1,15.5,5.3,1,0,1,1,1,Male
1201,1,12.2,5.1,1,1,1,1,0,Male
1202,1,11.6,5.6,1,0,0,0,0,Female
1203,1,14.9,5.3,1,1,1,1,1,Male
1204,1,11.6,6.0,1,0,0,0,0,Female
1205,1,12.1,6.0,1,1,1,1,1,Male
1206,1,13.6,6.2,1,0,0,0,1,Female
1207,1,11.8,6.3,1,0,0,0,0,Female
1208,1,11.6,5.1,1,1,1,1,0,Male
1209,1,11.8,6.9,1,1,0,1,0,Male
1210,0,12.3,6.4,1,0,0,0,0,Female
1211,1,13.6,6.5,1,0,1,1,0,Female
1212,1,14.6,6.5,1,1,1,1,1,Male
1213,1,13.1,5.3,1,0,1,0,1,Female
1214,1,15.1,7.0,1,1,1,1,1,Male
1215,1,13.8,6.2,1,1,1,1,1,Male
1216,1,13.3,5.4,1,1,0,0,0,Female
1217,1,11.7,5.4,1,0,0,0,0,Female
1218,1,12.1,6.3,1,1,1,1,1,Male
1219,0,13.0,5.1,1,0,0,1,1,Male
1220,1,13.2,5.7,1,0,1,1,1,Male
1221,1,14.1,6.4,1,0,0,1,1,Female
1222,1,14.5,6.8,1,0,1,1,1,Male
1223,1,14.0,5.6,1,0,0,1,1,Female
1224,1,11.9,5.9,1,0,0,0,0,Female
1225,1,12.7,5.9,1,0,1,0,0,Female
1226,1,12.4,5.4,1,0,0,0,0,Female
1227,1,12.2,6.1,1,1,1,1,1,Male
1228,0,14.1,5.8,1,0,0,0,0,Female
1229,1,13.1,6.3,1,0,1,1,0,Male
1230,1,15.0,6.5,1,1,1,1,1,Male
1231,1,11.7,5.1,1,1,1,1,1,Male
1232,1,12.6,5.8,1,1,0,1,1,Male
1233,1,11.9,6.0,1,0,0,0,0,Female
1234,1,13.6,5.8,1,0,0,0,0,Female
1235,1,11.6,6.5,1,0,0,0,0,Female
1236,0,14.0,6.4,1,1,0,0,0,Female
1237,1,11.5,6.6,1,1,1,1,1,Male
1238,1,14.0,6.0,1,0,1,1,1,Male
1239,1,14.1,5.8,1,1,1,1,1,Male
1240,1,13.0,5.5,1,1,1,1,1,Male
1241,1,12.7,5.9,1,0,0,1,0,Female
1242,1,13.4,6.0,1,0,0,1,0,Female
1243,1,12.9,5.5,1,0,1,1,1,Male
1244,1,14.5,6.0,1,1,1,1,1,Male
1245,1,13.3,5.1,1,0,0,0,0,Female
1246,1,13.3,6.5,1,0,0,0,0,Female
1247,1,14.3,5.2,1,0,0,0,0,Female
1248,1,12.7,6.1,1,0,0,0,0,Female
1249,1,13.8,5.8,1,0,1,0,0,Female
1250,1,12.7,5.6,1,1,0,1,1,Male
1251,1,11.8,5.5,1,1,0,0,0,Female
1252,1,11.7,5.4,1,0,0,0,0,Female
1253,1,12.0,5.5,1,0,1,0,0,Female
1254,1,12.7,6.5,1,1,1,1,1,Male
1255,1,14.5,6.7,1,0,1,1,1,Male
1256,1,15.2,5.1,1,0,1,1,1,Male
1257,1,14.4,5.1,1,0,1,1,1,Male
1258,1,13.0,5.7,1,0,0,0,1,Female
1259,1,12.0,5.3,1,0,0,0,0,Female
1260,1,15.2,5.8,1,1,1,1,1,Male
1261,1,13.8,6.3,1,0,0,0,1,Female
1262,1,13.5,6.3,1,1,0,1,0,Female
1263,1,12.8,5.3,1,0,0,0,0,Female
1264,0,11.6,6.4,1,0,0,0,1,Female
1265,0,14.8,5.1,1,1,1,1,1,Male
1266,1,12.6,5.7,1,1,1,1,1,Male
1267,1,13.1,5.4,1,0,0,0,1,Female
1268,1,12.8,5.2,1,1,1,1,0,Male
1269,0,15.5,5.5,1,1,1,1,1,Male
1270,1,12.6,7.1,1,1,1,1,1,Male
1271,1,11.4,5.6,1,0,1,0,1,Female
1272,1,13.8,5.1,1,1,1,1,1,Male
1273,1,15.0,7.0,1,1,1,1,1,Male
1274,1,12.9,6.5,1,1,1,0,1,Male
1275,1,13.8,6.0,1,0,1,0,0,Female
1276,1,11.7,5.6,1,0,0,0,0,Female
1277,0,14.1,5.3,1,0,0,0,0,Female
1278,1,14.7,6.2,1,1,1,1,1,Male
1279,1,13.3,6.3,1,1,1,1,1,Male
1280,1,12.0,6.1,1,1,1,1,1,Male
1281,1,14.9,6.8,1,1,1,1,1,Male
1282,0,12.1,6.4,1,1,1,1,1,Male
1283,1,15.0,6.6,1,1,1,1,1,Male
1284,1,13.4,5.5,1,1,1,1,1,Male
1285,1,15.0,5.6,1,1,1,1,1,Male
1286,1,12.3,6.4,1,0,0,0,0,Female
1287,1,15.5,5.8,1,1,1,1,1,Male
1288,1,11.9,6.8,1,1,1,0,1,Male
1289,1,13.3,6.6,1,1,1,1,0,Male
1290,1,15.0,6.7,1,1,1,1,1,Male
1291,1,12.9,6.5,1,0,0,0,0,Female
1292,1,12.5,5.6,1,1,1,1,0,Male
1293,1,12.6,5.3,1,0,0,1,0,Female
1294,1,13.7,6.3,1,0,0,0,0,Female
1295,1,12.4,5.7,1,0,0,0,0,Female
1296,1,14.9,6.1,1,1,1,1,1,Male
1297,1,12.0,6.2,1,1,1,1,0,Male
1298,1,14.2,6.0,1,1,1,1,1,Male
1299,1,14.1,5.9,1,1,1,1,1,Male
1300,1,13.1,6.0,1,0,0,0,0,Female
1301,1,12.9,5.7,1,0,0,0,1,Female
1302,1,13.7,6.0,1,0,1,0,1,Female
1303,1,12.4,6.5,1,0,0,0,0,Female
1304,1,14.8,6.4,1,1,1,1,1,Male
1305,1,14.0,6.4,1,1,1,1,1,Male
1306,1,12.2,6.5,1,0,0,0,0,Female
1307,1,15.5,7.1,1,1,1,0,1,Male
1308,1,15.0,6.7,1,1,1,1,1,Male
1309,1,11.6,5.9,1,0,0,1,0,Female
1310,1,13.8,5.3,1,0,1,0,0,Female
1311,1,11.9,6.3,1,0,0,1,0,Female
1312,1,15.0,5.6,1,1,1,1,1,Male
1313,1,12.3,6.3,1,0,0,0,0,Female
1314,1,14.6,6.1,1,0,0,1,1,Male
1315,1,14.6,5.6,1,1,0,1,1,Male
1316,1,15.1,6.8,1,1,1,0,1,Male
1317,0,15.1,6.2,1,1,1,1,1,Male
1318,0,15.0,5.8,1,1,1,1,1,Male
1319,1,13.3,5.1,1,0,0,1,1,Female
1320,0,13.4,5.3,1,0,0,0,0,Female
1321,1,15.4,6.8,1,1,1,0,1,Male
1322,1,12.3,5.4,1,1,0,0,1,Female
1323,1,12.3,5.3,1,1,1,1,1,Male
1324,1,12.0,6.2,1,1,1,1,1,Male
1325,1,15.5,7.1,1,1,1,1,1,Male
1326,1,12.5,6.3,1,1,1,0,1,Male
1327,1,11.6,6.0,1,0,0,0,0,Female
1328,1,12.0,6.3,1,0,0,0,0,Female
1329,0,11.9,6.2,1,0,0,0,0,Female
1330,1,13.9,5.7,1,0,0,0,0,Female
1331,1,12.9,5.3,1,0,0,0,0,Female
1332,1,13.7,5.9,1,1,0,0,0,Female
1333,1,12.1,6.3,1,1,1,0,0,Female
1334,1,12.8,6.4,1,0,1,1,0,Male
1335,0,13.7,5.1,1,1,1,1,1,Male
1336,1,14.0,5.5,1,1,1,0,1,Male
1337,1,14.5,6.9,1,1,1,1,1,Male
1338,1,11.6,6.4,1,0,0,1,0,Female
1339,1,12.2,5.4,1,0,0,0,0,Female
1340,1,13.5,5.9,1,0,0,1,0,Female
1341,1,15.2,5.2,1,0,1,1,1,Male
1342,1,12.0,5.4,1,0,0,0,0,Female
1343,1,12.0,6.1,1,0,0,0,0,Female
1344,1,15.5,6.1,1,1,1,1,1,Male
1345,1,13.1,5.6,1,1,1,0,0,Male
1346,1,13.4,6.1,1,0,0,0,0,Female
1347,1,13.6,5.8,1,0,0,0,0,Female
1348,1,12.8,6.7,1,1,1,1,1,Male
1349,1,12.4,5.8,1,1,1,1,1,Male
1350,1,14.1,6.2,1,0,0,0,0,Female
1351,1,12.2,5.8,1,1,0,0,0,Female
1352,1,11.5,5.7,1,0,0,0,0,Female
1353,1,12.1,6.1,1,0,0,0,0,Female
1354,0,12.4,5.5,1,0,0,0,0,Female
1355,1,14.6,6.5,1,1,1,1,1,Male
1356,0,12.0,6.1,1,0,0,0,1,Female
1357,1,13.4,5.4,1,0,0,0,0,Female
1358,1,15.2,5.9,1,0,1,1,1,Male
1359,1,12.3,6.0,1,0,0,0,0,Female
1360,0,11.9,6.2,1,0,0,0,0,Female
1361,0,13.5,5.7,1,0,1,0,0,Female
1362,1,11.6,5.8,1,0,1,1,1,Male
1363,1,13.5,6.6,1,1,0,1,1,Male
1364,0,12.0,6.4,1,0,0,0,0,Female
1365,0,12.7,5.8,1,0,0,0,0,Female
1366,1,13.5,6.5,1,0,0,0,0,Female
1367,1,11.7,6.5,1,0,1,0,0,Female
1368,1,13.7,5.3,1,0,0,0,0,Female
1369,1,14.2,6.3,1,0,0,1,1,Male
1370,1,11.7,5.5,1,0,0,0,0,Female
1371,1,14.2,5.6,1,0,0,0,0,Female
1372,1,12.7,5.9,1,0,0,1,0,Female
1373,1,11.6,5.1,1,0,0,0,0,Female
1374,1,12.8,6.9,1,1,1,1,1,Male
1375,0,13.0,,1,1,1,1,1,Male
1376,1,11.8,,1,0,0,0,1,Female
1377,1,14.5,,1,1,0,1,1,Male
1378,1,12.7,6.9,1,0,1,1,1,Male
1379,1,12.7,5.9,1,1,1,1,1,Male
1380,1,11.9,6.3,1,0,1,0,0,Female
1381,0,15.2,5.2,1,1,1,1,1,Male
1382,1,15.0,6.4,1,1,1,1,1,Male
1383,1,13.6,6.6,1,1,0,1,1,Male
1384,1,14.1,6.1,1,0,0,0,0,Female
1385,1,12.2,5.5,1,0,0,0,0,Female
1386,1,14.0,6.1,1,1,1,1,1,Male
1387,1,13.3,6.5,1,0,0,1,0,Female
1388,1,13.4,5.6,1,0,0,0,0,Female
1389,1,12.5,6.9,1,1,0,1,1,Male
1390,1,14.7,6.8,1,1,1,1,0,Male
1391,0,12.8,6.5,1,0,0,0,1,Female
1392,1,15.1,5.8,1,1,1,1,0,Male
1393,1,12.3,5.5,1,0,0,1,0,Female
1394,1,12.3,6.0,1,1,1,1,1,Male
1395,1,14.9,6.2,1,1,1,1,1,Male
1396,1,13.4,5.6,1,1,0,0,0,Female
1397,1,14.3,6.3,1,0,0,0,0,Female
1398,1,11.4,5.5,1,0,0,0,0,Female
1399,1,11.8,5.1,1,0,0,0,0,Female
1400,1,11.6,6.3,1,0,0,1,0,Female
1401,1,12.1,5.3,1,0,0,0,0,Female
1402,1,13.6,5.8,1,1,0,0,0,Female
1403,1,13.7,6.0,1,0,0,0,1,Female
1404,1,11.8,6.2,1,1,1,0,0,Male
1405,1,12.7,6.8,1,1,1,1,0,Male
1406,1,13.4,6.4,1,0,0,0,0,Female
1407,1,15.2,6.4,1,1,1,1,1,Male
1408,1,14.0,5.9,1,1,0,0,0,Female
1409,1,15.2,5.1,1,1,1,1,1,Male
1410,1,14.3,5.2,1,1,1,1,1,Male
1411,1,12.4,6.0,1,0,0,0,0,Female
1412,1,13.3,6.4,1,1,1,1,0,Male
1413,1,14.2,6.1,1,1,1,1,1,Male
1414,1,13.6,5.1,1,1,1,1,1,Male
1415,1,13.8,6.2,1,1,0,1,1,Female
1416,1,15.4,5.7,1,0,0,0,1,Male
1417,1,13.6,6.4,1,1,1,1,1,Male
1418,1,15.3,5.2,1,1,1,1,1,Male
1419,1,11.9,6.3,1,0,1,1,1,Male
1420,1,14.3,6.1,1,0,0,0,0,Female
1421,1,13.8,6.0,1,1,1,0,1,Female
1422,1,14.2,6.3,1,1,1,1,1,Male
1423,1,15.5,6.6,1,1,1,1,0,Male
1424,1,12.1,6.1,1,1,1,1,1,Male
1425,1,14.4,5.8,1,1,1,1,1,Male
1426,1,12.9,6.0,1,0,0,0,0,Female
1427,0,12.0,5.2,1,0,1,0,0,Female
1428,0,13.5,6.1,1,0,0,0,0,Female
1429,1,13.2,5.7,1,0,0,0,0,Female
1430,1,13.2,6.6,1,1,1,1,1,Male
1431,0,12.5,5.5,1,1,1,1,1,Male
1432,1,12.0,5.9,1,1,1,1,1,Male
1433,1,12.8,5.9,1,0,0,0,0,Female
1434,1,13.1,5.1,1,0,0,0,0,Female
1435,0,11.4,6.1,1,0,0,0,0,Female
1436,1,14.3,6.2,1,0,1,0,0,Female
1437,1,12.2,6.2,1,0,0,0,1,Female
1438,0,14.5,5.1,1,0,1,1,0,Male
1439,1,14.9,5.4,1,1,1,1,1,Male
1440,1,13.2,6.9,1,1,1,1,1,Male
1441,1,14.1,5.5,1,0,0,0,0,Female
1442,1,13.9,5.7,1,1,0,1,1,Male
1443,1,12.5,5.4,1,1,0,1,0,Female
1444,0,11.6,5.8,1,0,0,0,0,Female
1445,1,11.6,5.3,1,0,0,0,0,Female
1446,1,12.4,6.5,1,0,0,0,0,Female
1447,1,12.0,5.7,1,0,0,0,0,Female
1448,1,14.7,5.6,1,1,1,1,1,Male
1449,1,12.4,6.1,1,0,1,0,0,Female
1450,1,11.8,5.2,1,0,0,0,0,Female
1451,0,12.1,6.4,1,1,1,1,1,Male
1452,0,14.7,6.5,1,1,1,0,1,Male
1453,1,13.0,5.9,1,1,0,0,1,Male
1454,1,12.8,6.5,1,1,1,1,1,Male
1455,1,13.9,5.9,1,0,0,0,0,Female
1456,1,11.6,5.4,1,0,0,0,0,Female
1457,1,14.4,6.4,1,1,1,1,1,Male
1458,1,14.5,6.3,1,1,1,1,0,Male
1459,1,13.3,5.4,1,0,0,1,0,Female
1460,1,11.5,5.5,1,0,0,0,0,Female
1461,1,14.0,5.9,1,0,1,0,0,Female
1462,1,11.5,7.0,1,1,1,1,1,Male
1463,1,13.3,5.5,1,1,0,0,0,Female
1464,1,14.1,6.2,1,1,0,1,1,Male
1465,1,14.0,5.6,1,1,1,1,0,Male
1466,0,13.8,6.5,1,1,1,1,1,Male
1467,1,11.6,6.5,1,0,0,0,0,Female
1468,1,13.8,6.6,1,1,1,1,1,Male
1469,1,13.7,6.1,1,0,0,0,0,Female
1470,1,11.6,6.2,1,1,1,0,1,Male
1471,1,13.2,5.7,1,1,0,0,0,Female
1472,1,11.7,7.0,1,0,1,1,1,Male
1473,1,13.6,6.1,1,1,0,0,0,Female
1474,1,11.9,5.5,1,0,0,0,0,Female
1475,1,12.0,6.3,1,1,1,1,1,Male
1476,0,12.3,5.5,1,1,1,0,1,Male
1477,0,11.4,6.2,1,0,1,0,0,Female
1478,0,14.4,6.0,1,1,1,1,1,Male
1479,1,11.7,5.5,1,1,1,0,0,Male
1480,1,13.7,6.5,1,0,0,1,0,Female
1481,1,13.2,6.2,1,0,1,0,0,Female
1482,1,13.3,5.2,1,1,1,1,0,Male
1483,1,14.7,6.2,1,1,1,1,1,Male
1484,0,11.4,6.5,1,0,0,0,0,Female
1485,1,12.6,5.9,1,0,0,0,0,Female
1486,1,13.7,5.8,1,1,1,1,1,Male
1487,1,13.0,5.3,1,0,0,0,0,Female
1488,1,14.2,6.0,1,1,1,1,1,Male
1489,0,12.6,6.2,1,1,0,0,1,Female
1490,1,13.4,5.3,1,1,1,1,1,Male
1491,1,15.3,6.4,1,1,1,1,0,Male
1492,1,11.5,5.7,1,1,1,1,0,Male
1493,1,14.5,6.0,1,1,1,1,1,Male
1494,1,12.0,5.7,1,0,0,0,0,Female
1495,1,12.5,6.1,1,0,0,0,0,Female
1496,1,14.5,6.3,1,0,1,1,1,Male
1497,1,14.6,5.3,1,1,1,0,1,Male
1498,1,14.2,5.5,1,1,1,1,1,Male
1499,1,14.2,5.5,1,0,1,1,0,Female
1500,1,13.0,6.3,1,0,0,0,0,Female
1501,1,12.6,5.1,1,0,0,1,0,Female
1502,1,13.2,5.7,1,1,1,1,1,Male
1503,1,13.2,6.0,1,0,0,0,0,Female
1504,0,14.3,5.5,1,0,0,0,0,Female
1505,0,15.0,6.7,1,1,1,0,1,Male
1506,1,14.7,7.1,1,1,0,1,1,Male
1507,1,14.0,6.0,1,0,1,0,0,Female
1508,1,12.9,5.9,1,0,0,0,0,Female
1509,1,14.9,6.5,1,1,1,1,1,Male
1510,0,13.7,5.9,1,0,0,0,0,Female
1511,1,14.5,6.1,1,1,1,1,1,Male
1512,0,13.8,6.3,1,1,1,1,1,Male
1513,1,14.3,6.3,1,1,0,0,1,Male
1514,1,13.7,6.5,1,1,1,1,1,Male
1515,1,12.0,5.7,1,0,0,0,0,Female
1516,1,13.9,5.9,1,1,1,1,1,Male
1517,0,14.1,6.0,1,0,0,0,0,Female
1518,1,12.2,6.5,1,1,0,0,0,Female
1519,1,11.7,6.1,1,0,0,0,0,Female
1520,1,11.9,6.5,1,1,1,1,1,Male
1521,1,13.8,6.9,1,1,1,0,1,Male
1522,1,13.9,6.2,1,0,0,0,0,Female
1523,1,12.0,5.5,1,0,0,0,1,Female
1524,0,12.5,6.2,1,0,0,0,0,Female
1525,1,14.0,6.4,1,1,1,1,1,Male
1526,1,14.1,5.7,1,1,1,1,1,Male
1527,0,12.0,5.8,1,0,0,0,0,Female
1528,1,14.0,5.1,1,0,0,0,0,Female
1529,1,12.6,6.4,1,0,1,1,1,Male
1530,1,12.4,6.3,1,0,0,0,0,Female
1531,1,12.7,5.3,1,1,0,0,0,Female
1532,1,12.1,5.3,1,0,0,0,0,Female
1533,1,13.6,5.9,1,1,1,1,0,Male
1534,0,14.2,5.8,1,0,1,1,1,Male
1535,1,13.2,6.1,1,0,0,0,0,Female
1536,1,13.9,6.5,1,0,0,0,0,Female
1537,1,13.0,6.0,1,0,1,1,0,Male
1538,1,14.3,6.4,1,0,0,0,0,Female
1539,0,14.1,5.9,1,1,1,1,1,Male
1540,1,11.6,6.8,1,1,1,1,1,Male
1541,1,13.3,5.3,1,1,1,1,1,Male
1542,1,13.5,6.0,1,0,0,0,0,Female
1543,1,11.5,5.2,1,1,0,0,0,Female
1544,1,12.0,5.6,1,1,0,0,0,Female
1545,1,11.5,5.1,1,0,1,0,0,Female
1546,1,11.5,5.7,1,1,1,1,1,Male
1547,1,14.9,6.5,1,1,0,1,1,Male
1548,1,13.2,5.8,1,0,1,0,0,Female
1549,1,15.2,5.7,1,1,1,1,1,Male
1550,0,14.7,5.6,1,1,0,1,1,Male
1551,1,12.5,6.2,1,1,1,1,1,Male
1552,1,14.4,7.0,1,1,1,1,1,Male
1553,1,13.9,6.1,1,0,0,0,1,Female
1554,1,13.5,5.7,1,0,0,0,0,Female
1555,1,13.7,6.8,1,1,1,1,1,Male
1556,1,13.6,5.5,1,0,0,0,1,Female
1557,1,12.4,5.1,1,0,0,0,0,Female
1558,1,11.8,5.7,1,1,1,1,1,Male
1559,1,11.6,5.5,1,1,0,0,0,Female
1560,1,13.5,5.7,1,1,1,1,1,Male
1561,1,14.1,6.2,1,1,1,1,1,Male
1562,1,13.7,6.9,1,1,0,1,1,Male
1563,1,15.4,5.1,1,1,1,1,1,Male
1564,1,12.5,6.6,1,1,1,1,1,Male
1565,1,13.4,6.7,1,1,1,1,1,Male
1566,1,11.7,5.6,1,0,0,0,0,Female
1567,0,13.6,5.8,1,1,1,1,1,Male
1568,1,13.1,6.4,1,0,0,0,1,Female
1569,1,13.6,5.1,1,1,1,1,1,Male
1570,1,13.4,5.6,1,1,0,0,0,Female
1571,1,13.1,6.5,1,0,0,0,0,Female
1572,1,14.0,5.3,1,0,0,0,0,Female
1573,1,12.4,6.9,1,0,1,1,1,Male
1574,1,11.7,6.5,1,0,0,1,0,Female
1575,1,11.8,5.4,1,0,0,0,0,Female
1576,1,13.3,5.3,1,0,0,0,1,Female
1577,0,14.1,5.7,1,0,0,0,0,Female
1578,1,11.8,6.0,1,1,0,0,0,Female
1579,1,13.0,5.1,1,1,1,1,1,Male
1580,1,13.5,6.4,1,0,0,0,0,Female
1581,1,14.0,5.2,1,1,0,0,0,Female
1582,0,12.8,6.0,1,1,1,1,1,Male
1583,1,13.8,5.3,1,0,1,1,1,Male
1584,1,15.1,5.9,1,1,1,1,1,Male
1585,1,13.2,5.2,1,1,1,1,0,Male
1586,1,13.4,6.0,1,1,1,1,1,Male
1587,1,11.8,5.1,1,0,0,0,0,Female
1588,1,13.8,6.4,1,1,0,1,0,Female
1589,1,12.4,5.5,1,1,1,1,1,Male
1590,1,13.0,6.3,1,1,0,0,0,Female
1591,1,14.0,6.5,1,1,1,1,1,Male
1592,1,15.5,7.0,1,1,0,1,0,Male
1593,1,12.0,6.6,1,1,0,1,1,Male
1594,1,11.7,5.6,1,0,0,0,0,Female
1595,1,12.1,5.2,1,1,0,1,1,Male
1596,1,12.0,5.4,1,0,1,0,0,Female
1597,1,14.3,6.8,1,1,1,0,1,Male
1598,1,11.9,5.4,1,0,0,0,0,Female
1599,1,13.2,5.4,1,1,1,1,1,Male
1600,1,11.5,6.5,1,0,0,0,0,Female
1601,1,12.1,6.2,1,0,0,0,0,Female
1602,0,15.2,6.8,1,1,1,1,1,Male
1603,1,13.3,6.6,1,1,1,1,1,Male
1604,1,13.3,5.3,1,1,1,0,1,Male
1605,1,11.6,6.3,1,0,1,1,1,Male
1606,1,15.0,6.3,1,1,0,1,1,Male
1607,0,11.6,5.8,1,0,0,1,1,Male
1608,0,13.7,5.5,1,1,1,0,1,Male
1609,1,11.7,5.5,1,1,1,1,1,Male
1610,1,12.6,5.2,1,1,1,1,1,Male
1611,1,15.1,5.7,1,1,1,1,1,Male
1612,1,12.3,5.2,1,0,0,0,0,Female
1613,1,12.4,5.4,1,0,0,0,0,Female
1614,1,12.1,6.6,1,1,1,1,0,Male
1615,1,12.0,5.4,1,1,1,0,0,Female
1616,1,12.2,5.7,1,0,1,1,1,Male
1617,1,11.6,6.7,1,0,1,0,1,Male
1618,1,15.4,7.1,1,1,1,1,0,Male
1619,1,11.7,5.1,1,0,0,0,1,Female
1620,1,12.2,5.5,1,0,0,0,0,Female
1621,1,11.6,5.8,1,0,0,0,0,Female
1622,1,12.6,6.9,1,1,1,1,1,Male
1623,1,12.1,6.5,1,0,0,0,0,Female
1624,1,15.5,6.3,1,0,1,1,1,Male
1625,0,13.3,6.3,1,1,1,0,1,Male
1626,1,11.6,7.1,1,1,1,1,0,Male
1627,1,12.4,6.1,1,1,0,0,0,Female
1628,1,13.5,6.0,1,0,1,0,1,Female
1629,1,13.9,6.0,1,0,0,0,1,Female
1630,1,12.3,6.1,1,0,0,0,0,Female
1631,1,14.8,7.0,1,1,1,1,1,Male
1632,1,15.0,6.6,1,1,1,1,1,Male
1633,1,12.5,5.2,1,0,0,0,1,Female
1634,1,14.2,6.2,1,0,0,0,0,Female
1635,1,11.7,5.3,1,0,1,1,1,Male
1636,1,13.8,6.1,1,1,1,1,1,Male
1637,1,13.1,6.3,1,1,1,1,1,Male
1638,0,12.1,5.4,1,1,0,0,1,Male
1639,1,12.4,6.4,1,0,0,0,0,Female
1640,1,11.7,5.1,1,0,0,1,0,Female
1641,0,15.5,5.2,1,0,0,0,1,Male
1642,1,15.5,5.1,1,1,1,1,1,Male
1643,1,14.1,5.4,1,0,0,0,0,Female
1644,0,13.8,5.7,1,1,1,0,0,Male
1645,1,12.6,5.6,1,0,0,1,0,Female
1646,1,13.1,6.2,1,0,0,0,0,Female
1647,0,14.8,7.1,1,1,0,1,1,Male
1648,1,12.9,5.1,1,0,0,0,1,Female
1649,0,14.5,5.5,1,0,1,1,0,Male
1650,0,14.1,6.0,1,0,0,0,0,Female
1651,1,12.9,5.3,1,1,0,0,0,Female
1652,0,15.1,6.2,1,1,1,1,0,Male
1653,1,13.0,6.3,1,0,0,0,0,Female
1654,1,14.3,6.2,1,0,1,0,0,Female
1655,1,14.3,5.8,1,1,0,0,0,Female
1656,1,15.4,5.8,1,1,1,1,1,Male
1657,1,14.2,5.5,1,1,1,1,1,Male
1658,0,12.5,5.6,1,1,0,0,0,Female
1659,1,11.8,6.1,1,1,1,1,1,Male
1660,1,12.3,6.5,1,0,0,0,0,Female
1661,1,13.7,5.7,1,0,0,0,0,Female
1662,1,12.5,6.0,1,0,0,1,0,Female
1663,1,11.7,6.3,1,0,0,0,0,Female
1664,1,11.9,6.5,1,1,1,1,1,Male
1665,1,15.4,6.7,1,1,1,0,1,Male
1666,1,15.1,6.3,1,1,1,1,1,Male
1667,1,12.0,6.6,1,1,1,1,1,Male
1668,1,14.0,5.2,1,1,1,1,1,Male
1669,1,13.4,6.5,1,1,0,1,0,Female
1670,1,14.1,5.9,1,0,0,0,0,Female
1671,1,13.1,5.3,1,0,0,0,0,Female
1672,1,12.6,6.0,1,1,0,1,1,Male
1673,1,12.1,5.4,1,0,1,1,1,Male
1674,1,13.6,5.1,1,0,1,1,0,Male
1675,1,14.5,5.5,1,1,0,1,1,Male
1676,1,13.9,6.0,1,0,0,0,0,Female
1677,1,12.2,6.4,1,1,1,1,1,Male
1678,1,12.2,5.5,1,1,0,1,0,Female
1679,1,14.7,5.1,1,1,1,1,1,Male
1680,1,14.3,6.8,1,1,1,1,1,Male
1681,1,15.4,6.7,1,1,1,0,1,Male
1682,1,12.0,6.7,1,1,1,1,1,Male
1683,1,12.5,6.4,1,0,1,0,0,Female
1684,1,12.0,6.6,1,1,1,1,1,Male
1685,1,13.7,5.5,1,1,1,0,1,Male
1686,1,13.2,5.2,1,0,0,0,0,Female
1687,0,13.4,5.5,1,0,0,0,0,Female
1688,1,12.7,5.1,1,0,0,0,0,Female
1689,1,13.5,5.4,1,0,1,1,0,Female
1690,1,13.7,6.1,1,0,1,1,1,Male
1691,1,11.5,5.9,1,0,0,0,0,Female
1692,1,14.1,6.6,1,1,1,1,1,Male
1693,1,14.6,5.9,1,1,1,1,1,Male
1694,1,12.6,5.3,1,0,0,0,0,Female
1695,1,12.1,5.7,1,0,0,0,1,Female
1696,1,13.9,6.3,1,0,0,1,0,Female
1697,0,12.2,5.1,1,1,1,1,1,Male
1698,0,13.9,6.5,1,0,0,0,0,Female
1699,1,12.1,7.1,1,1,0,1,1,Male
1700,0,12.5,6.9,1,0,0,1,1,Male
1701,1,12.5,6.0,1,0,1,0,0,Female
1702,1,12.6,6.3,1,0,0,0,0,Female
1703,1,13.8,6.6,1,1,1,1,1,Male
1704,1,12.5,6.9,1,1,1,1,1,Male
1705,1,14.7,6.7,1,1,1,1,1,Male
1706,1,11.5,6.0,1,0,0,0,0,Female
1707,1,14.5,6.5,1,1,1,1,1,Male
1708,1,14.4,6.8,1,0,1,1,1,Male
1709,1,12.8,5.8,1,0,0,0,1,Female
1710,1,13.6,5.1,1,0,0,0,0,Female
1711,1,14.3,5.3,1,0,1,1,0,Female
1712,1,12.1,5.1,1,0,1,0,0,Female
1713,1,13.3,6.1,1,0,1,0,0,Female
1714,1,15.2,5.1,1,1,1,1,1,Male
1715,1,11.6,7.1,1,1,1,0,1,Male
1716,1,13.3,5.1,1,0,0,0,0,Female
1717,1,12.4,6.1,1,0,0,0,0,Female
1718,1,12.7,5.3,1,0,1,0,0,Female
1719,1,14.5,6.9,1,1,1,1,1,Male
1720,1,11.5,5.2,1,1,1,1,1,Male
1721,1,15.4,6.8,1,0,1,1,1,Male
1722,1,14.3,5.9,1,0,0,0,0,Female
1723,1,15.3,5.6,1,1,1,1,1,Male
1724,1,13.0,6.5,1,0,1,1,0,Female
1725,1,14.2,7.0,1,1,1,1,1,Male
1726,1,11.9,5.7,1,0,0,0,0,Female
1727,1,13.7,6.1,1,0,0,1,0,Female
1728,1,11.5,5.9,1,0,0,0,0,Female
1729,1,11.8,6.7,1,1,0,1,1,Male
1730,1,13.6,7.1,1,1,1,1,1,Male
1731,1,13.1,6.2,1,0,0,0,0,Female
1732,1,12.2,6.2,1,0,1,0,0,Female
1733,1,11.9,6.4,1,0,1,0,0,Female
1734,1,12.7,5.6,1,1,1,1,0,Male
1735,1,14.3,6.4,1,1,1,1,1,Male
1736,1,12.5,5.4,1,1,0,1,1,Male
1737,0,12.5,6.5,1,0,1,0,1,Female
1738,1,13.5,5.6,1,0,1,1,0,Female
1739,1,13.7,6.1,1,0,0,0,0,Male
1740,1,13.5,5.3,1,1,1,0,1,Male
1741,1,13.7,6.4,1,0,0,0,0,Female
1742,1,11.8,6.5,1,0,0,0,0,Female
1743,1,14.5,6.2,1,1,1,0,1,Male
1744,1,11.7,6.1,1,0,0,0,0,Female
1745,0,13.3,5.9,1,0,0,0,0,Female
1746,1,14.1,5.1,1,1,1,0,1,Male
1747,1,11.7,6.5,1,0,1,1,1,Male
1748,1,13.1,6.6,1,1,1,1,1,Male
1749,1,14.5,6.0,1,1,1,1,1,Male
1750,0,13.2,7.1,1,1,0,1,0,Male
1751,1,13.7,6.0,1,0,0,0,0,Female
1752,1,14.8,5.2,1,1,1,1,1,Male
1753,0,13.3,6.4,1,1,1,0,1,Male
1754,1,11.8,6.4,1,0,0,0,0,Female
1755,1,12.6,5.6,1,1,1,1,1,Male
1756,1,12.5,5.2,1,1,0,1,0,Female
1757,1,14.9,5.2,1,1,1,1,1,Male
1758,0,11.8,7.0,1,1,1,1,0,Male
1759,1,11.7,5.1,1,0,0,0,0,Female
1760,1,12.5,5.1,1,1,0,1,1,Male
1761,1,11.5,6.2,1,1,1,1,1,Male
1762,1,11.8,7.1,1,1,1,1,1,Male
1763,1,11.9,5.2,1,0,0,0,0,Female
1764,1,11.6,6.0,1,0,0,1,1,Male
1765,1,14.4,6.0,1,1,1,1,1,Male
1766,1,15.2,5.7,1,1,1,1,1,Male
1767,1,14.4,5.8,1,0,1,1,1,Male
1768,1,13.5,6.5,1,0,0,0,0,Female
1769,0,11.5,5.7,1,0,0,1,1,Female
1770,1,14.2,5.3,1,1,1,0,1,Male
1771,1,13.1,5.9,1,1,0,0,0,Female
1772,1,13.2,6.4,1,1,1,1,1,Male
1773,0,14.3,6.1,1,1,1,1,1,Male
1774,0,11.8,6.3,1,1,1,1,1,Male
1775,1,11.7,6.3,1,0,0,0,0,Female
1776,1,13.5,6.2,1,1,0,0,0,Female
1777,1,14.1,6.0,1,0,1,0,0,Female
1778,1,11.9,5.3,1,0,1,1,0,Female
1779,1,14.0,6.5,1,0,0,0,0,Female
1780,1,11.9,6.1,1,0,1,0,0,Female
1781,1,13.0,5.5,1,0,0,0,0,Female
1782,1,12.0,5.7,1,1,1,1,0,Female
1783,1,12.8,5.4,1,0,0,0,0,Female
1784,1,13.2,5.5,1,0,0,0,0,Female
1785,1,13.4,5.1,1,0,0,0,0,Female
1786,1,13.4,5.5,1,0,0,0,0,Female
1787,1,13.1,5.9,1,1,1,1,1,Male
1788,1,15.5,7.0,1,1,1,1,1,Male
1789,1,12.2,5.5,1,0,1,0,0,Female
1790,1,14.7,6.6,1,1,1,1,1,Male
1791,0,12.3,5.6,1,1,0,1,1,Male
1792,1,12.6,5.4,1,0,0,0,0,Female
1793,1,12.4,6.3,1,0,0,0,1,Female
1794,1,13.6,6.1,1,0,0,0,0,Female
1795,1,12.8,5.4,1,0,0,0,0,Female
1796,1,14.1,5.4,1,0,1,0,0,Female
1797,1,14.0,5.9,1,0,0,1,0,Female
1798,1,13.8,5.1,1,0,0,0,0,Female
1799,1,12.7,6.1,1,1,1,1,1,Male
1800,1,15.0,5.4,1,1,1,1,1,Male
