ID,front_camera,int_memory,mobile_wt,battery_power,cores_number,px_height,px_width,price_range,ram,touch_screen,wifi,os
1,6,21,133,1550,2,268,832,1,2338,1,0,android
2,9,29,85,1878,8,210,1026,0,1334,0,0,ios
3,2,6,127,623,3,144,672,1,3657,1,0,android
4,0,15,160,1829,5,729,1267,1,2080,0,1,android
5,11,35,190,525,7,82,670,0,1609,0,0,ios
6,0,14,89,1065,2,188,928,1,3078,0,1,android
7,9,35,127,1425,8,150,1897,0,590,1,1,ios
8,3,11,129,1296,7,1222,1382,1,2552,1,1,android
9,3,34,197,642,2,331,1011,1,3355,0,0,android
10,9,15,177,1664,7,1178,1929,1,1968,0,0,android
11,3,8,170,1498,7,347,1076,1,3358,0,0,android
12,0,2,136,981,3,75,688,0,1539,0,0,ios
13,6,32,143,1236,4,492,1403,0,942,1,1,ios
14,7,9,187,1673,3,65,734,1,3669,0,1,android
15,6,9,172,712,2,881,1234,1,3612,0,0,android
16,10,4,170,569,3,351,1159,0,2351,1,0,ios
17,0,64,156,603,6,1842,1968,0,604,1,1,ios
18,2,11,187,1332,2,758,1165,0,1285,1,0,ios
19,0,13,128,1413,1,1323,1481,0,515,1,0,ios
20,1,34,184,1064,6,1175,1569,0,654,0,0,ios
21,2,48,82,1444,5,1092,1554,1,2540,1,1,android
22,5,53,161,1366,5,647,1876,1,3869,0,1,android
23,7,18,136,906,2,1102,1793,1,3412,0,0,android
24,3,47,185,1554,5,319,1367,0,509,0,0,ios
25,0,21,122,1187,6,215,1125,1,2547,1,0,android
26,1,30,173,1156,3,945,1913,1,2735,0,1,android
27,1,22,139,1918,1,381,1203,0,1369,1,1,ios
28,8,39,199,841,6,546,828,1,2942,1,1,android
29,6,6,167,730,7,1096,1155,1,2812,0,0,android
30,13,31,153,878,4,575,618,1,3497,1,0,android
31,0,50,182,1059,8,519,1545,0,619,1,1,ios
32,8,3,200,1578,1,342,670,1,3483,0,0,android
33,0,36,112,1829,5,291,563,0,1475,0,0,ios
34,0,8,157,1132,1,1091,1293,0,1950,1,1,ios
35,4,40,198,1652,7,352,1084,1,3592,0,0,android
36,0,58,107,912,5,165,1723,1,3573,1,0,android
37,12,61,116,1181,2,385,831,0,2020,1,0,ios
38,5,32,92,1497,3,1920,1933,1,1329,1,0,android
39,3,49,100,1790,3,396,1980,1,3568,0,1,android
40,3,49,100,1742,1,1134,1469,1,1947,0,1,android
41,4,8,158,1549,5,721,1514,1,1998,1,0,android
43,0,12,190,1112,4,777,1119,1,3302,1,1,android
44,0,46,133,1005,8,176,1556,1,3884,1,1,android
45,9,27,150,783,6,458,1263,0,1185,1,1,ios
46,10,26,105,1698,2,485,1819,1,1656,0,1,android
47,3,53,192,899,4,641,1638,1,2870,0,1,android
48,3,45,151,1062,3,798,1435,0,911,0,0,ios
49,4,17,166,989,3,256,1394,1,3892,1,0,android
50,6,27,125,1983,1,370,1197,1,3897,1,1,android
51,5,53,87,1800,1,191,1108,0,656,0,1,ios
52,0,45,146,1254,3,1571,1956,0,606,1,1,ios
53,0,30,83,868,4,276,1026,0,1653,0,0,ios
54,3,12,175,1205,4,573,614,0,860,0,1,ios
55,0,10,155,1284,2,160,516,0,2197,1,1,ios
56,2,23,187,626,2,90,1334,1,3458,0,1,android
57,1,53,101,1763,4,138,806,0,2066,1,1,ios
58,15,36,193,694,4,983,1230,1,3676,0,1,android
59,4,49,90,1265,1,275,687,0,1518,0,1,ios
60,4,14,198,816,3,149,558,0,1018,0,0,ios
61,3,35,168,904,3,42,507,0,1360,0,0,ios
62,0,5,164,979,7,793,1670,1,3449,0,0,android
63,0,60,162,1531,6,625,765,1,2524,0,0,android
64,2,30,182,934,8,521,1190,0,703,0,1,ios
65,0,58,200,1624,3,1530,1744,0,1251,1,1,ios
66,5,8,185,874,1,442,1248,0,582,0,0,ios
67,0,63,102,1027,5,152,714,0,1732,1,1,ios
68,15,48,144,1966,1,1242,1973,1,1252,1,1,android
69,2,29,182,1048,1,29,1670,0,2146,0,0,ios
70,13,38,126,1496,4,501,506,0,1927,0,1,ios
71,15,13,155,959,4,87,736,1,3328,1,1,android
72,5,55,105,1349,7,648,1019,1,2462,0,1,android
73,0,13,168,1689,2,521,674,0,1172,1,1,ios
74,0,27,146,1558,1,120,1409,1,3598,0,1,android
75,3,27,168,582,3,985,1420,1,2437,1,1,android
76,3,44,138,1485,4,341,774,1,3271,1,0,android
77,11,9,94,1991,3,751,1377,0,1511,0,0,ios
78,2,23,119,553,3,993,1517,1,2981,0,0,android
79,2,7,113,1231,1,43,1663,1,3119,1,0,android
80,1,34,88,805,6,1262,1538,1,3647,0,1,android
81,1,13,152,764,8,361,511,1,3148,1,0,android
82,5,54,130,894,3,104,541,1,2829,0,1,android
83,9,46,84,1589,3,618,940,1,2373,1,0,android
84,9,39,80,1456,8,815,1666,1,3998,1,0,android
85,0,33,95,743,2,1587,1659,0,316,0,0,ios
86,3,52,109,1061,7,138,1330,0,999,1,0,ios
87,0,7,153,1428,4,584,983,0,1808,1,0,ios
88,0,8,93,674,3,750,772,0,589,1,0,ios
89,0,46,93,832,6,820,1366,1,3317,1,0,android
90,2,50,107,1625,8,8,1219,0,670,0,0,ios
91,3,42,151,907,1,171,507,0,584,0,0,ios
92,2,13,166,1631,2,960,1735,1,2173,1,0,android
93,6,41,135,1584,4,160,1291,0,1561,0,1,ios
94,7,13,199,1382,2,612,719,0,2073,0,1,ios
95,0,46,102,633,6,709,1915,0,1401,1,0,ios
96,9,38,104,1444,7,624,917,1,3764,0,0,android
97,6,54,147,852,5,538,730,0,1275,0,1,ios
98,0,47,157,922,8,1295,1808,0,1464,0,1,ios
99,4,57,159,1745,3,1164,1908,1,2885,1,1,ios
100,9,6,107,862,8,829,1977,1,3458,1,1,ios
101,1,52,101,1754,4,199,1452,1,3019,0,1,ios
102,3,36,109,1008,1,825,1972,0,1083,0,0,ios
103,3,33,147,1569,1,519,930,1,3538,0,1,android
104,7,7,149,1596,2,169,1190,1,2493,1,1,android
105,2,61,134,1807,6,1734,1968,1,3726,0,0,android
106,4,7,184,1660,1,76,1165,0,1531,0,0,ios
107,4,55,148,1861,7,1698,1877,0,601,0,0,ios
108,4,8,91,648,5,819,1997,1,2991,0,1,android
109,1,19,134,1379,8,387,671,1,3912,1,1,android
110,0,34,115,1910,2,985,1284,0,309,0,1,ios
111,0,13,155,1807,8,970,974,0,323,1,1,ios
112,7,46,191,1923,1,767,1759,0,1489,1,1,ios
113,7,38,162,1345,3,512,1465,0,1322,0,0,ios
114,5,14,102,904,8,56,760,0,1846,0,1,ios
115,5,52,122,1239,2,590,661,0,417,0,1,ios
116,6,52,84,1330,4,462,1304,1,3269,1,0,android
117,1,30,138,120,1,126,698,1,3731,0,0,android
118,0,54,95,672,4,578,1143,0,667,0,0,ios
119,0,47,94,892,1,655,1782,0,1241,0,1,ios
120,0,23,101,1778,6,1028,1445,1,3941,0,0,android
121,4,58,132,1130,5,88,1261,0,1018,0,0,ios
122,4,59,86,1359,2,1692,1902,1,3142,1,1,android
123,3,47,89,1866,5,358,1782,0,1444,0,0,ios
124,11,34,89,1597,1,64,1667,0,934,1,0,ios
125,0,58,100,1046,8,259,1040,1,3863,1,1,android
126,2,44,99,1035,3,236,1960,1,3506,1,0,android
127,2,19,164,1175,7,873,1394,0,1944,1,0,ios
128,0,11,90,1261,4,858,1591,0,348,0,1,ios
129,9,51,124,1068,4,1405,1910,0,550,1,0,ios
130,5,20,104,1713,7,237,890,0,971,0,0,ios
131,0,21,170,1688,7,650,864,1,3984,1,1,android
132,4,45,104,1413,5,1949,1994,1,2973,0,1,android
133,10,11,82,559,5,541,823,0,2019,1,1,ios
134,13,19,146,1483,7,361,1552,0,1587,0,0,ios
135,13,48,187,860,7,335,1463,0,1870,0,0,ios
136,5,27,91,1090,4,1638,1910,0,1352,1,0,ios
137,11,3,91,686,6,1109,1392,0,570,1,0,ios
138,14,43,177,818,6,111,510,0,546,1,1,ios
139,5,49,193,1456,3,1285,1427,1,3624,1,0,android
140,2,10,188,774,2,1480,1731,1,2944,1,1,android
141,0,19,197,1068,8,322,875,0,1209,1,0,ios
142,1,29,141,1373,6,1220,1348,1,2752,1,1,android
143,3,20,188,1777,6,511,616,1,3868,1,1,android
144,2,28,132,594,5,1011,1263,1,3087,1,1,android
145,5,57,124,1524,2,629,635,0,947,1,1,ios
146,12,50,175,511,3,140,622,0,1484,0,0,ios
147,3,46,87,1402,7,1081,1767,0,347,0,1,ios
148,15,53,131,965,8,297,653,1,3227,0,0,android
149,0,58,104,1270,5,1512,1716,1,3299,0,1,android
150,11,13,159,919,1,275,570,0,1028,0,0,ios
151,16,34,157,1963,2,1136,1813,0,714,0,1,ios
152,2,31,173,1977,8,1145,1356,1,2641,0,0,android
153,4,51,158,1881,5,477,1553,0,1229,0,0,ios
154,5,19,173,683,4,954,1985,1,2622,0,1,android
155,7,6,100,772,2,741,1471,0,929,1,1,ios
156,0,53,135,536,3,547,705,0,1211,0,1,ios
157,0,53,186,1694,6,1194,1208,1,1653,0,0,android
158,3,33,111,1633,2,146,906,0,511,1,0,ios
159,4,52,167,1371,4,471,663,1,3034,0,0,android
160,0,54,172,551,7,169,1916,0,1414,0,1,ios
161,1,28,139,1221,1,1895,1976,1,2438,1,1,android
162,12,63,179,1000,8,1537,1761,1,3744,0,1,android
163,3,64,162,1986,4,236,1520,0,1377,1,1,ios
164,0,23,164,1119,4,821,915,1,3520,0,0,android
165,1,59,97,1699,4,466,1768,1,3796,1,1,android
166,13,61,146,1099,3,393,1096,0,1699,1,1,ios
167,7,58,90,1576,3,400,631,0,336,1,1,ios
168,9,55,156,950,5,774,843,0,1095,1,0,ios
169,13,49,99,1081,3,284,519,0,325,0,1,ios
170,1,53,146,606,4,465,1152,0,1223,0,0,ios
171,7,37,199,502,2,705,1810,0,1649,1,0,ios
172,0,4,160,957,2,38,1682,0,1898,1,0,ios
173,0,38,159,1658,5,51,739,1,2609,0,0,android
174,6,18,167,1681,1,850,1005,1,2265,1,1,android
175,3,43,87,1983,6,349,676,1,2775,1,1,android
176,8,12,113,1753,7,387,1595,0,1445,1,1,ios
177,0,41,132,1632,4,706,1623,1,2614,0,0,android
178,7,57,145,1949,7,951,1178,0,356,0,0,ios
179,1,13,97,1696,3,179,772,0,523,1,1,ios
180,0,57,131,688,7,426,1964,1,3745,1,0,android
181,1,60,199,1104,2,653,1413,0,1229,1,1,ios
182,0,28,184,1122,3,1578,1963,0,1402,1,0,ios
183,2,46,172,504,5,280,1795,0,2085,0,0,ios
184,12,14,156,1154,7,251,1801,0,587,1,1,ios
185,2,63,85,1727,7,1463,1992,1,2457,0,1,android
186,0,52,89,1674,3,1432,1649,1,2030,0,0,android
187,5,18,135,1948,2,477,571,0,816,0,0,ios
188,3,39,150,1218,7,1122,1746,0,1667,0,0,ios
189,10,63,189,531,7,145,1903,1,2958,1,0,android
190,4,5,154,1057,5,416,1055,1,3705,0,0,android
191,1,30,162,576,8,847,893,1,2800,1,1,android
192,1,7,165,1960,7,868,877,1,3773,1,1,android
193,3,22,88,673,1,594,1088,0,2050,1,0,ios
194,0,21,88,718,1,518,830,0,1754,0,1,ios
195,3,35,103,864,3,663,1805,0,1904,1,1,ios
196,1,37,154,547,5,371,541,0,2705,1,0,ios
197,1,3,102,623,8,1749,1781,1,3537,0,1,android
198,11,27,154,1793,5,586,722,0,1370,0,1,ios
199,0,19,137,1720,2,409,646,0,1222,0,0,ios
200,1,64,106,812,4,35,1309,1,3102,0,0,android
201,0,33,160,980,6,1008,1758,1,2268,1,0,android
202,9,18,187,643,8,442,1079,0,2648,1,1,ios
203,0,16,175,1925,8,983,1087,1,2173,1,0,android
204,3,32,151,1408,4,875,982,1,3162,0,0,android
205,4,28,124,1522,1,952,1191,0,1368,0,1,ios
206,16,51,111,587,1,244,1361,1,2746,0,1,android
207,5,18,191,1959,6,65,1055,0,619,1,1,ios
208,3,17,89,1872,6,1749,1767,0,724,0,1,ios
209,7,42,111,1043,3,716,1626,0,912,1,0,ios
210,6,23,123,1809,6,433,1661,1,2784,1,1,android
211,5,23,92,1703,6,134,521,0,793,1,0,ios
212,4,45,197,1095,1,179,1247,0,560,1,0,ios
213,1,27,137,1414,4,804,1564,0,312,0,1,ios
214,2,41,88,1659,7,787,1515,0,545,1,1,ios
215,1,60,197,1540,7,704,822,0,1591,0,1,ios
216,0,31,86,1342,7,991,1638,1,2746,1,0,android
217,13,8,198,1189,3,379,932,0,893,1,0,ios
218,0,62,128,518,6,489,710,0,2514,1,1,ios
219,3,10,144,1449,1,1518,1883,0,1032,1,1,ios
220,0,39,91,516,5,855,1401,0,819,1,1,ios
221,8,59,111,1569,3,1261,1383,1,3672,0,1,android
222,0,24,156,1312,6,115,1791,1,3833,1,0,android
223,1,23,179,1893,8,1203,1432,1,1482,1,0,android
224,3,14,105,1076,5,545,1300,0,2043,0,0,ios
225,1,40,118,530,6,818,1090,0,1229,1,0,ios
226,7,33,129,1044,4,42,1262,0,1816,0,1,ios
227,11,37,126,1330,7,1103,1637,1,2166,0,0,android
228,0,14,104,1836,5,168,1068,1,2469,1,1,android
229,1,55,140,1741,5,719,755,1,2575,1,1,android
230,0,30,152,1869,1,163,874,0,1375,0,0,ios
231,8,55,146,1331,3,1162,1531,0,1732,0,1,ios
232,6,4,105,1655,3,626,1348,0,673,0,0,ios
233,9,18,162,605,2,329,656,0,2301,0,0,ios
234,2,30,105,1245,5,330,1434,1,2676,0,0,android
235,8,58,136,1709,2,956,1292,1,1781,0,0,android
236,0,58,123,846,4,1140,1983,1,2248,0,0,android
237,3,62,90,1403,4,217,1623,0,921,0,0,ios
238,0,2,89,688,3,271,869,0,391,1,1,ios
239,1,10,185,775,7,444,1555,0,1719,1,1,ios
240,6,35,159,1154,5,1003,1827,1,3262,0,0,android
241,2,35,194,1375,2,227,772,0,1947,1,1,ios
242,4,61,130,1827,7,253,1764,1,2693,1,1,android
243,0,60,90,1697,4,88,1046,0,441,1,0,ios
244,1,14,178,741,5,334,594,0,1886,1,1,ios
245,13,32,174,1672,1,1281,1896,0,1267,1,0,ios
246,4,57,186,514,3,168,1320,0,687,1,1,ios
247,2,12,105,1375,1,898,1687,1,2890,0,0,android
248,4,55,124,989,1,46,1069,0,1737,0,1,ios
249,11,47,138,1510,2,118,1170,0,887,0,0,ios
250,1,18,86,1266,7,1187,1595,0,398,1,1,ios
251,0,46,138,1396,7,1191,1347,1,2389,0,1,android
252,3,45,161,808,1,526,1324,1,3431,1,1,android
253,1,43,182,1542,2,346,966,1,3601,0,0,android
254,5,35,102,745,8,89,1538,0,2459,1,0,ios
255,0,59,148,1735,6,137,846,1,3230,1,0,android
256,1,57,188,586,2,1226,1389,1,3646,1,1,android
257,0,36,107,1341,8,473,574,0,2200,1,0,ios
258,1,64,88,781,2,368,607,1,3862,0,0,android
259,14,22,174,501,6,239,1636,1,3077,0,0,android
260,2,44,139,1224,2,622,709,0,621,1,1,ios
261,11,58,80,1970,8,654,882,1,2372,1,0,android
262,0,63,138,618,2,853,1781,1,2574,1,0,ios
263,11,46,158,1537,4,686,1305,1,2857,1,1,ios
264,8,16,153,1018,8,992,1433,1,3143,1,0,ios
265,15,35,173,1545,5,115,1352,1,3197,0,1,android
266,4,41,144,1871,8,275,1966,1,2727,0,0,android
267,1,12,186,1729,1,461,1178,0,1519,0,1,ios
268,9,9,131,680,3,1428,1500,1,2438,0,0,android
269,4,54,107,1106,3,614,1212,1,2674,0,1,android
270,1,50,97,635,5,193,989,0,2107,0,0,ios
271,8,16,143,618,1,1105,1602,1,2262,1,0,android
272,13,5,179,1671,8,398,1263,0,815,1,1,ios
273,0,52,105,1562,7,480,728,1,2829,1,1,android
274,2,31,151,1975,1,775,1607,1,3022,0,1,android
275,2,62,134,831,8,1482,1490,1,2573,0,1,android
276,0,10,174,1524,4,154,550,1,2678,0,1,android
277,3,55,129,1528,5,454,1762,0,1282,1,1,ios
278,2,9,155,1447,8,737,1455,0,568,0,0,ios
279,1,14,190,1344,1,419,556,0,2074,1,0,ios
280,1,8,130,564,2,853,1737,0,2227,0,1,ios
281,1,60,83,921,2,1211,1229,0,1080,0,1,ios
282,2,10,200,1413,6,314,1606,1,2867,1,0,android
283,10,55,86,831,6,172,1239,0,1075,1,0,ios
284,3,43,153,802,5,527,734,1,3063,1,0,android
285,3,24,86,1923,4,874,1264,1,2479,1,0,ios
286,10,56,196,1193,3,674,864,1,2394,1,0,ios
287,10,31,112,904,3,657,1014,1,2814,0,0,ios
288,1,51,140,1285,7,475,500,0,2094,0,0,ios
289,0,2,182,1635,4,1209,1411,1,2315,1,0,android
290,5,14,154,1923,4,15,525,1,2519,0,1,android
291,3,12,198,1851,6,293,1967,0,735,0,1,ios
292,0,32,131,727,7,813,1377,0,1891,0,1,ios
293,0,44,118,1396,6,173,1843,0,1386,1,1,ios
294,9,46,135,877,1,457,652,1,3260,0,0,android
295,11,35,103,696,3,533,797,0,2022,0,1,ios
296,2,2,102,1009,8,912,1043,0,1716,0,0,ios
297,2,38,116,1526,5,798,1418,1,3317,1,1,android
298,1,20,192,987,7,412,565,0,1454,1,0,ios
299,0,49,101,1414,4,130,887,0,2290,1,0,ios
300,2,61,172,1732,5,201,656,1,3940,1,1,android
301,0,50,148,1587,8,299,874,0,461,0,1,ios
302,10,21,160,1097,7,1277,1352,1,2219,0,1,android
303,0,40,178,504,3,626,1195,0,470,0,0,ios
304,13,28,80,1159,8,378,751,1,2495,1,1,android
305,0,29,146,1910,7,333,639,1,2944,1,1,android
306,8,59,159,865,3,805,1804,1,2361,0,1,android
307,11,16,186,1930,8,1901,1920,1,1783,0,1,android
308,8,40,170,860,3,1573,1581,1,2832,1,1,android
309,9,42,182,1268,6,360,912,0,931,1,0,ios
310,0,27,167,999,4,20,745,0,1344,0,0,ios
311,0,9,127,622,2,98,511,1,3916,0,1,android
312,8,44,182,1250,7,703,1011,0,1882,0,0,ios
313,9,51,104,763,5,273,1278,1,2865,1,1,android
314,12,15,112,1100,8,919,1344,0,757,1,1,ios
315,4,51,85,815,6,982,1291,1,3469,0,1,android
316,2,57,88,618,3,879,896,0,2399,1,1,ios
317,0,18,136,553,2,1287,1892,1,3300,0,0,android
318,2,3,84,673,2,1109,1247,1,2719,1,1,android
319,3,47,115,563,7,211,684,1,3012,0,0,android
320,12,14,187,1590,4,1058,1109,1,2836,0,0,android
321,2,11,121,1031,2,532,1247,1,2385,0,0,android
322,9,30,97,909,3,290,773,0,594,1,1,ios
323,0,7,104,1880,4,890,1019,1,2968,1,0,android
324,0,24,146,1479,6,327,645,1,3762,0,0,android
325,0,2,161,1271,1,1260,1788,0,892,1,0,ios
326,11,13,81,709,8,570,1422,0,467,1,1,ios
327,0,62,158,1744,1,621,1558,0,345,0,0,ios
328,0,40,116,1994,7,328,1858,1,3033,1,1,android
329,0,9,150,1994,6,1307,1767,1,2110,0,1,ios
330,11,56,125,1994,8,497,618,1,3105,1,1,android
331,5,62,156,1994,6,219,1037,0,874,1,0,ios
332,7,39,188,1994,7,1163,1554,1,3681,1,1,android
333,1,52,180,1994,2,24,759,1,3865,0,1,android
334,10,11,167,1994,3,468,571,0,737,1,0,ios
335,12,10,170,1994,7,1272,1469,1,3153,1,0,android
336,4,37,147,1994,1,503,551,1,2800,0,1,android
337,0,27,101,1994,1,1495,1579,0,315,1,0,ios
338,2,60,187,1994,8,1333,1838,0,1412,1,1,ios
339,7,2,115,1009,7,267,1841,1,2286,0,0,android
340,16,34,140,1735,2,149,876,1,2392,0,1,android
341,0,49,185,1129,2,1070,1079,0,1857,1,1,ios
342,0,26,116,708,7,206,620,0,1419,1,1,ios
343,2,58,123,894,2,158,747,1,3305,0,0,android
344,1,32,88,530,6,48,1012,0,959,1,0,ios
345,0,35,105,1481,3,249,522,1,2635,0,1,android
346,0,45,194,1068,5,935,1499,0,1754,0,1,ios
347,6,57,84,1487,3,140,768,1,2563,0,0,android
348,11,41,96,1524,4,184,740,0,1936,1,1,ios
349,2,22,196,1093,8,238,807,0,1869,1,1,ios
350,0,50,186,1816,5,800,1089,1,3637,0,1,android
351,2,20,142,627,3,211,507,0,896,0,0,ios
352,13,51,132,989,3,670,804,0,2349,0,1,ios
353,2,5,134,1895,1,725,1335,0,774,1,0,ios
354,0,58,168,805,3,81,1544,1,3397,0,0,android
355,7,2,181,713,8,1211,1378,0,485,1,1,ios
356,10,24,148,864,4,1362,1378,1,3964,1,0,android
357,1,11,181,1177,4,945,1923,0,1887,1,1,ios
358,8,32,107,582,3,1043,1702,1,2977,1,1,android
359,3,56,185,1898,7,444,739,1,2114,1,1,android
360,1,29,123,1158,2,311,1796,0,1542,0,1,ios
361,5,57,181,1451,8,812,1456,1,3038,0,1,android
362,5,51,163,1820,7,202,1884,1,2481,0,0,android
363,3,9,140,984,3,531,707,0,841,0,0,ios
364,0,24,135,580,4,404,898,1,3565,0,1,android
365,0,5,146,1263,6,954,1609,1,1958,1,1,android
366,2,27,87,1237,8,274,603,1,2454,1,1,android
367,7,37,172,514,1,956,1723,1,3392,1,1,android
368,0,56,184,1515,3,1438,1593,0,262,1,0,ios
369,6,6,194,721,4,1446,1988,0,530,0,1,ios
370,3,35,126,603,3,692,1057,1,3703,0,1,android
371,2,55,109,1426,1,777,1032,1,2562,0,0,android
372,0,64,161,1820,1,1157,1951,0,574,1,0,ios
373,4,16,130,1215,4,454,1473,1,2632,0,1,android
374,5,20,173,697,2,478,1477,0,259,1,1,ios
375,4,10,198,717,1,217,1106,0,688,1,0,ios
376,5,36,145,1348,6,468,741,1,2554,1,0,android
377,0,61,88,1164,1,1107,1656,1,3859,1,0,android
378,9,62,170,578,5,626,1134,1,2977,1,1,android
379,0,40,186,1971,7,485,922,0,571,1,0,ios
380,5,55,86,1794,7,43,627,0,402,0,1,ios
381,2,32,114,1558,5,322,1385,0,878,1,1,ios
382,4,4,85,1597,1,880,1145,1,2130,1,0,android
383,0,39,146,1240,2,1511,1756,1,3260,0,1,android
384,2,7,88,1994,8,667,711,0,454,1,0,ios
385,7,35,152,1221,7,765,1899,1,2638,1,1,android
386,11,24,156,989,8,614,679,1,2819,0,1,android
387,5,50,144,1180,4,925,1252,0,1464,1,1,ios
388,10,59,113,718,6,1185,1387,0,1824,1,0,ios
389,0,47,139,1670,8,1706,1886,0,876,1,0,ios
390,1,21,164,534,7,347,1477,1,2706,1,0,android
391,0,20,126,1566,2,1603,1930,0,659,1,1,ios
392,0,29,124,1935,5,806,860,0,455,0,1,ios
393,2,54,163,504,2,1207,1539,1,2378,0,0,android
394,1,41,103,913,1,431,1144,0,2278,1,0,ios
395,2,43,113,1317,5,179,613,1,3436,1,1,android
396,1,31,88,917,6,423,909,1,3424,1,0,android
397,1,49,99,712,6,1131,1743,0,401,0,1,ios
398,6,52,126,1083,2,925,1469,0,681,1,1,ios
399,5,6,136,1039,6,62,544,1,3212,0,1,android
400,4,13,185,1747,6,800,873,1,3105,0,0,android
401,0,52,105,1449,6,211,947,0,2036,1,0,ios
402,14,49,139,1872,7,81,1389,1,3153,1,0,android
403,5,7,101,1796,4,667,798,0,1642,1,1,ios
404,0,60,181,1097,1,405,519,0,509,0,0,ios
405,1,20,172,1562,8,678,1676,1,3465,1,0,android
406,8,27,153,1433,7,1619,1651,1,3900,0,1,android
407,1,12,123,740,1,935,1147,0,1105,1,1,ios
408,1,39,84,676,1,864,1011,0,2064,0,0,ios
409,1,13,131,503,1,1495,1688,1,3117,0,1,android
410,13,7,96,1020,3,870,1613,0,1142,0,1,ios
411,3,4,111,896,1,1379,1469,0,1060,1,1,ios
412,4,19,143,1824,2,1055,1738,1,2381,0,0,android
413,1,54,134,1512,3,220,1838,1,3366,0,1,android
414,7,42,126,1053,6,419,1261,0,1339,0,1,ios
415,0,31,87,1944,4,1111,1362,1,2560,0,0,android
416,1,25,91,1174,2,1097,1461,0,285,0,1,ios
417,3,12,131,627,7,447,819,0,2476,0,0,ios
418,4,46,118,1602,1,273,1062,0,1862,0,1,ios
419,4,6,170,1733,1,590,997,1,3488,1,1,android
420,10,8,142,586,8,116,598,1,3178,0,1,android
421,2,37,156,1528,8,306,564,0,733,1,0,ios
422,2,23,110,875,7,300,1316,0,756,0,0,ios
423,12,58,170,1602,1,1259,1746,1,3622,1,1,android
424,4,12,174,1426,5,1573,1694,0,1277,0,0,ios
425,5,6,158,1370,6,1392,1783,1,3703,1,0,android
426,4,10,81,609,6,113,1524,0,1905,1,1,ios
427,5,15,178,840,6,526,1728,1,2636,1,0,android
428,2,12,158,991,5,1209,1678,1,2014,0,0,android
429,0,9,100,1724,2,655,828,1,3056,0,0,android
430,0,19,168,584,3,1123,1622,0,465,1,0,ios
431,1,49,141,860,6,692,979,1,3869,1,1,android
432,10,28,165,1541,5,796,1052,0,1108,0,1,ios
433,7,58,130,615,5,1021,1958,0,1906,0,0,ios
434,6,46,84,912,4,995,1310,0,851,1,1,ios
435,10,60,172,1278,7,1244,1504,1,3142,0,1,android
436,0,31,125,1365,4,293,970,0,1300,0,1,ios
437,7,36,177,1702,5,1240,1931,1,1430,0,0,android
438,1,59,146,589,8,759,1858,0,362,1,1,ios
439,10,56,95,1347,1,398,1528,1,2456,1,1,android
440,0,44,137,1994,8,358,791,1,2360,0,0,ios
441,1,42,133,1994,7,403,1614,1,3700,1,0,ios
442,10,2,153,1994,7,211,1409,1,2620,0,0,android
443,2,52,178,1994,3,194,1437,0,437,0,0,ios
444,5,6,164,1994,2,1076,1472,1,3774,0,0,android
445,1,19,192,1874,2,1238,1418,0,1218,1,0,ios
446,5,5,162,1928,5,229,1004,0,696,1,1,ios
447,2,33,198,888,2,327,1683,1,3407,0,0,android
448,1,58,86,1077,7,135,1892,1,3902,0,0,android
449,5,30,80,1023,8,5,1744,0,2086,1,1,ios
450,2,42,84,1426,3,715,1163,0,1356,0,1,ios
451,7,26,177,831,5,511,621,0,1704,1,1,ios
452,0,6,85,1496,3,549,1383,1,3571,1,1,android
453,2,5,129,1433,5,420,784,0,2132,0,1,ios
454,0,44,103,1095,4,838,1066,1,3209,1,1,android
455,3,23,156,643,1,314,1400,0,2096,0,0,ios
456,0,6,198,1142,4,739,1766,0,1273,0,0,ios
457,3,27,112,730,5,62,846,1,3623,1,0,android
458,5,41,131,1901,2,3,1662,0,368,0,0,ios
459,1,32,135,1510,3,963,1520,0,854,0,1,ios
460,0,59,136,1924,6,1438,1923,1,3646,0,1,android
461,13,17,157,1825,4,1621,1773,1,3130,0,1,android
462,3,5,152,1275,1,19,501,1,3784,1,0,android
463,9,17,124,987,7,887,1274,1,3885,1,0,android
464,6,13,121,1538,7,567,986,0,1494,1,1,ios
465,4,29,149,1965,5,584,676,1,2973,1,1,android
466,7,20,185,808,6,496,974,0,1471,1,0,ios
467,6,27,86,712,2,1245,1309,0,2001,1,1,ios
468,0,42,123,1507,5,682,888,0,1486,0,0,ios
469,3,47,182,912,3,724,794,0,1321,1,1,ios
470,2,17,95,769,8,1384,1454,0,1877,0,1,ios
471,14,22,173,948,5,257,1654,1,3499,1,1,android
472,0,39,142,507,1,17,1084,0,2124,1,0,ios
473,15,60,82,1384,3,983,1210,0,1221,0,1,ios
474,1,29,194,1766,8,439,1306,1,2316,0,1,android
475,5,16,170,1407,4,925,1206,0,1068,1,0,ios
476,3,24,94,614,4,409,603,0,1930,0,1,ios
477,9,14,196,1972,7,293,952,0,1316,1,0,ios
478,8,47,130,1039,8,384,1878,0,1742,0,0,ios
479,5,34,125,511,8,149,1285,1,3265,0,0,android
480,4,5,98,1811,4,447,568,1,2700,1,1,android
481,3,36,104,1159,4,717,1206,1,2115,0,0,ios
482,7,12,178,1848,2,195,533,1,3915,0,1,ios
483,0,16,94,1988,8,153,696,1,3144,0,0,ios
484,3,58,150,1469,7,1699,1850,1,1571,0,0,android
485,12,44,131,1423,5,501,640,0,2253,0,0,ios
486,9,10,145,1974,6,530,1496,0,1433,0,0,ios
487,2,42,128,835,5,396,1378,1,2583,1,1,android
488,8,42,151,1429,5,670,1552,0,1817,0,0,ios
489,1,51,144,947,2,193,887,1,2915,1,1,android
490,0,18,178,1446,8,351,1769,1,3340,1,1,android
491,5,7,168,1332,7,846,855,1,2790,1,0,android
492,0,14,191,1498,4,111,1167,0,577,1,0,ios
493,0,14,173,1576,2,1213,1386,1,3220,1,0,android
494,8,26,150,1398,1,755,1284,1,3488,1,0,android
495,12,14,92,1885,4,1406,1517,0,1277,0,1,ios
496,7,2,148,798,2,497,627,1,3593,1,0,android
497,0,42,124,1436,8,1826,1836,1,2736,1,0,android
498,8,31,196,1998,8,50,1356,1,2311,1,0,android
499,0,63,109,1321,8,817,941,0,1464,1,1,ios
500,7,9,192,1021,2,901,1793,0,1355,1,0,ios
501,0,40,123,1339,2,212,1269,1,2382,0,1,android
502,9,57,111,1210,4,329,1039,0,1886,0,1,ios
503,2,31,145,1949,5,837,1182,0,832,0,0,ios
504,9,28,151,882,6,248,884,0,751,0,1,ios
505,0,27,113,1549,5,632,1162,0,436,0,0,ios
506,1,42,82,1991,1,366,613,0,722,1,0,ios
507,2,12,114,796,1,174,518,0,1075,1,0,ios
508,4,39,161,1012,4,882,1195,1,2802,1,0,android
509,0,11,188,1318,2,688,1591,0,1780,0,0,ios
510,8,14,197,1708,4,263,1345,0,1247,0,0,ios
511,8,62,117,598,8,118,764,1,3066,1,0,android
512,4,51,200,541,8,1012,1226,0,403,0,0,ios
513,2,23,192,818,5,586,1552,1,2518,1,0,android
514,0,15,168,1414,2,294,1233,0,1069,0,0,ios
515,3,6,169,601,4,818,1827,1,2651,0,1,android
516,2,40,99,561,7,426,865,1,2974,0,1,android
517,3,52,100,1616,5,151,1133,0,657,1,0,ios
518,1,32,103,1263,2,409,644,1,3372,1,0,android
519,0,63,93,1604,5,641,1156,0,1464,1,0,ios
520,1,24,86,539,4,958,967,0,1326,1,0,ios
521,0,49,199,1071,4,1328,1970,1,3393,0,0,android
522,0,57,135,826,2,354,530,0,323,0,1,ios
523,2,62,106,771,1,1709,1781,0,1628,1,0,ios
524,0,33,132,1811,8,1099,1553,1,2610,1,0,android
525,7,56,179,1842,4,783,1227,1,3721,1,1,android
526,1,50,100,1420,8,194,1393,0,763,1,1,ios
527,12,10,184,1763,3,238,1893,0,792,0,1,ios
528,6,2,133,1163,5,919,1076,0,1568,0,0,ios
529,0,29,182,1805,4,758,891,0,1276,1,0,ios
530,9,52,90,610,4,1039,1273,1,3472,1,1,android
531,18,17,160,1994,4,1054,1393,1,2520,0,1,android
532,3,63,111,1924,2,122,686,1,3423,0,0,android
533,6,52,120,1801,6,100,1708,0,258,0,0,ios
534,1,42,106,1726,5,1221,1804,1,1868,0,0,android
535,15,14,197,794,3,312,1376,0,2171,0,1,ios
536,4,28,182,1686,5,599,1073,0,780,0,0,ios
537,0,6,103,1444,1,1274,1340,0,712,0,0,ios
538,0,30,160,1004,8,62,581,0,1012,1,1,ios
539,8,28,166,1242,4,315,1796,0,318,0,0,ios
540,6,26,137,539,6,1123,1709,1,3948,1,1,android
541,2,14,99,717,8,1878,1981,0,629,0,0,ios
542,0,29,157,1540,7,318,831,0,1161,0,0,ios
543,7,35,99,672,8,574,1267,0,1403,0,0,ios
544,0,13,133,1325,4,1353,1915,1,3707,1,0,android
545,6,55,124,950,8,86,1681,0,1305,0,1,ios
546,6,18,119,948,4,340,1728,1,2926,1,1,android
547,5,27,144,1328,3,602,1156,1,2674,0,1,android
548,3,40,184,1447,2,963,1062,0,471,0,1,ios
549,3,21,95,1973,8,127,507,0,1724,0,1,ios
550,18,60,171,1731,4,142,1039,0,1220,1,0,ios
551,1,63,111,1617,2,274,1079,1,2754,1,1,android
552,1,33,110,1791,5,371,682,0,594,0,1,ios
553,7,54,101,851,2,788,1007,0,1005,0,1,ios
554,0,14,115,856,1,395,1027,0,2439,1,1,ios
555,1,30,145,714,4,643,1527,0,2302,1,1,ios
556,6,15,81,951,2,854,935,0,1083,1,0,ios
557,6,10,109,1303,8,1335,1873,1,2219,1,1,android
558,2,32,126,1550,7,1541,1619,1,1571,0,0,android
559,10,15,101,1759,4,382,1163,1,2107,1,0,android
560,18,2,100,1448,5,846,1144,0,593,1,1,ios
561,0,50,119,1987,8,960,1925,0,857,1,0,ios
562,1,44,95,1994,5,154,941,1,3518,1,1,android
563,2,58,160,820,4,468,694,0,1284,0,1,ios
564,4,19,147,904,6,1094,1496,0,545,0,0,ios
565,4,6,149,667,6,272,870,1,3566,0,1,android
566,1,34,173,1109,1,165,1103,1,2821,0,1,android
567,3,59,183,1333,7,394,1301,1,3442,1,0,android
568,5,6,92,1352,6,629,1299,0,1309,0,0,ios
569,1,19,88,1600,6,831,1713,0,1179,0,1,ios
570,8,37,80,1454,8,903,910,0,1713,0,0,ios
571,0,9,169,1489,3,923,1759,0,1663,0,1,ios
572,11,10,81,1823,8,362,1250,1,1812,1,1,android
573,9,41,172,1581,4,693,850,0,1384,1,1,ios
574,1,44,172,1672,8,1250,1435,0,1348,1,1,ios
575,0,27,80,1283,4,1135,1923,1,3957,0,0,android
576,9,14,180,630,8,66,1448,0,1212,0,0,ios
577,0,24,151,659,8,924,1877,1,3925,1,1,android
578,0,32,115,1811,6,204,1132,0,348,0,1,ios
579,9,40,109,688,5,376,1957,0,1382,1,0,ios
580,5,18,141,514,2,1083,1492,0,980,0,1,ios
581,1,16,154,1933,3,229,1473,0,838,1,0,ios
582,8,31,91,915,3,875,1316,0,378,1,0,ios
583,4,22,135,1006,4,35,991,0,909,0,1,ios
584,2,13,92,1134,4,18,903,1,3632,1,0,android
585,0,64,186,599,8,103,646,1,3396,0,0,android
586,5,53,196,973,5,105,588,0,1861,1,0,ios
587,0,27,90,1180,6,168,540,0,348,1,1,ios
588,7,13,98,1237,4,18,1004,1,2528,0,0,android
589,7,5,169,659,8,659,730,0,2190,1,0,ios
590,6,6,190,1142,8,534,855,0,663,1,1,ios
591,16,11,185,1002,6,285,512,0,961,0,1,ios
592,0,44,113,1392,4,482,1098,0,1280,0,1,ios
593,9,50,141,602,3,1571,1717,1,2189,1,0,android
594,3,55,140,1249,3,605,1193,0,531,1,1,ios
595,0,12,121,531,4,158,1657,0,2331,0,1,ios
596,1,31,114,1450,5,1573,1639,0,794,1,1,ios
597,1,50,173,1342,1,127,620,1,2644,1,1,android
598,5,22,198,832,1,343,1431,0,1666,1,1,ios
599,0,57,159,867,4,289,724,0,2157,0,0,ios
600,16,44,151,1404,1,1703,1880,0,1196,0,1,ios
601,6,33,150,840,6,1482,1591,1,2072,1,0,android
602,10,42,91,1368,1,907,925,0,1590,0,0,ios
603,3,11,190,1927,8,491,1506,1,2916,1,1,android
604,7,31,120,1714,2,287,627,1,3707,0,1,android
605,1,10,198,1201,6,1151,1723,0,726,1,0,ios
606,4,44,184,1796,2,1024,1363,1,3577,1,0,android
607,11,28,158,1147,6,1085,1134,1,2627,0,1,android
608,0,20,146,776,4,991,1803,0,685,1,1,ios
609,0,33,110,510,6,1052,1897,0,1693,1,0,ios
610,3,40,175,1045,6,1078,1564,1,2137,0,1,android
611,4,10,153,1497,8,98,977,1,3696,0,1,android
612,0,33,89,1425,3,396,1648,1,3771,0,1,android
613,0,40,94,726,4,323,978,0,1342,1,1,ios
614,0,20,148,1576,3,410,1551,0,1379,0,1,ios
615,5,11,197,714,3,1750,1857,0,1164,1,0,ios
616,1,63,88,1595,1,1475,1988,0,908,0,1,ios
617,0,10,127,541,3,1836,1873,0,1019,1,0,ios
618,14,29,113,1617,6,283,676,1,3685,0,0,android
619,2,5,98,1154,1,539,1240,0,1470,0,0,ios
620,6,2,189,1638,1,440,563,1,2299,1,1,android
621,0,39,151,1150,8,397,800,0,999,1,0,ios
622,0,44,149,1254,1,204,1021,1,3011,1,0,android
623,2,54,117,1806,1,347,727,1,3142,0,1,android
624,8,12,114,603,6,1003,1284,0,1543,1,0,ios
625,7,40,99,1834,4,0,1987,1,3692,1,0,android
626,0,31,145,520,6,264,519,0,2753,0,1,ios
627,1,50,158,565,2,543,703,0,2156,1,1,ios
628,11,9,150,1689,5,467,675,1,2637,0,0,android
629,0,21,104,742,8,875,925,0,331,0,0,ios
630,1,22,125,1143,3,1116,1724,0,1214,1,0,ios
631,9,3,196,761,7,1325,1945,1,2248,1,1,android
632,0,36,196,959,5,1313,1331,1,3073,1,1,android
633,7,8,134,772,7,552,1802,0,422,0,0,ios
634,5,12,102,1015,3,335,679,0,2293,1,0,ios
635,9,2,103,1824,1,50,1105,1,3958,1,0,android
636,1,29,130,1130,1,593,1327,0,432,1,1,ios
637,3,48,120,1183,8,268,1010,0,1152,0,0,ios
638,0,26,118,574,6,382,1364,0,1303,0,1,ios
639,4,20,169,1472,2,443,892,0,797,1,0,ios
640,2,40,179,1868,8,576,884,0,298,1,0,ios
641,2,20,147,1375,6,596,679,1,3847,0,1,android
642,1,64,160,881,3,115,636,0,2110,1,1,ios
643,5,43,176,1742,3,356,1407,1,1921,1,0,android
644,6,60,107,1225,2,10,1567,1,2423,0,0,android
645,0,15,132,1970,2,1399,1684,1,1658,1,1,android
646,2,21,160,1186,3,68,584,0,2361,0,0,ios
647,7,60,157,1762,4,643,790,0,1380,0,0,ios
648,4,4,163,1731,6,809,1988,1,3892,1,1,android
649,5,8,160,852,5,683,1349,0,315,0,0,ios
650,4,36,151,848,4,56,527,0,2289,1,1,ios
651,0,11,185,1575,7,492,818,1,2182,1,0,android
652,7,23,105,1554,6,699,1492,1,2184,0,1,android
653,0,48,92,1972,8,290,804,1,2872,0,1,android
654,9,35,87,827,6,23,826,0,2367,0,1,ios
655,7,3,155,1063,4,394,849,0,1919,1,0,ios
656,1,34,84,1695,5,713,1742,1,3296,0,0,android
657,5,14,81,1343,8,1063,1205,0,462,1,1,ios
658,2,27,123,834,1,1421,1463,0,1591,1,0,ios
659,0,20,122,595,2,623,816,0,1593,0,1,ios
660,13,42,101,1081,7,83,816,0,2456,0,0,ios
661,3,14,199,911,4,1563,1692,1,2933,1,0,android
662,1,22,197,844,7,777,1995,1,3154,0,0,android
663,3,60,180,1335,2,83,559,1,3615,0,0,android
664,9,24,87,1883,3,203,915,1,3563,0,0,android
665,6,33,147,1128,8,938,1226,0,1440,0,0,ios
666,14,57,117,826,2,1077,1183,0,1907,0,0,ios
667,0,38,89,1650,1,773,881,0,324,1,1,ios
668,0,50,104,1162,4,332,866,0,1404,1,1,ios
669,2,8,169,1517,4,570,1645,1,2738,0,0,android
670,1,60,156,963,3,742,821,1,2722,0,0,android
671,5,12,103,1837,8,1420,1539,1,2294,0,1,android
672,1,30,193,1028,1,1801,1923,0,1424,0,1,ios
673,4,55,189,1831,8,1693,1790,0,1133,1,0,ios
674,5,58,101,571,6,31,1536,0,555,0,1,ios
675,0,9,183,1770,6,1098,1373,1,3785,0,1,android
676,5,59,84,970,7,1765,1786,1,3675,0,0,android
677,0,38,86,642,5,887,1775,0,435,1,0,ios
678,12,11,193,622,8,760,1964,1,3183,1,1,android
679,9,6,199,600,2,486,1032,1,3495,1,0,android
680,9,57,86,1412,3,2,660,0,1853,0,1,ios
681,7,16,138,733,4,202,1787,1,2648,1,0,android
682,9,19,160,1070,3,90,1614,1,2647,1,0,android
683,1,30,146,875,8,469,853,0,702,1,1,ios
684,5,5,189,1994,2,86,1546,1,1836,0,0,android
685,9,18,182,823,5,1180,1350,1,3894,1,0,android
686,9,30,111,1908,2,140,1046,1,2944,0,1,ios
687,7,44,89,790,8,1100,1437,1,3424,1,0,android
688,1,40,177,1330,1,194,892,1,2678,1,1,ios
689,2,15,100,1660,8,440,569,1,2424,1,0,ios
690,2,20,82,1776,6,1563,1803,1,2671,1,1,android
691,4,27,199,1611,1,163,1011,1,3078,0,1,android
692,0,15,92,1410,3,192,1311,1,2304,1,0,android
693,17,45,159,1772,2,837,1405,0,1146,1,0,ios
694,0,39,108,1280,7,356,588,0,2335,0,1,ios
695,2,23,155,1712,7,155,663,0,1422,1,0,ios
696,0,55,140,1562,8,1032,1776,1,2096,0,0,android
697,1,18,153,891,6,40,1435,0,1303,1,1,ios
698,18,36,151,1957,2,1194,1727,0,1115,0,1,ios
699,1,42,192,1110,5,1179,1262,0,456,1,0,ios
700,1,43,104,875,8,902,969,1,3396,0,0,android
701,0,28,130,1211,2,58,963,1,2750,1,0,android
702,12,54,112,769,4,1385,1780,0,941,0,1,ios
703,7,2,95,671,6,614,1617,1,2278,0,0,android
704,5,26,172,1872,4,672,1088,1,2273,0,1,android
705,0,14,191,1076,5,1088,1718,1,2355,1,1,android
706,2,50,146,1325,3,499,695,1,2328,0,0,android
707,1,28,182,911,2,157,763,0,2638,1,1,ios
708,1,23,178,1273,6,485,1399,0,558,0,0,ios
709,3,39,124,1062,4,571,817,0,1345,0,1,ios
710,6,12,154,1317,2,431,542,0,425,1,1,ios
711,0,16,115,940,4,499,1090,0,2192,1,1,ios
712,0,14,135,729,6,563,1055,1,3397,0,1,android
713,6,3,93,1494,7,944,1003,0,1208,1,0,ios
714,2,27,124,1546,2,1138,1491,0,267,1,0,ios
715,0,34,113,1253,4,161,647,1,3518,1,1,android
716,6,16,164,895,8,126,1575,1,3122,0,1,android
717,0,43,124,793,8,15,1196,0,1050,1,1,ios
718,11,56,136,1628,2,500,1713,1,3358,1,1,android
719,2,42,138,625,8,203,1771,1,2929,0,0,android
720,2,12,153,1110,8,961,1950,0,624,0,0,ios
721,6,49,132,999,1,608,1970,0,1598,1,0,ios
722,0,24,155,1856,5,277,1155,1,2052,1,0,android
723,9,15,120,1715,6,114,1849,0,1249,1,0,ios
724,2,54,154,1897,2,630,738,0,412,0,0,ios
725,0,19,122,1202,2,404,1742,0,595,0,0,ios
726,2,19,167,1171,7,248,755,0,263,0,0,ios
727,0,22,86,964,3,225,1234,1,2577,1,0,android
728,6,46,193,1973,4,699,851,0,639,0,1,ios
729,11,2,141,1992,1,649,895,1,3206,1,0,android
730,5,26,159,546,5,416,1658,0,1550,1,0,ios
731,1,31,171,1093,2,1310,1420,0,1646,1,0,ios
732,11,35,200,1880,4,930,1983,1,1930,1,0,android
733,3,11,87,1765,2,835,1175,1,3695,0,0,android
734,1,36,87,1640,8,664,1806,1,3235,0,1,android
735,0,7,191,1830,6,460,1583,1,2334,1,0,android
736,3,62,187,826,4,778,1615,0,1998,0,0,ios
737,0,7,142,1864,1,225,1545,1,2258,0,0,android
738,16,42,121,586,7,785,1118,0,1869,1,1,ios
739,10,30,127,1206,3,1581,1713,1,1825,0,1,android
740,1,5,165,832,5,9,1944,1,3946,1,1,android
741,1,8,103,848,7,7,1294,0,436,1,1,ios
742,0,53,112,1851,6,174,1175,1,2678,0,0,android
743,7,59,80,1166,1,437,638,1,3887,0,1,android
744,10,35,172,1776,4,278,623,0,1813,1,1,ios
745,2,27,134,1254,2,1288,1372,0,817,1,1,ios
746,4,24,101,1494,1,979,1190,1,3614,0,0,android
747,0,39,119,984,8,56,1931,0,2013,1,0,ios
748,1,5,154,1179,5,913,1429,0,543,0,1,ios
749,8,27,174,513,8,282,710,1,3400,1,1,android
750,3,17,89,557,6,322,710,0,2623,0,0,ios
751,0,33,105,744,3,1252,1963,1,2700,0,0,android
752,9,21,116,1129,2,1128,1702,0,1400,1,0,ios
753,0,58,170,1148,5,606,688,1,3127,0,0,android
754,12,44,175,1793,5,655,1459,1,2803,1,1,android
755,3,15,150,1310,5,954,970,1,2518,1,1,ios
756,1,6,191,1604,6,68,1042,1,3564,1,0,ios
757,2,37,145,1676,1,134,1197,1,2515,0,1,ios
758,1,40,117,1001,3,922,1836,1,3654,1,1,ios
759,0,24,135,1086,8,1874,1976,1,3930,1,1,ios
760,7,39,89,1986,7,251,599,1,3476,1,0,android
761,5,41,192,634,1,1362,1853,1,3242,0,1,android
762,7,52,82,502,6,281,1159,1,2666,1,0,android
763,6,48,97,1641,8,224,1994,1,1695,0,1,android
764,0,15,189,623,3,778,844,1,3510,0,1,android
765,3,17,161,962,8,546,1424,1,3438,0,0,android
766,3,41,97,1057,4,397,891,0,2033,1,0,ios
767,1,62,182,1862,1,386,1046,0,1017,0,0,ios
768,5,38,193,555,2,214,1970,0,1686,0,1,ios
769,1,58,135,1000,5,461,833,0,862,0,0,ios
770,6,11,81,841,5,125,675,0,957,1,0,ios
771,5,16,89,865,4,335,1009,1,3494,0,1,android
772,11,56,165,999,4,342,1641,1,3083,1,1,android
773,12,30,131,1232,6,625,761,0,1656,1,1,ios
774,6,34,165,1194,2,494,509,0,313,1,0,ios
775,1,20,179,612,8,1145,1487,1,3282,1,1,android
776,0,47,186,1362,6,600,1042,1,3629,1,1,android
777,11,44,169,1469,2,484,711,0,1687,1,1,ios
778,13,28,182,986,4,199,679,0,1149,1,0,ios
779,1,62,104,1843,3,21,832,1,3899,0,1,android
780,10,4,134,1561,2,885,1811,1,1783,1,0,android
781,2,47,189,1695,5,308,1208,0,1629,1,0,ios
782,3,8,185,667,1,1015,1947,1,2528,1,0,android
783,0,2,88,1768,7,1303,1814,1,3256,1,0,android
784,16,41,180,1269,8,406,1036,1,2341,0,1,ios
785,6,57,151,1109,1,124,833,1,2785,0,0,android
786,14,14,164,936,3,150,1677,1,3761,0,0,android
787,9,5,199,1713,6,108,1963,0,1513,0,1,ios
788,1,45,167,1175,2,90,557,0,2240,1,0,ios
789,0,5,194,1940,4,588,1809,0,820,1,1,ios
790,2,59,159,855,2,1028,1196,0,1875,1,1,ios
791,0,33,157,771,3,776,1247,0,920,1,1,ios
792,10,63,174,645,4,278,584,1,3615,0,1,android
793,2,7,88,1307,7,897,1103,0,1412,0,1,ios
794,4,5,136,1948,1,651,700,0,361,1,0,ios
795,5,50,81,1509,4,1010,1684,0,1540,1,0,ios
796,3,11,109,626,2,737,1759,0,1077,0,1,ios
797,0,40,93,1190,5,1399,1646,1,3610,0,1,android
798,10,57,158,1727,6,376,1288,0,512,0,0,ios
799,14,62,114,1670,8,1117,1330,1,3024,0,1,android
800,4,27,134,1150,3,234,1947,0,1610,0,0,ios
801,5,16,175,1208,1,691,1028,0,2201,0,0,ios
802,4,42,162,1812,7,380,1550,1,3338,1,1,android
803,6,61,196,770,4,603,1483,1,3473,0,1,android
804,10,10,114,1559,8,117,681,0,2203,1,1,ios
805,10,13,155,1902,4,766,877,0,940,1,0,ios
806,1,4,146,1751,8,1499,1952,0,1155,1,1,ios
807,0,20,93,1416,4,1175,1578,1,3872,0,1,android
808,3,61,115,1288,6,988,1503,1,1882,0,1,android
809,16,16,119,1003,8,190,1905,0,1798,0,0,ios
810,1,18,96,1715,6,674,1375,1,2598,0,0,android
811,0,46,199,1967,1,518,1374,0,1567,1,0,ios
812,14,2,125,962,1,1618,1916,0,1491,0,0,ios
813,5,42,120,1487,2,857,989,1,2003,0,0,android
814,4,54,190,1569,4,371,665,1,3905,0,0,android
815,5,57,111,1146,5,73,583,0,291,1,1,ios
816,6,9,118,1379,8,98,755,0,1693,0,1,ios
817,7,25,152,1504,4,395,1853,0,1788,0,1,ios
818,3,26,112,1945,6,1064,1540,1,3322,0,1,android
819,0,32,80,1630,6,712,1726,1,1751,0,1,android
820,10,23,117,1125,1,774,939,0,1641,1,0,ios
821,4,51,178,614,7,1012,1040,1,2854,0,1,android
822,5,17,101,854,4,730,1148,1,3115,0,0,ios
823,6,45,121,1470,1,777,1090,1,3259,0,1,android
824,5,49,172,1826,8,973,1633,1,1612,1,0,android
825,0,37,127,807,4,245,829,0,2319,0,0,ios
826,0,7,138,1996,5,937,1083,0,1258,0,0,ios
827,3,41,158,1083,5,937,1164,0,1543,0,1,ios
828,14,49,178,1035,2,574,1171,1,3991,0,0,android
829,5,62,143,1521,1,678,1630,1,3555,0,0,android
830,13,5,87,1314,4,82,512,1,3411,0,0,android
831,5,24,190,535,8,398,1775,0,524,0,0,ios
832,13,35,142,673,6,1096,1570,1,3541,0,1,android
833,5,4,169,1219,6,1419,1698,1,1998,0,0,ios
834,0,33,200,1606,5,157,770,1,3437,0,0,android
835,1,17,114,1603,2,430,1207,0,1637,0,1,ios
836,6,52,153,1958,1,1524,1848,1,3064,0,0,android
837,18,12,196,695,2,1649,1829,1,2855,1,1,android
838,0,53,106,1441,1,254,954,0,1393,1,1,ios
839,4,33,138,1470,7,1790,1988,1,1633,0,0,android
840,4,48,127,1890,4,1438,1832,1,2392,0,1,ios
841,0,26,82,1152,2,1304,1673,1,3284,0,1,android
842,3,20,117,1619,6,813,1180,0,464,0,1,ios
843,1,45,180,1002,7,948,1007,0,1234,1,0,ios
844,0,36,139,742,3,1161,1288,0,292,1,1,ios
845,2,33,174,1306,3,867,1258,1,2521,0,0,android
846,0,20,180,1424,5,181,1199,1,2658,0,0,android
847,8,27,91,942,4,754,1532,0,587,1,1,ios
848,8,2,118,1934,3,242,1127,1,2190,0,1,android
849,19,35,110,1290,4,405,742,0,879,0,0,ios
850,0,54,80,930,1,1569,1763,1,1743,1,0,android
851,16,21,156,1699,4,105,1099,0,1181,1,0,ios
852,1,29,181,1849,7,978,1986,1,3330,0,1,android
853,15,42,153,1922,8,725,1882,1,3564,0,0,android
854,0,56,146,548,4,657,1657,0,562,1,1,ios
855,0,47,82,916,4,1147,1393,0,1659,1,0,ios
856,8,14,183,1783,8,910,1566,1,1816,0,1,android
857,2,49,156,1083,5,295,503,0,1338,1,1,ios
858,10,7,131,1698,8,26,508,1,2992,1,0,android
859,5,7,85,1969,8,332,764,0,315,1,0,ios
860,0,2,197,869,7,519,533,1,3249,0,1,android
861,0,5,200,1337,4,161,1029,1,3242,1,0,android
862,2,28,194,637,4,1080,1289,1,2725,0,0,android
863,0,27,145,833,4,649,1290,0,586,0,1,ios
864,6,9,89,1248,3,71,1686,1,2454,1,0,android
865,7,30,147,1174,4,744,1244,0,804,1,1,ios
866,3,44,148,1831,7,437,1113,1,2460,0,0,android
867,7,27,146,1002,1,115,1111,0,1295,0,1,ios
868,2,8,139,1010,5,547,957,1,2625,1,0,android
869,2,21,177,1117,2,495,1035,0,1999,0,1,ios
870,3,15,153,990,2,1466,1717,1,2698,0,0,ios
871,5,26,129,1564,6,117,1115,1,3742,1,0,android
872,0,21,158,1065,5,760,1722,0,1193,0,1,ios
873,12,24,129,1982,7,764,1873,1,3511,1,1,android
874,6,20,192,1607,2,776,1005,0,885,1,0,ios
875,6,5,167,1066,5,53,1504,0,1044,0,0,ios
876,12,17,194,681,5,371,1702,1,2548,0,1,android
877,0,19,132,1163,2,728,818,1,2940,0,1,android
878,4,11,199,1285,5,1791,1896,1,3966,1,1,ios
879,11,48,121,753,8,606,1316,1,3484,0,0,android
880,2,5,90,1779,1,1225,1717,0,1246,1,0,ios
881,4,52,83,987,3,419,736,1,2757,1,0,android
882,15,24,136,511,3,367,1264,0,2378,0,0,ios
883,4,12,104,1044,6,1230,1263,0,1794,1,1,ios
884,5,32,187,1855,8,267,1161,1,3933,0,1,android
885,9,26,186,946,6,273,891,0,1637,0,1,ios
886,2,21,110,657,8,705,1905,0,783,1,0,ios
887,2,42,182,1673,5,214,679,1,3094,0,0,android
888,0,28,130,731,8,424,1032,0,1774,0,0,ios
889,6,59,161,926,7,84,793,0,256,0,1,ios
890,3,52,86,1261,2,605,1429,0,1365,0,1,ios
891,11,45,188,618,3,1175,1586,1,2339,1,0,android
892,5,57,129,936,2,657,938,0,2049,1,0,ios
893,0,28,158,1485,5,371,1023,1,3241,1,0,android
894,10,21,80,1339,4,833,1441,0,867,1,0,ios
895,1,50,82,508,5,102,1195,0,2175,0,1,ios
896,5,44,121,1938,2,1299,1935,1,3497,1,0,android
897,1,10,104,995,4,258,1889,0,609,0,1,ios
898,0,43,111,1086,6,56,1150,1,3285,1,0,android
899,1,35,157,1322,1,443,708,1,3684,0,0,ios
900,2,57,181,1864,6,1279,1793,1,3586,0,1,ios
901,1,26,92,1944,4,313,712,1,2322,0,1,ios
902,5,56,180,581,2,523,565,0,354,1,1,ios
903,3,27,128,1020,4,919,1482,1,3204,0,1,android
904,2,44,139,1936,3,570,1021,0,1400,0,1,ios
905,5,23,198,1329,8,380,682,0,2308,1,0,ios
906,3,46,105,808,8,119,529,0,1082,0,1,ios
907,4,40,164,994,2,296,839,1,3104,0,0,android
908,3,22,82,1811,2,358,614,1,2847,0,1,android
909,3,44,88,765,8,1364,1851,1,2256,1,1,android
910,0,16,106,993,7,424,1639,0,1113,0,1,ios
911,15,32,150,1136,6,961,1030,1,3210,1,1,android
912,0,23,113,719,6,431,1727,1,3990,1,1,android
913,0,63,105,733,7,950,1739,0,984,0,1,ios
914,8,8,123,1946,8,647,1849,1,3117,0,0,android
915,0,48,111,1230,7,1960,1963,1,1622,1,1,android
916,0,64,105,1577,3,116,1432,1,2967,1,1,android
917,3,12,138,1514,3,306,538,0,1037,0,1,ios
918,3,7,89,579,8,808,1517,1,2908,0,1,android
919,1,30,126,574,2,94,1334,0,1167,0,0,ios
920,6,19,114,1072,8,380,877,1,2715,1,0,android
921,1,16,119,843,7,593,732,0,1734,0,1,ios
922,5,11,85,1492,3,1684,1746,1,2259,1,1,android
923,0,16,125,1807,3,1221,1415,1,2921,1,0,android
924,7,47,146,909,3,410,1643,0,1244,1,0,ios
925,9,64,98,1876,3,600,1211,1,3132,1,1,android
926,3,23,106,1436,5,189,1411,1,2488,0,0,android
927,10,29,133,1251,6,308,591,0,1052,0,0,ios
928,8,28,152,636,2,148,742,1,2927,0,0,android
929,3,26,136,1354,4,297,918,0,2090,1,0,ios
930,3,34,190,930,4,1050,1726,1,2131,0,1,android
931,7,47,117,1830,1,1191,1882,1,3362,0,0,android
932,16,23,80,1424,4,1399,1663,0,1053,1,1,ios
933,1,51,88,583,8,1658,1794,0,1799,1,0,ios
934,9,54,109,648,5,1153,1817,1,3124,0,0,android
935,0,11,109,1203,2,35,510,0,1672,1,0,ios
936,0,15,100,1777,4,553,874,0,1552,1,0,ios
937,0,64,83,1299,6,46,908,0,1938,0,1,ios
938,2,47,129,1494,2,207,1177,1,3202,0,0,android
939,4,53,128,527,1,67,1924,0,1302,0,0,ios
940,1,64,179,793,4,818,1006,0,2296,1,0,ios
941,6,8,152,873,7,1257,1411,0,575,0,1,ios
942,12,12,93,722,6,138,1371,0,2359,0,0,ios
943,14,20,167,1250,5,11,1020,1,3314,1,1,android
944,0,60,147,1358,3,889,1635,0,440,0,0,ios
945,8,11,173,1035,6,831,1709,0,2002,1,0,ios
946,3,16,161,1289,6,713,1854,1,3167,1,0,android
947,2,37,82,1445,2,527,1393,1,3480,1,1,android
948,12,47,107,1702,2,1284,1643,0,595,0,1,ios
949,4,2,85,534,5,911,1220,1,2466,1,1,android
950,5,60,87,628,6,1047,1534,0,1337,1,0,ios
951,4,53,98,713,1,123,1477,0,1462,0,1,ios
952,0,58,112,1207,8,406,681,0,503,1,0,ios
953,7,30,197,683,7,927,1135,0,2066,0,0,ios
954,1,27,196,594,5,407,528,0,708,1,1,ios
955,1,55,103,537,7,1041,1430,0,2029,1,1,ios
956,0,38,121,1565,5,781,1364,0,308,1,1,ios
957,1,6,195,1052,4,1191,1839,0,552,0,1,ios
958,4,63,89,713,2,103,1760,0,2082,0,0,ios
959,1,16,141,1766,5,125,1227,1,3314,0,1,android
960,1,19,199,584,4,919,1343,1,3996,1,1,android
961,6,5,109,1541,4,536,1656,0,1795,1,1,ios
962,1,51,104,837,5,638,1831,0,594,0,1,ios
963,3,58,155,935,5,639,1087,1,2473,0,1,android
964,0,31,185,665,5,496,1804,0,690,0,0,ios
965,13,34,157,680,2,686,1418,1,3845,1,1,android
966,0,17,195,877,7,1064,1985,0,2004,1,1,ios
967,13,53,102,1493,5,240,1414,1,2083,1,1,android
968,3,26,83,1762,6,525,704,1,2661,1,0,android
969,4,57,124,842,3,348,730,0,1903,1,0,ios
970,9,56,196,925,1,1262,1520,1,2466,0,0,android
971,4,2,106,1692,1,1899,1904,1,3779,1,1,android
972,8,5,139,1576,3,258,789,1,3904,1,1,android
973,4,48,162,1065,6,1188,1948,0,265,0,0,ios
974,9,60,200,958,1,730,751,0,1417,0,1,ios
975,6,26,197,623,7,484,1238,0,1769,0,0,ios
976,1,17,171,897,1,547,1852,1,2948,0,1,android
977,4,41,152,1110,3,800,1455,1,2572,0,1,android
978,3,21,150,616,7,347,513,1,3267,0,0,android
979,6,37,168,1680,4,679,1231,0,1459,1,0,ios
980,0,12,94,1715,8,1224,1676,1,1633,1,1,android
981,0,45,130,983,4,948,1205,0,2052,0,1,ios
982,12,14,165,720,4,366,1234,0,1086,1,0,ios
983,2,24,169,1660,2,223,1777,1,2402,1,1,android
984,1,42,108,1564,2,1619,1962,1,3376,1,0,android
985,1,52,103,592,7,332,970,0,1507,0,1,ios
986,2,44,158,969,3,167,909,0,641,0,1,ios
987,0,35,131,1356,1,782,951,1,3451,1,1,android
988,8,14,189,504,7,881,1129,0,1607,1,1,ios
989,3,6,101,1546,1,91,1317,1,3521,0,0,android
990,3,7,147,689,2,487,722,0,1241,0,0,ios
991,14,16,137,1685,7,120,1429,0,881,1,1,ios
992,3,62,170,1792,7,1626,1913,1,2563,0,1,android
993,11,61,123,1786,3,74,865,1,3033,1,0,android
994,9,59,132,1944,7,634,1079,0,769,0,1,ios
995,13,49,131,1077,4,334,1079,1,3454,0,1,android
996,1,60,195,648,4,931,1811,0,819,0,0,ios
997,8,2,185,1702,6,921,1351,0,435,1,1,ios
998,1,30,150,1571,7,805,956,0,586,1,1,ios
999,14,19,125,856,6,1057,1931,0,650,0,1,ios
1000,6,14,115,1786,4,616,912,1,3038,0,0,android
1001,1,60,198,914,5,740,840,1,3736,0,0,android
1002,3,9,117,1615,1,542,678,1,2948,1,0,android
1003,4,19,190,649,7,344,1551,0,739,1,0,ios
1004,3,25,200,1646,2,211,1608,0,686,1,0,ios
1005,5,7,164,1189,2,79,615,0,841,1,0,ios
1006,3,29,83,1043,8,887,893,0,1183,0,0,ios
1007,3,19,131,1920,3,670,1152,1,3943,1,0,android
1008,1,54,109,1220,7,383,1249,0,1037,0,0,ios
1009,11,53,114,1748,4,718,1109,1,2633,0,0,android
1010,7,44,160,907,3,144,896,1,3911,0,0,android
1011,7,20,158,1193,7,1442,1904,1,1958,0,0,ios
1012,1,22,122,1766,8,291,1318,1,3297,0,0,ios
1013,7,24,170,1278,3,1352,1775,1,3141,1,1,android
1014,8,17,174,1234,6,209,725,1,3351,0,1,android
1015,10,55,100,1961,7,861,1888,1,2355,1,1,android
1016,0,3,105,1745,3,426,1629,0,1308,1,0,ios
1017,1,27,127,1442,5,266,642,0,991,0,0,ios
1018,1,39,173,1083,8,523,542,1,3248,0,1,android
1019,5,5,137,868,4,40,1311,0,1519,0,1,ios
1020,0,53,88,864,6,262,1436,0,493,1,0,ios
1021,0,2,114,1142,6,623,769,0,1747,1,0,ios
1022,0,64,94,608,4,4,1351,0,2517,1,1,ios
1023,0,53,187,983,1,1001,1176,0,1389,1,1,ios
1024,18,2,188,1720,5,334,896,1,2522,0,1,android
1025,8,27,116,1802,5,453,963,1,1885,1,0,android
1026,18,16,196,591,7,952,1726,0,704,1,1,ios
1027,5,10,163,1205,6,321,1870,0,953,1,1,ios
1028,3,28,108,1369,1,1451,1469,1,3206,0,0,android
1029,0,42,94,713,1,1048,1123,0,928,0,1,ios
1030,11,2,101,1082,4,398,724,0,2177,1,0,ios
1031,0,52,187,1719,3,417,520,1,2610,1,1,android
1032,18,12,186,1544,7,470,844,0,489,0,1,ios
1033,1,8,128,1090,8,1217,1670,1,3839,0,1,android
1034,3,15,181,1991,1,298,1037,0,1861,1,1,ios
1035,4,56,176,1367,2,36,642,0,299,1,0,ios
1036,7,32,182,1179,2,85,1451,0,340,0,0,ios
1037,1,15,102,721,5,655,1255,1,3606,1,1,android
1038,0,62,91,1549,4,167,990,0,799,0,1,ios
1039,3,46,134,1349,6,212,623,0,2367,0,1,ios
1040,1,30,123,1799,3,617,1386,0,445,1,0,ios
1041,2,11,122,1075,1,271,1769,1,3927,0,0,android
1042,3,63,157,684,5,159,1738,1,3756,1,1,android
1043,9,36,162,1837,4,786,872,0,770,0,1,ios
1044,2,21,138,1619,1,46,562,0,1641,0,0,ios
1045,1,13,197,965,8,645,1275,1,2343,0,0,android
1046,9,9,122,730,4,1371,1677,1,2787,0,1,android
1047,1,47,169,1361,5,881,1382,1,2495,0,1,android
1048,3,45,158,1494,5,449,790,1,3208,0,0,android
1049,7,18,146,1027,7,338,534,0,1234,0,1,ios
1050,0,38,97,1807,8,1332,1814,0,1069,0,0,ios
1051,1,11,130,709,5,119,1531,1,3568,0,1,android
1052,2,45,103,689,5,256,823,1,3585,0,0,android
1053,2,2,155,955,4,428,1254,0,1974,1,0,ios
1054,5,35,111,1872,3,1546,1879,1,2419,0,0,android
1055,0,13,97,1259,2,1210,1989,0,340,0,1,ios
1056,1,41,169,695,8,789,1211,0,2282,1,0,ios
1057,9,63,132,1969,4,390,756,0,298,1,0,ios
1058,3,39,162,759,2,110,1317,0,968,0,0,ios
1059,1,18,153,936,3,1330,1686,1,2391,1,1,android
1060,2,62,168,1176,2,674,1455,0,1534,0,0,ios
1061,0,10,101,1802,7,253,590,0,696,1,0,ios
1062,0,23,97,772,7,317,1805,1,2782,0,0,android
1063,1,45,136,1318,2,183,661,0,755,0,1,ios
1064,1,16,90,591,6,892,1603,1,3746,1,0,android
1065,0,41,124,569,1,388,605,0,2651,0,0,ios
1066,9,45,124,764,8,52,539,0,1341,0,0,ios
1067,8,37,101,1056,3,914,979,1,2651,1,1,android
1068,2,12,80,1982,5,287,593,0,1824,1,1,ios
1069,5,14,160,1830,6,773,1353,1,1905,1,1,android
1070,0,40,156,1122,7,675,1163,0,1456,1,0,ios
1071,2,63,153,1023,7,367,1985,1,3155,1,1,android
1072,8,33,93,1283,3,510,980,0,773,1,0,ios
1073,0,35,99,1602,7,1325,1800,1,1829,0,0,android
1074,5,32,163,732,8,1661,1836,1,3883,0,1,android
1075,0,33,195,1854,1,665,718,0,1675,0,1,ios
1076,1,30,93,718,3,662,997,0,1601,1,1,ios
1077,3,2,154,897,8,0,994,0,1958,1,0,ios
1078,0,8,107,1405,4,284,1036,1,2376,1,0,android
1079,6,21,110,798,2,661,1951,0,1647,0,0,ios
1080,1,40,157,1035,5,757,1912,1,3548,1,1,android
1081,0,37,134,1396,4,560,1177,1,2694,0,1,android
1082,7,49,178,1749,1,470,775,1,2195,0,1,android
1083,12,4,148,1588,5,146,822,1,2506,0,0,android
1084,1,16,94,1600,4,1315,1710,1,2073,1,0,android
1085,4,21,162,1522,6,533,1696,1,3767,0,1,android
1086,5,7,105,1279,6,560,1633,0,1150,0,0,ios
1087,7,6,102,719,6,405,1141,0,841,0,0,ios
1088,2,7,129,544,5,227,610,0,1675,1,0,ios
1089,5,21,185,1007,8,479,831,0,1301,1,0,ios
1090,0,32,141,590,6,227,509,0,1817,1,0,ios
1091,0,6,141,1788,6,149,1022,1,2321,1,0,android
1092,0,25,110,748,7,88,709,0,1974,1,1,ios
1093,4,64,157,757,7,114,819,1,3433,1,0,android
1094,1,27,174,1561,3,662,874,0,1205,1,0,ios
1095,10,23,89,1327,7,441,1721,0,872,1,1,ios
1096,4,18,81,797,8,888,1466,0,2052,1,1,ios
1097,0,64,193,727,1,664,711,1,3654,1,0,android
1098,0,36,194,686,4,64,745,0,1503,0,0,ios
1099,4,24,176,1515,5,747,1247,1,3104,0,0,android
1100,2,17,163,555,5,956,1010,0,343,1,1,ios
1101,0,5,112,1589,5,776,1397,1,3430,1,1,android
1102,6,45,136,1976,4,652,1933,1,2470,0,0,android
1103,3,24,149,1884,6,1168,1179,0,1396,1,1,ios
1104,0,27,86,1063,6,201,582,1,2668,0,0,android
1105,13,61,194,672,5,724,1127,0,1457,0,1,ios
1106,9,16,110,635,7,599,1299,1,2452,0,0,android
1107,3,55,113,1906,3,3,629,0,1871,0,1,ios
1108,4,40,191,1753,4,1652,1983,0,1112,1,1,ios
1109,2,3,85,659,8,190,657,0,967,0,1,ios
1110,0,14,148,1583,2,1171,1673,1,2498,0,1,android
1111,2,42,104,1783,6,1081,1979,0,387,1,0,ios
1112,0,21,138,1667,2,1211,1396,0,635,0,0,ios
1113,5,6,143,640,8,976,1353,1,2711,1,0,android
1114,0,29,111,1913,5,675,742,1,2023,1,0,android
1115,0,25,163,538,7,455,537,0,2215,1,1,ios
1116,6,46,89,1191,6,42,807,0,824,0,0,ios
1117,2,9,117,816,1,1196,1651,1,3851,0,1,android
1118,9,33,199,915,2,503,986,0,2156,1,0,ios
1119,7,27,88,1157,8,1694,1798,1,2885,0,1,android
1120,2,10,99,1201,7,306,558,0,495,1,1,ios
1121,1,18,129,1379,2,838,885,1,2358,1,0,android
1122,3,53,169,1483,5,291,651,0,1744,0,0,ios
1123,1,9,161,1614,3,173,1219,0,1832,0,0,ios
1124,4,4,144,930,8,1017,1289,0,2016,1,1,ios
1125,8,6,199,1454,3,698,1018,0,1300,0,1,ios
1126,4,41,164,1784,6,610,1437,1,2313,1,0,android
1127,12,34,149,1262,5,223,737,1,3248,1,1,android
1128,0,37,144,797,7,206,1167,0,2216,0,0,ios
1129,8,59,91,1829,5,1457,1919,1,3142,1,1,android
1130,6,58,161,1139,2,742,999,0,1850,0,0,ios
1131,9,13,80,618,4,591,724,0,1424,1,0,ios
1132,2,57,114,1547,1,347,957,0,1620,1,1,ios
1133,2,15,83,586,3,241,854,0,2592,0,0,ios
1134,8,36,85,1617,1,743,1426,0,296,0,0,ios
1135,11,44,113,1882,8,4,743,1,3579,1,0,android
1136,1,21,198,674,3,576,1809,0,1180,1,1,ios
1137,0,18,122,1467,5,888,1099,1,3962,1,1,android
1138,1,50,84,858,1,528,1416,1,3978,1,0,android
1139,0,2,106,794,6,1222,1890,0,668,1,0,ios
1140,0,39,187,1965,4,915,1965,1,2032,1,1,android
1141,1,36,108,1911,8,868,1632,1,3057,1,0,android
1142,4,46,145,1512,5,336,670,0,869,1,1,ios
1143,5,45,168,510,6,483,754,1,3919,1,1,android
