ID,dual_sim,bluetooth,fc,three_g,four_g,int_memory,m_dep,mobile_wt,battery_power,n_cores,px_height,px_width,price_range
1,0,yes,6,no,0,21,0.8,133,1550.0,2.0,268,832,2
2,0,yes,9,no,0,29,0.6,85,1878.0,8.0,210,1026,1
3,0,no,2,yes,0,6,0.1,127,623.0,3.0,144,672,2
4,0,yes,0,yes,1,15,0.4,160,1829.0,5.0,729,1267,2
5,1,no,11,no,0,35,0.8,190,525.0,7.0,82,670,0
6,0,yes,0,yes,1,14,0.7,89,1065.0,2.0,188,928,2
7,0,no,9,yes,1,35,0.7,127,1425.0,8.0,150,1897,0
8,1,no,3,yes,0,11,0.2,129,1296.0,7.0,1222,1382,2
9,0,no,3,no,0,34,0.8,197,642.0,2.0,331,1011,2
10,1,yes,9,yes,1,15,0.5,177,1664.0,7.0,1178,1929,2
11,0,yes,3,yes,1,8,0.1,170,1498.0,7.0,347,1076,3
12,1,yes,0,no,0,2,0.1,136,981.0,3.0,75,688,0
13,0,yes,6,yes,1,32,0.3,143,1236.0,4.0,492,1403,0
14,1,no,7,yes,0,9,0.1,187,1673.0,3.0,65,734,3
15,0,yes,6,yes,1,9,0.8,172,712.0,2.0,881,1234,3
16,1,yes,10,yes,1,4,0.8,170,569.0,3.0,351,1159,1
17,1,yes,0,yes,1,64,0.2,156,603.0,6.0,1842,1968,0
18,1,no,2,yes,0,11,0.5,187,1332.0,2.0,758,1165,1
19,0,no,0,yes,1,13,0.1,128,1413.0,1.0,1323,1481,0
20,1,no,1,yes,1,34,0.2,184,1064.0,6.0,1175,1569,0
21,0,no,2,yes,0,48,0.5,82,1444.0,5.0,1092,1554,3
22,1,yes,5,yes,1,53,0.2,161,1366.0,5.0,647,1876,3
23,1,no,7,yes,0,18,0.1,136,906.0,2.0,1102,1793,3
24,1,no,3,yes,1,47,0.7,185,1554.0,5.0,319,1367,0
25,0,no,0,yes,1,21,0.2,122,1187.0,6.0,215,1125,2
26,1,yes,1,yes,1,30,0.9,173,1156.0,3.0,945,1913,2
27,0,no,1,no,0,22,0.3,139,1918.0,1.0,381,1203,1
28,1,yes,8,no,0,39,0.1,199,841.0,6.0,546,828,2
29,1,yes,6,no,0,6,0.9,167,730.0,7.0,1096,1155,2
30,0,yes,13,yes,1,31,0.5,153,878.0,4.0,575,618,2
31,1,no,0,no,0,50,0.7,182,1059.0,8.0,519,1545,0
32,0,no,8,yes,0,3,0.9,200,1578.0,1.0,342,670,3
33,0,no,0,no,0,36,0.8,112,1829.0,5.0,291,563,1
34,0,no,0,no,0,8,0.1,157,1132.0,1.0,1091,1293,1
35,1,no,4,yes,1,40,1.0,198,1652.0,7.0,352,1084,3
36,1,no,0,yes,0,58,0.3,107,912.0,5.0,165,1723,3
37,0,no,12,yes,1,61,0.6,116,1181.0,2.0,385,831,1
38,0,yes,5,yes,0,32,0.7,92,1497.0,3.0,1920,1933,2
39,1,yes,3,yes,1,49,0.5,100,1790.0,3.0,396,1980,3
40,0,yes,3,yes,0,49,0.8,100,1742.0,1.0,1134,1469,2
41,0,Yes,4,yes,0,8,0.4,158,1549.0,5.0,721,1514,2
42,0,yes,7,yes,0,34,0.4,193,1372.0,4.0,687,937,0
43,0,no,0,yes,1,12,0.9,190,1112.0,4.0,777,1119,3
44,0,no,0,no,0,46,0.4,133,1005.0,8.0,176,1556,3
45,1,yes,9,yes,1,27,0.3,150,783.0,6.0,458,1263,0
46,0,no,10,yes,1,26,0.4,105,1698.0,2.0,485,1819,2
47,0,yes,3,yes,1,53,0.3,192,899.0,4.0,641,1638,2
48,0,no,3,no,0,45,0.2,151,1062.0,3.0,798,1435,0
49,0,yes,4,yes,0,17,0.2,166,989.0,3.0,256,1394,3
50,1,yes,6,yes,1,27,0.6,125,1983.0,1.0,370,1197,3
51,0,yes,5,no,0,53,0.3,87,1800.0,1.0,191,1108,0
52,0,no,0,yes,1,45,0.4,146,1254.0,3.0,1571,1956,1
53,0,no,0,yes,0,30,0.8,83,868.0,4.0,276,1026,1
54,1,no,3,yes,0,12,0.6,175,1205.0,4.0,573,614,0
55,1,yes,0,no,0,10,0.9,155,1284.0,2.0,160,516,1
56,1,no,2,yes,1,23,0.5,187,626.0,2.0,90,1334,2
57,1,no,1,yes,1,53,0.2,101,1763.0,4.0,138,806,1
58,1,yes,15,yes,0,36,0.4,193,694.0,4.0,983,1230,3
59,1,no,4,yes,1,49,0.5,90,1265.0,1.0,275,687,1
60,0,yes,4,yes,0,14,0.9,198,816.0,3.0,149,558,0
61,0,no,3,yes,1,35,0.4,168,904.0,3.0,42,507,0
62,1,no,0,yes,1,5,0.5,164,979.0,7.0,793,1670,3
63,0,no,0,yes,1,60,0.4,162,1531.0,6.0,625,765,2
64,1,no,2,no,0,30,0.7,182,934.0,8.0,521,1190,0
65,1,yes,0,no,0,58,1.0,200,1624.0,3.0,1530,1744,1
66,0,no,5,no,0,8,0.5,185,874.0,1.0,442,1248,0
67,0,yes,0,no,0,63,0.8,102,1027.0,5.0,152,714,1
68,1,no,15,yes,1,48,0.2,144,1966.0,1.0,1242,1973,2
69,0,yes,2,yes,1,29,1.0,182,1048.0,1.0,29,1670,1
70,1,yes,13,no,0,38,0.1,126,1496.0,4.0,501,506,1
71,0,yes,15,yes,0,13,0.4,155,959.0,4.0,87,736,2
72,1,yes,5,yes,0,55,0.1,105,1349.0,7.0,648,1019,2
73,1,yes,0,yes,1,13,0.9,168,1689.0,2.0,521,674,0
74,0,yes,0,yes,1,27,0.1,146,1558.0,1.0,120,1409,3
75,1,no,3,yes,0,27,0.2,168,582.0,3.0,985,1420,2
76,0,no,3,yes,1,44,0.1,138,1485.0,4.0,341,774,3
77,0,yes,11,no,0,9,0.7,94,1991.0,3.0,751,1377,1
78,1,no,2,yes,1,23,0.5,119,553.0,3.0,993,1517,2
79,1,no,2,yes,0,7,0.9,113,1231.0,1.0,43,1663,3
80,0,no,1,yes,0,34,0.6,88,805.0,6.0,1262,1538,3
81,1,yes,1,yes,0,13,1.0,152,764.0,8.0,361,511,2
82,0,no,5,yes,1,54,0.2,130,894.0,3.0,104,541,2
83,0,no,9,yes,0,46,0.4,84,1589.0,3.0,618,940,2
84,1,no,9,yes,1,39,0.1,80,1456.0,8.0,815,1666,3
85,1,no,0,yes,1,33,0.3,95,743.0,2.0,1587,1659,0
86,0,yes,3,yes,1,52,0.1,109,1061.0,7.0,138,1330,0
87,0,yes,0,no,0,7,0.1,153,1428.0,4.0,584,983,1
88,1,yes,0,yes,1,8,0.2,93,674.0,3.0,750,772,0
89,0,no,0,yes,1,46,0.3,93,832.0,6.0,820,1366,3
90,1,yes,2,yes,1,50,0.1,107,1625.0,8.0,8,1219,0
91,1,no,3,yes,0,42,0.2,151,907.0,1.0,171,507,0
92,0,no,2,yes,1,13,0.5,166,1631.0,2.0,960,1735,2
93,0,yes,6,no,0,41,0.6,135,1584.0,4.0,160,1291,1
94,0,yes,7,yes,1,13,0.3,199,1382.0,2.0,612,719,1
95,0,yes,0,yes,1,46,0.7,102,633.0,6.0,709,1915,1
96,0,yes,9,no,0,38,0.4,104,1444.0,7.0,624,917,3
97,1,yes,6,yes,1,54,0.4,147,852.0,5.0,538,730,0
98,0,yes,0,yes,1,47,1.0,157,922.0,8.0,1295,1808,1
99,1,no,4,yes,1,57,0.1,159,1745.0,3.0,1164,1908,3
100,0,no,9,yes,1,6,0.1,107,862.0,8.0,829,1977,3
101,1,yes,1,yes,1,52,1.0,101,1754.0,4.0,199,1452,3
102,0,no,3,no,0,36,1.0,109,1008.0,1.0,825,1972,1
103,1,no,3,yes,0,33,0.2,147,1569.0,1.0,519,930,3
104,1,no,7,yes,0,7,0.7,149,1596.0,2.0,169,1190,2
105,1,yes,2,yes,1,61,0.1,134,1807.0,6.0,1734,1968,3
106,1,no,4,no,0,7,0.8,184,1660.0,1.0,76,1165,1
107,0,yes,4,yes,1,55,0.5,148,1861.0,7.0,1698,1877,1
108,1,no,4,no,0,8,1.0,91,648.0,5.0,819,1997,2
109,1,no,1,no,0,19,0.3,134,1379.0,8.0,387,671,3
110,0,yes,0,no,0,34,0.6,115,1910.0,2.0,985,1284,0
111,1,no,0,yes,1,13,0.5,155,1807.0,8.0,970,974,0
112,1,no,7,yes,0,46,0.5,191,1923.0,1.0,767,1759,1
113,0,yes,7,yes,1,38,0.1,162,1345.0,3.0,512,1465,1
114,1,no,5,yes,1,14,0.2,102,904.0,8.0,56,760,1
115,1,no,5,yes,1,52,0.9,122,1239.0,2.0,590,661,0
116,0,no,6,yes,1,52,0.8,84,1330.0,4.0,462,1304,3
117,1,yes,1,no,0,30,0.9,138,516.0,1.0,126,698,2
118,1,yes,0,no,0,54,0.9,95,672.0,4.0,578,1143,0
119,0,yes,0,yes,1,47,0.4,94,892.0,1.0,655,1782,1
120,0,no,0,yes,1,23,0.5,101,1778.0,6.0,1028,1445,3
121,0,yes,4,yes,1,58,0.1,132,1130.0,5.0,88,1261,0
122,0,no,4,no,0,59,0.3,86,1359.0,2.0,1692,1902,3
123,1,yes,3,yes,1,47,0.8,89,1866.0,5.0,358,1782,1
124,0,no,11,no,0,34,0.4,89,1597.0,1.0,64,1667,0
125,1,yes,0,yes,1,58,0.2,100,1046.0,8.0,259,1040,3
126,1,no,2,yes,1,44,0.5,99,1035.0,3.0,236,1960,3
127,0,yes,2,yes,0,19,0.3,164,1175.0,7.0,873,1394,1
128,1,yes,0,yes,1,11,0.2,90,1261.0,4.0,858,1591,0
129,1,no,9,yes,0,51,0.5,124,1068.0,4.0,1405,1910,0
130,1,no,5,yes,1,20,0.9,104,1713.0,7.0,237,890,0
131,0,no,0,yes,1,21,0.2,170,1688.0,7.0,650,864,3
132,1,yes,4,yes,1,45,0.4,104,1413.0,5.0,1949,1994,3
133,0,yes,10,yes,0,11,0.4,82,559.0,5.0,541,823,1
134,1,yes,13,no,0,19,0.6,146,1483.0,7.0,361,1552,1
135,1,yes,13,yes,0,48,0.5,187,860.0,7.0,335,1463,1
136,1,no,5,no,0,27,0.1,91,1090.0,4.0,1638,1910,1
137,0,yes,11,no,0,3,0.3,91,686.0,6.0,1109,1392,0
138,0,no,14,yes,0,43,0.9,177,818.0,6.0,111,510,0
139,1,no,5,yes,0,49,0.2,193,1456.0,3.0,1285,1427,3
140,1,no,2,yes,1,10,0.5,188,774.0,2.0,1480,1731,2
141,1,no,0,yes,1,19,0.9,197,1068.0,8.0,322,875,0
142,1,yes,1,yes,1,29,0.9,141,1373.0,6.0,1220,1348,3
143,0,yes,3,no,0,20,0.6,188,1777.0,6.0,511,616,3
144,0,no,2,yes,1,28,0.1,132,594.0,5.0,1011,1263,2
145,1,no,5,no,0,57,0.5,124,1524.0,2.0,629,635,0
146,1,yes,12,yes,0,50,0.1,175,511.0,3.0,140,622,0
147,1,yes,3,yes,0,46,0.3,87,1402.0,7.0,1081,1767,0
148,0,yes,15,yes,0,53,1.0,131,965.0,8.0,297,653,2
149,0,yes,0,no,0,58,0.5,104,1270.0,5.0,1512,1716,3
150,1,no,11,yes,0,13,0.3,159,919.0,1.0,275,570,0
151,0,yes,16,yes,1,34,0.1,157,1963.0,2.0,1136,1813,1
152,1,no,2,no,0,31,0.4,173,1977.0,8.0,1145,1356,3
153,0,no,4,yes,0,51,0.3,158,1881.0,5.0,477,1553,1
154,0,no,5,no,0,19,0.9,173,683.0,4.0,954,1985,2
155,1,no,7,no,0,6,0.1,100,772.0,2.0,741,1471,0
156,0,yes,0,yes,1,53,0.7,135,536.0,3.0,547,705,0
157,0,no,0,yes,0,53,1.0,186,1694.0,6.0,1194,1208,2
158,1,no,3,yes,1,33,0.9,111,1633.0,2.0,146,906,0
159,0,no,4,no,0,52,0.5,167,1371.0,4.0,471,663,2
160,0,yes,0,yes,1,54,0.1,172,551.0,7.0,169,1916,0
161,0,no,1,yes,1,28,0.5,139,1221.0,1.0,1895,1976,3
162,0,yes,12,no,0,63,0.7,179,1000.0,8.0,1537,1761,3
163,1,no,3,yes,1,64,0.2,162,1986.0,4.0,236,1520,1
164,1,no,0,yes,1,23,0.4,164,1119.0,4.0,821,915,3
165,1,no,1,no,0,59,0.5,97,1699.0,4.0,466,1768,3
166,0,no,13,yes,1,61,0.3,146,1099.0,3.0,393,1096,1
167,0,no,7,yes,0,58,0.2,90,1576.0,3.0,400,631,0
168,0,yes,9,no,0,55,0.1,156,950.0,5.0,774,843,0
169,1,yes,13,no,0,49,1.0,99,1081.0,3.0,284,519,0
170,0,no,1,yes,1,53,0.2,146,606.0,4.0,465,1152,0
171,1,no,7,no,0,37,0.2,199,502.0,2.0,705,1810,1
172,0,yes,0,yes,1,4,0.1,160,957.0,2.0,38,1682,1
173,1,yes,0,yes,1,38,0.3,159,1658.0,5.0,51,739,2
174,1,yes,6,yes,0,18,0.3,167,1681.0,1.0,850,1005,2
175,1,yes,3,no,0,43,1.0,87,1983.0,6.0,349,676,2
176,0,no,8,yes,1,12,0.9,113,1753.0,7.0,387,1595,1
177,0,yes,0,yes,0,41,0.1,132,1632.0,4.0,706,1623,2
178,0,yes,7,no,0,57,0.3,145,1949.0,7.0,951,1178,0
179,0,no,1,no,0,13,0.9,97,1696.0,3.0,179,772,0
180,1,no,0,no,0,57,0.8,131,688.0,7.0,426,1964,3
181,0,no,1,yes,1,60,0.4,199,1104.0,2.0,653,1413,0
182,0,no,0,no,0,28,0.6,184,1122.0,3.0,1578,1963,1
183,1,yes,2,yes,1,46,0.9,172,504.0,5.0,280,1795,1
184,0,no,12,yes,1,14,0.7,156,1154.0,7.0,251,1801,0
185,0,no,2,yes,1,63,0.6,85,1727.0,7.0,1463,1992,3
186,1,no,0,yes,1,52,0.2,89,1674.0,3.0,1432,1649,2
187,1,no,5,yes,1,18,0.2,135,1948.0,2.0,477,571,0
188,1,yes,3,no,0,39,0.8,150,1218.0,7.0,1122,1746,1
189,0,no,10,no,0,63,0.7,189,531.0,7.0,145,1903,2
190,0,no,4,yes,0,5,0.5,154,1057.0,5.0,416,1055,3
191,0,no,1,no,0,30,0.8,162,576.0,8.0,847,893,2
192,0,yes,1,no,0,7,0.2,165,1960.0,7.0,868,877,3
193,1,yes,3,yes,1,22,0.1,88,673.0,1.0,594,1088,1
194,1,no,0,yes,1,21,0.8,88,718.0,1.0,518,830,1
195,0,no,3,yes,1,35,0.3,103,864.0,3.0,663,1805,1
196,1,no,1,yes,0,37,0.4,154,547.0,5.0,371,541,1
197,0,yes,1,yes,1,3,0.1,102,623.0,8.0,1749,1781,3
198,1,no,11,yes,0,27,0.4,154,1793.0,5.0,586,722,1
199,1,yes,0,no,0,19,0.1,137,1720.0,2.0,409,646,1
200,1,no,1,no,0,64,1.0,106,812.0,4.0,35,1309,2
201,0,yes,0,yes,1,33,0.9,160,980.0,6.0,1008,1758,2
202,0,no,9,yes,1,18,0.2,187,643.0,8.0,442,1079,1
203,1,no,0,yes,1,16,0.8,175,1925.0,8.0,983,1087,2
204,0,yes,3,yes,0,32,0.1,151,1408.0,4.0,875,982,3
205,1,yes,4,yes,0,28,0.2,124,1522.0,1.0,952,1191,1
206,0,yes,16,yes,1,51,0.6,111,587.0,1.0,244,1361,2
207,1,no,5,yes,0,18,0.7,191,1959.0,6.0,65,1055,0
208,1,no,3,yes,0,17,0.7,89,1872.0,6.0,1749,1767,1
209,0,yes,7,no,0,42,0.1,111,1043.0,3.0,716,1626,0
210,0,no,6,yes,0,23,0.7,123,1809.0,6.0,433,1661,3
211,0,yes,5,yes,1,23,0.2,92,1703.0,6.0,134,521,0
212,0,yes,4,yes,0,45,0.5,197,1095.0,1.0,179,1247,0
213,0,no,1,no,0,27,0.6,137,1414.0,4.0,804,1564,0
214,0,yes,2,no,0,41,0.1,88,1659.0,7.0,787,1515,0
215,1,no,1,yes,0,60,0.8,197,1540.0,7.0,704,822,1
216,0,no,0,yes,1,31,0.6,86,1342.0,7.0,991,1638,3
217,0,yes,13,yes,0,8,0.5,198,1189.0,3.0,379,932,0
218,0,yes,0,yes,1,62,0.6,128,518.0,6.0,489,710,1
219,1,no,3,yes,1,10,0.2,144,1449.0,1.0,1518,1883,1
220,1,no,0,yes,1,39,0.4,91,516.0,5.0,855,1401,0
221,1,no,8,yes,0,59,0.9,111,1569.0,3.0,1261,1383,3
222,1,yes,0,no,0,24,0.9,156,1312.0,6.0,115,1791,3
223,1,yes,1,no,0,23,0.1,179,1893.0,8.0,1203,1432,2
224,0,no,3,no,0,14,0.2,105,1076.0,5.0,545,1300,1
225,0,yes,1,no,0,40,0.9,118,530.0,6.0,818,1090,0
226,1,yes,7,yes,0,33,0.6,129,1044.0,4.0,42,1262,1
227,0,no,11,yes,0,37,0.7,126,1330.0,7.0,1103,1637,2
228,1,no,0,yes,0,14,0.7,104,1836.0,5.0,168,1068,2
229,0,yes,1,yes,1,55,0.1,140,1741.0,5.0,719,755,2
230,0,no,0,yes,1,30,0.4,152,1869.0,1.0,163,874,1
231,0,no,8,yes,0,55,0.9,146,1331.0,3.0,1162,1531,1
232,1,yes,6,yes,1,4,0.1,105,1655.0,3.0,626,1348,0
233,0,no,9,yes,1,18,0.9,162,605.0,2.0,329,656,1
234,0,yes,2,yes,0,30,0.7,105,1245.0,5.0,330,1434,2
235,0,yes,8,yes,1,58,0.8,136,1709.0,2.0,956,1292,2
236,0,yes,0,yes,1,58,0.1,123,846.0,4.0,1140,1983,2
237,1,yes,3,yes,0,62,0.9,90,1403.0,4.0,217,1623,0
238,0,yes,0,yes,0,2,1.0,89,688.0,3.0,271,869,0
239,1,yes,1,yes,1,10,0.1,185,775.0,7.0,444,1555,1
240,0,no,6,yes,1,35,0.8,159,1154.0,5.0,1003,1827,3
241,1,no,2,yes,1,35,0.1,194,1375.0,2.0,227,772,1
242,0,yes,4,no,0,61,0.9,130,1827.0,7.0,253,1764,3
243,0,no,0,yes,1,60,0.1,90,1697.0,4.0,88,1046,0
244,0,no,1,yes,0,14,0.3,178,741.0,5.0,334,594,0
245,1,yes,13,yes,1,32,0.7,174,1672.0,1.0,1281,1896,1
246,0,yes,4,yes,0,57,0.1,186,514.0,3.0,168,1320,0
247,1,yes,2,no,0,12,0.1,105,1375.0,1.0,898,1687,3
248,1,yes,4,yes,1,55,0.7,124,989.0,1.0,46,1069,1
249,1,yes,11,no,0,47,0.7,138,1510.0,2.0,118,1170,0
250,0,no,1,yes,0,18,0.4,86,1266.0,7.0,1187,1595,0
251,1,no,0,no,0,46,0.1,138,1396.0,7.0,1191,1347,2
252,0,no,3,no,0,45,0.8,161,808.0,1.0,526,1324,3
253,0,no,1,no,0,43,0.8,182,1542.0,2.0,346,966,3
254,1,yes,5,yes,0,35,0.8,102,745.0,8.0,89,1538,1
255,1,yes,0,yes,1,59,0.7,148,1735.0,6.0,137,846,3
256,1,no,1,yes,0,57,0.3,188,586.0,2.0,1226,1389,3
257,1,yes,0,no,0,36,0.4,107,1341.0,8.0,473,574,1
258,1,yes,1,no,0,64,0.2,88,781.0,2.0,368,607,3
259,1,yes,14,no,0,22,0.5,174,501.0,6.0,239,1636,2
260,1,yes,2,yes,1,44,0.2,139,1224.0,2.0,622,709,0
261,1,no,11,yes,1,58,0.3,80,1970.0,8.0,654,882,2
262,1,yes,0,yes,1,63,0.9,138,618.0,2.0,853,1781,2
263,0,no,11,yes,1,46,0.8,158,1537.0,4.0,686,1305,3
264,0,no,8,no,0,16,0.6,153,1018.0,8.0,992,1433,3
265,1,no,15,yes,1,35,0.1,173,1545.0,5.0,115,1352,3
266,0,no,4,yes,1,41,0.4,144,1871.0,8.0,275,1966,3
267,1,yes,1,yes,0,12,0.9,186,1729.0,1.0,461,1178,1
268,1,yes,9,yes,1,9,0.1,131,680.0,3.0,1428,1500,2
269,0,yes,4,yes,0,54,0.7,107,1106.0,3.0,614,1212,2
270,1,yes,1,yes,1,50,0.3,97,635.0,5.0,193,989,1
271,0,no,8,no,0,16,0.2,143,618.0,1.0,1105,1602,2
272,1,no,13,yes,0,5,0.9,179,1671.0,8.0,398,1263,0
273,1,yes,0,yes,1,52,0.1,105,1562.0,7.0,480,728,2
274,1,yes,2,no,0,31,0.9,151,1975.0,1.0,775,1607,3
275,0,yes,2,yes,1,62,0.7,134,831.0,8.0,1482,1490,2
276,1,yes,0,yes,0,10,0.6,174,1524.0,4.0,154,550,2
277,1,yes,3,yes,1,55,0.8,129,1528.0,5.0,454,1762,1
278,1,yes,2,no,0,9,0.2,155,1447.0,8.0,737,1455,0
279,0,no,1,yes,0,14,0.5,190,1344.0,1.0,419,556,1
280,1,no,1,yes,0,8,0.7,130,564.0,2.0,853,1737,1
281,1,no,1,no,0,60,0.1,83,921.0,2.0,1211,1229,0
282,0,yes,2,no,0,10,0.2,200,1413.0,6.0,314,1606,2
283,0,no,10,yes,0,55,0.5,86,831.0,6.0,172,1239,0
284,1,no,3,no,0,43,0.6,153,802.0,5.0,527,734,2
285,0,no,3,yes,0,24,1.0,86,1923.0,4.0,874,1264,2
286,0,yes,10,yes,0,56,0.4,196,1193.0,3.0,674,864,2
287,1,yes,10,yes,1,31,0.8,112,904.0,3.0,657,1014,2
288,0,no,1,yes,1,51,1.0,140,1285.0,7.0,475,500,1
289,1,no,0,yes,1,2,0.6,182,1635.0,4.0,1209,1411,2
290,1,no,5,yes,1,14,0.9,154,1923.0,4.0,15,525,2
291,1,yes,3,yes,1,12,0.9,198,1851.0,6.0,293,1967,0
292,0,yes,0,yes,1,32,1.0,131,727.0,7.0,813,1377,1
293,1,no,0,yes,1,44,0.1,118,1396.0,6.0,173,1843,1
294,1,no,9,yes,1,46,0.8,135,877.0,1.0,457,652,2
295,0,yes,11,yes,1,35,0.2,103,696.0,3.0,533,797,1
296,1,yes,2,no,0,2,0.6,102,1009.0,8.0,912,1043,1
297,1,no,2,yes,1,38,0.3,116,1526.0,5.0,798,1418,3
298,1,no,1,yes,0,20,0.8,192,987.0,7.0,412,565,0
299,1,yes,0,yes,1,49,0.5,101,1414.0,4.0,130,887,1
300,0,no,2,no,0,61,0.3,172,1732.0,5.0,201,656,3
301,0,yes,0,yes,0,50,0.9,148,1587.0,8.0,299,874,0
302,0,no,10,yes,1,21,0.1,160,1097.0,7.0,1277,1352,2
303,1,no,0,yes,0,40,0.5,178,504.0,3.0,626,1195,0
304,0,no,13,yes,1,28,0.2,80,1159.0,8.0,378,751,2
305,0,no,0,yes,0,29,0.6,146,1910.0,7.0,333,639,2
306,1,no,8,yes,0,59,0.1,159,865.0,3.0,805,1804,2
307,0,yes,11,no,0,16,0.8,186,1930.0,8.0,1901,1920,2
308,1,yes,8,yes,1,40,0.7,170,860.0,3.0,1573,1581,2
309,0,yes,9,yes,1,42,0.9,182,1268.0,6.0,360,912,0
310,1,yes,0,yes,1,27,0.1,167,999.0,4.0,20,745,0
311,0,no,0,yes,1,9,0.3,127,622.0,2.0,98,511,2
312,0,yes,8,no,0,44,0.2,182,1250.0,7.0,703,1011,1
313,0,yes,9,yes,1,51,0.3,104,763.0,5.0,273,1278,2
314,0,yes,12,yes,0,15,0.1,112,1100.0,8.0,919,1344,0
315,1,no,4,yes,0,51,0.3,85,815.0,6.0,982,1291,3
316,1,yes,2,yes,1,57,0.2,88,618.0,3.0,879,896,1
317,1,yes,0,yes,1,18,0.7,136,553.0,2.0,1287,1892,3
318,1,yes,2,yes,0,3,0.4,84,673.0,2.0,1109,1247,2
319,1,no,3,yes,0,47,0.3,115,563.0,7.0,211,684,2
320,1,no,12,yes,1,14,0.5,187,1590.0,4.0,1058,1109,3
321,1,yes,2,yes,1,11,0.1,121,1031.0,2.0,532,1247,2
322,1,yes,9,yes,0,30,0.4,97,909.0,3.0,290,773,0
323,0,no,0,yes,1,7,0.6,104,1880.0,4.0,890,1019,3
324,1,yes,0,yes,1,24,0.1,146,1479.0,6.0,327,645,3
325,1,no,0,no,0,2,0.9,161,1271.0,1.0,1260,1788,1
326,0,no,11,yes,1,13,0.1,81,709.0,8.0,570,1422,0
327,0,no,0,yes,1,62,0.7,158,1744.0,1.0,621,1558,0
328,0,yes,0,yes,1,40,0.8,116,,7.0,328,1858,3
329,0,no,0,yes,1,9,0.9,150,,6.0,1307,1767,2
330,0,yes,11,no,0,56,0.3,125,,8.0,497,618,2
331,0,yes,5,yes,0,62,0.1,156,,6.0,219,1037,0
332,1,yes,7,yes,1,39,0.6,188,,7.0,1163,1554,3
333,1,no,1,yes,1,52,0.7,180,,2.0,24,759,2
334,1,yes,10,no,0,11,0.5,167,,3.0,468,571,0
335,1,yes,12,yes,1,10,0.1,170,,7.0,1272,1469,3
336,0,yes,4,yes,1,37,0.7,147,,1.0,503,551,2
337,1,no,0,yes,0,27,0.9,101,,1.0,1495,1579,0
338,1,no,2,no,0,60,0.8,187,,8.0,1333,1838,1
339,1,yes,7,yes,1,2,0.6,115,1009.0,7.0,267,1841,2
340,1,no,16,yes,0,34,0.1,140,1735.0,2.0,149,876,2
341,1,yes,0,yes,0,49,0.5,185,1129.0,2.0,1070,1079,1
342,0,no,0,yes,0,26,0.3,116,708.0,7.0,206,620,0
343,0,no,2,yes,1,58,0.1,123,894.0,2.0,158,747,2
344,0,no,1,no,0,32,0.3,88,530.0,6.0,48,1012,0
345,1,yes,0,yes,0,35,0.5,105,1481.0,3.0,249,522,2
346,1,no,0,yes,1,45,0.6,194,1068.0,5.0,935,1499,1
347,0,no,6,yes,1,57,0.7,84,1487.0,3.0,140,768,2
348,1,no,11,yes,1,41,1.0,96,1524.0,4.0,184,740,1
349,1,no,2,yes,1,22,0.3,196,1093.0,8.0,238,807,1
350,1,yes,0,no,0,50,0.1,186,1816.0,5.0,800,1089,3
351,0,no,2,no,0,20,0.8,142,627.0,3.0,211,507,0
352,0,yes,13,yes,1,51,0.4,132,989.0,3.0,670,804,1
353,0,no,2,yes,1,5,0.7,134,1895.0,1.0,725,1335,1
354,1,yes,0,yes,1,58,0.9,168,805.0,3.0,81,1544,2
355,0,yes,7,yes,1,2,0.4,181,713.0,8.0,1211,1378,0
356,0,no,10,yes,1,24,0.7,148,864.0,4.0,1362,1378,3
357,0,no,1,yes,0,11,1.0,181,1177.0,4.0,945,1923,1
358,0,no,8,no,0,32,0.7,107,582.0,3.0,1043,1702,2
359,1,no,3,yes,1,56,0.2,185,1898.0,7.0,444,739,2
360,1,no,1,yes,1,29,0.7,123,1158.0,2.0,311,1796,1
361,0,yes,5,yes,1,57,0.6,181,1451.0,8.0,812,1456,3
362,0,yes,5,no,0,51,0.9,163,1820.0,7.0,202,1884,2
363,1,no,3,yes,1,9,0.8,140,984.0,3.0,531,707,0
364,1,yes,0,yes,0,24,0.4,135,580.0,4.0,404,898,2
365,0,yes,0,yes,0,5,0.4,146,1263.0,6.0,954,1609,2
366,0,no,2,yes,0,27,0.1,87,1237.0,8.0,274,603,2
367,0,yes,7,yes,1,37,0.1,172,514.0,1.0,956,1723,3
368,0,no,0,yes,1,56,0.9,184,1515.0,3.0,1438,1593,0
369,1,no,6,yes,1,6,0.4,194,721.0,4.0,1446,1988,0
370,1,yes,3,no,0,35,0.7,126,603.0,3.0,692,1057,3
371,0,yes,2,yes,1,55,0.4,109,1426.0,1.0,777,1032,2
372,1,yes,0,yes,1,64,0.6,161,1820.0,1.0,1157,1951,1
373,0,no,4,no,0,16,0.1,130,1215.0,4.0,454,1473,2
374,1,no,5,yes,1,20,0.4,173,697.0,2.0,478,1477,0
375,1,yes,4,no,0,10,0.6,198,717.0,1.0,217,1106,0
376,1,yes,5,no,0,36,0.3,145,1348.0,6.0,468,741,2
377,1,yes,0,no,0,61,0.3,88,1164.0,1.0,1107,1656,3
378,0,yes,9,yes,1,62,0.3,170,578.0,5.0,626,1134,2
379,1,yes,0,yes,0,40,0.3,186,1971.0,7.0,485,922,0
380,1,yes,5,yes,1,55,0.5,86,1794.0,7.0,43,627,0
381,0,yes,2,yes,1,32,0.1,114,1558.0,5.0,322,1385,0
382,0,yes,4,yes,1,4,0.5,85,1597.0,1.0,880,1145,2
383,0,no,0,no,0,39,0.1,146,1240.0,2.0,1511,1756,3
384,1,yes,2,yes,1,7,0.6,88,1994.0,8.0,667,711,0
385,0,no,7,yes,1,35,0.4,152,1221.0,7.0,765,1899,2
386,1,yes,11,yes,1,24,0.6,156,989.0,8.0,614,679,2
387,0,yes,5,yes,1,50,1.0,144,1180.0,4.0,925,1252,1
388,0,no,10,yes,0,59,0.8,113,718.0,6.0,1185,1387,1
389,1,yes,0,yes,0,47,0.8,139,1670.0,8.0,1706,1886,1
390,0,yes,1,yes,1,21,0.3,164,534.0,7.0,347,1477,2
391,1,yes,0,yes,0,20,0.5,126,1566.0,2.0,1603,1930,1
392,0,no,0,yes,1,29,0.6,124,1935.0,5.0,806,860,0
393,1,yes,2,yes,0,54,0.4,163,504.0,2.0,1207,1539,2
394,1,no,1,yes,1,41,0.3,103,913.0,1.0,431,1144,1
395,1,no,2,no,0,43,0.5,113,1317.0,5.0,179,613,3
396,0,yes,1,yes,1,31,0.5,88,917.0,6.0,423,909,3
397,1,no,1,yes,0,49,0.6,99,712.0,6.0,1131,1743,0
398,0,no,6,yes,0,52,0.9,126,1083.0,2.0,925,1469,0
399,0,no,5,yes,1,6,0.1,136,1039.0,6.0,62,544,2
400,0,no,4,yes,0,13,0.7,185,1747.0,6.0,800,873,3
401,1,yes,0,no,0,52,0.6,105,1449.0,6.0,211,947,1
402,1,yes,14,yes,0,49,0.2,139,1872.0,7.0,81,1389,3
403,1,no,5,no,0,7,0.1,101,1796.0,4.0,667,798,1
404,0,no,0,yes,0,60,0.8,181,1097.0,1.0,405,519,0
405,1,no,1,yes,1,20,0.8,172,1562.0,8.0,678,1676,3
406,0,yes,8,yes,1,27,0.9,153,1433.0,7.0,1619,1651,3
407,0,no,1,no,0,12,0.2,123,740.0,1.0,935,1147,0
408,0,no,1,yes,1,39,0.2,84,676.0,1.0,864,1011,1
409,1,yes,1,yes,1,13,0.7,131,503.0,1.0,1495,1688,3
410,0,no,13,yes,1,7,0.7,96,1020.0,3.0,870,1613,1
411,1,no,3,yes,1,4,0.3,111,896.0,1.0,1379,1469,1
412,0,yes,4,yes,1,19,0.9,143,1824.0,2.0,1055,1738,2
413,1,no,1,yes,1,54,0.4,134,1512.0,3.0,220,1838,3
414,0,no,7,no,0,42,0.9,126,1053.0,6.0,419,1261,0
415,1,yes,0,yes,1,31,0.8,87,1944.0,4.0,1111,1362,3
416,1,no,1,yes,1,25,0.8,91,1174.0,2.0,1097,1461,0
417,1,yes,3,yes,1,12,0.2,131,627.0,7.0,447,819,1
418,0,no,4,yes,1,46,0.6,118,1602.0,1.0,273,1062,1
419,1,yes,4,yes,1,6,0.9,170,1733.0,1.0,590,997,3
420,1,no,10,yes,1,8,0.5,142,586.0,8.0,116,598,2
421,0,no,2,yes,0,37,0.2,156,1528.0,8.0,306,564,0
422,0,no,2,no,0,23,0.1,110,875.0,7.0,300,1316,0
423,0,no,12,no,0,58,0.4,170,1602.0,1.0,1259,1746,3
424,0,no,4,yes,1,12,0.7,174,1426.0,5.0,1573,1694,1
425,0,no,5,yes,1,6,0.2,158,1370.0,6.0,1392,1783,3
426,0,yes,4,yes,1,10,0.1,81,609.0,6.0,113,1524,1
427,1,no,5,yes,1,15,0.3,178,840.0,6.0,526,1728,2
428,0,no,2,yes,1,12,0.3,158,991.0,5.0,1209,1678,2
429,0,yes,0,yes,1,9,0.8,100,1724.0,2.0,655,828,3
430,0,yes,0,yes,1,19,0.3,168,584.0,3.0,1123,1622,0
431,1,yes,1,yes,1,49,0.7,141,860.0,6.0,692,979,3
432,1,yes,10,yes,1,28,0.2,165,1541.0,5.0,796,1052,1
433,1,yes,7,yes,0,58,0.5,130,615.0,5.0,1021,1958,1
434,1,yes,6,yes,1,46,0.4,84,912.0,4.0,995,1310,0
435,0,yes,10,yes,1,60,0.6,172,1278.0,7.0,1244,1504,3
436,0,no,0,yes,1,31,0.3,125,1365.0,4.0,293,970,0
437,0,no,7,no,0,36,0.1,177,1702.0,5.0,1240,1931,2
438,0,yes,1,yes,1,59,0.7,146,589.0,8.0,759,1858,0
439,1,no,10,yes,0,56,0.3,95,1347.0,1.0,398,1528,2
440,0,no,0,yes,1,44,1.0,137,,8.0,358,791,2
441,1,no,1,yes,0,42,0.1,133,,7.0,403,1614,3
442,1,no,10,yes,0,2,0.1,153,,7.0,211,1409,2
443,0,no,2,yes,0,52,0.1,178,,3.0,194,1437,0
444,0,no,5,yes,1,6,0.9,164,,2.0,1076,1472,3
445,0,yes,1,no,0,19,0.8,192,1874.0,2.0,1238,1418,1
446,0,no,5,yes,0,5,0.8,162,1928.0,5.0,229,1004,0
447,1,no,2,yes,1,33,0.4,198,888.0,2.0,327,1683,3
448,1,yes,1,yes,0,58,0.8,86,1077.0,7.0,135,1892,3
449,1,yes,5,yes,1,30,0.2,80,1023.0,8.0,5,1744,1
450,0,yes,2,yes,1,42,0.6,84,1426.0,3.0,715,1163,1
451,1,no,7,yes,1,26,0.7,177,831.0,5.0,511,621,0
452,1,yes,0,yes,1,6,0.5,85,1496.0,3.0,549,1383,3
453,0,yes,2,yes,1,5,0.1,129,1433.0,5.0,420,784,1
454,1,yes,0,yes,1,44,0.7,103,1095.0,4.0,838,1066,3
455,1,yes,3,yes,1,23,0.8,156,643.0,1.0,314,1400,1
456,0,yes,0,yes,1,6,0.5,198,1142.0,4.0,739,1766,1
457,1,yes,3,yes,1,27,0.1,112,730.0,5.0,62,846,2
458,0,yes,5,yes,1,41,0.6,131,1901.0,2.0,3,1662,0
459,1,no,1,yes,0,32,0.7,135,1510.0,3.0,963,1520,1
460,0,no,0,yes,1,59,0.9,136,1924.0,6.0,1438,1923,3
461,1,no,13,yes,1,17,0.1,157,1825.0,4.0,1621,1773,3
462,1,yes,3,yes,1,5,0.2,152,1275.0,1.0,19,501,3
463,0,yes,9,yes,0,17,0.8,124,987.0,7.0,887,1274,3
464,0,yes,6,yes,1,13,0.2,121,1538.0,7.0,567,986,1
465,0,yes,4,yes,1,29,0.5,149,1965.0,5.0,584,676,3
466,0,no,7,no,0,20,0.8,185,808.0,6.0,496,974,0
467,0,no,6,yes,0,27,0.5,86,712.0,2.0,1245,1309,1
468,1,yes,0,yes,1,42,0.4,123,1507.0,5.0,682,888,1
469,0,no,3,no,0,47,0.9,182,912.0,3.0,724,794,0
470,0,yes,2,no,0,17,0.1,95,769.0,8.0,1384,1454,1
471,0,no,14,yes,0,22,0.1,173,948.0,5.0,257,1654,3
472,1,yes,0,yes,1,39,0.7,142,507.0,1.0,17,1084,1
473,1,YES,15,yes,0,60,0.1,82,1384.0,3.0,983,1210,1
474,0,yes,1,no,0,29,0.5,194,1766.0,8.0,439,1306,2
475,1,no,5,yes,1,16,0.2,170,1407.0,4.0,925,1206,1
476,1,no,3,yes,1,24,0.2,94,614.0,4.0,409,603,1
477,0,no,9,yes,0,14,0.4,196,1972.0,7.0,293,952,1
478,1,no,8,yes,0,47,0.2,130,1039.0,8.0,384,1878,1
479,1,yes,5,yes,1,34,0.9,125,511.0,8.0,149,1285,2
480,0,yes,4,yes,1,5,0.6,98,1811.0,4.0,447,568,2
481,0,no,3,no,0,36,0.4,104,1159.0,4.0,717,1206,2
482,1,no,7,no,0,12,0.1,178,1848.0,2.0,195,533,3
483,0,yes,0,yes,1,16,0.1,94,1988.0,8.0,153,696,3
484,0,no,3,yes,1,58,0.5,150,1469.0,7.0,1699,1850,2
485,0,no,12,no,0,44,0.8,131,1423.0,5.0,501,640,1
486,1,no,9,no,0,10,0.8,145,1974.0,6.0,530,1496,1
487,1,no,2,yes,1,42,0.8,128,835.0,5.0,396,1378,2
488,0,no,8,yes,0,42,0.9,151,1429.0,5.0,670,1552,1
489,0,yes,1,yes,1,51,0.1,144,947.0,2.0,193,887,2
490,1,yes,0,yes,1,18,0.3,178,1446.0,8.0,351,1769,3
491,1,no,5,yes,1,7,0.8,168,1332.0,7.0,846,855,2
492,1,yes,0,yes,1,14,0.1,191,1498.0,4.0,111,1167,0
493,1,yes,0,yes,1,14,0.4,173,1576.0,2.0,1213,1386,3
494,1,no,8,yes,1,26,0.8,150,1398.0,1.0,755,1284,3
495,1,no,12,yes,1,14,0.6,92,1885.0,4.0,1406,1517,1
496,1,yes,7,no,0,2,0.8,148,798.0,2.0,497,627,2
497,1,no,0,yes,1,42,0.9,124,1436.0,8.0,1826,1836,3
498,0,yes,8,yes,0,31,0.6,196,1998.0,8.0,50,1356,2
499,0,yes,0,yes,1,63,0.4,109,1321.0,8.0,817,941,1
500,0,no,7,yes,0,9,0.7,192,1021.0,2.0,901,1793,1
501,1,yes,0,yes,0,40,0.1,123,1339.0,2.0,212,1269,2
502,1,yes,9,yes,0,57,0.5,111,1210.0,4.0,329,1039,1
503,1,yes,2,yes,1,31,0.1,145,1949.0,5.0,837,1182,1
504,1,no,9,yes,1,28,0.2,151,882.0,6.0,248,884,0
505,1,yes,0,yes,1,27,0.4,113,1549.0,5.0,632,1162,0
506,1,no,1,yes,1,42,0.7,82,1991.0,1.0,366,613,0
507,0,no,2,no,0,12,0.5,114,796.0,1.0,174,518,0
508,1,no,4,yes,0,39,0.1,161,1012.0,4.0,882,1195,2
509,1,no,0,yes,1,11,0.8,188,1318.0,2.0,688,1591,1
510,0,no,8,yes,1,14,0.9,197,1708.0,4.0,263,1345,1
511,1,yes,8,yes,1,62,0.1,117,598.0,8.0,118,764,2
512,0,yes,4,no,0,51,0.4,200,541.0,8.0,1012,1226,0
513,1,no,2,yes,1,23,0.2,192,818.0,5.0,586,1552,2
514,0,no,0,yes,1,15,0.8,168,1414.0,2.0,294,1233,0
515,1,yes,3,yes,1,6,0.8,169,601.0,4.0,818,1827,2
516,1,yes,2,yes,1,40,0.1,99,561.0,7.0,426,865,2
517,1,yes,3,yes,0,52,0.1,100,1616.0,5.0,151,1133,0
518,1,yes,1,yes,1,32,0.4,103,1263.0,2.0,409,644,3
519,1,yes,0,yes,1,63,0.6,93,1604.0,5.0,641,1156,1
520,1,no,1,yes,0,24,0.5,86,539.0,4.0,958,967,0
521,0,no,0,yes,0,49,0.3,199,1071.0,4.0,1328,1970,3
522,1,no,0,yes,1,57,0.5,135,826.0,2.0,354,530,0
523,0,no,2,no,0,62,0.7,106,771.0,1.0,1709,1781,1
524,0,no,0,yes,0,33,0.2,132,1811.0,8.0,1099,1553,3
525,1,yes,7,no,0,56,0.4,179,1842.0,4.0,783,1227,3
526,1,no,1,no,0,50,0.1,100,1420.0,8.0,194,1393,0
527,1,No,12,yes,0,10,0.2,184,1763.0,3.0,238,1893,0
528,0,yes,6,yes,0,2,0.9,133,1163.0,5.0,919,1076,1
529,0,yes,0,no,0,29,0.2,182,1805.0,4.0,758,891,1
530,1,yes,9,yes,0,52,0.4,90,610.0,4.0,1039,1273,3
531,1,yes,18,yes,1,17,0.3,160,,4.0,1054,1393,2
532,0,no,3,yes,1,63,0.3,111,1924.0,2.0,122,686,3
533,1,no,6,yes,0,52,0.9,120,1801.0,6.0,100,1708,0
534,0,yes,1,yes,1,42,0.6,106,1726.0,5.0,1221,1804,2
535,1,no,15,no,0,14,0.6,197,794.0,3.0,312,1376,1
536,1,yes,4,no,0,28,0.8,182,1686.0,5.0,599,1073,0
537,1,yes,0,no,0,6,0.9,103,1444.0,1.0,1274,1340,0
538,1,no,0,yes,1,30,1.0,160,1004.0,8.0,62,581,0
539,0,yes,8,yes,0,28,0.2,166,1242.0,4.0,315,1796,0
540,0,no,6,yes,1,26,0.2,137,539.0,6.0,1123,1709,3
541,1,no,2,yes,1,14,0.1,99,717.0,8.0,1878,1981,0
542,1,no,0,yes,1,29,0.1,157,1540.0,7.0,318,831,0
543,0,no,7,yes,1,35,0.1,99,672.0,8.0,574,1267,0
544,0,yes,0,yes,1,13,1.0,133,1325.0,4.0,1353,1915,3
545,0,no,6,yes,1,55,0.1,124,950.0,8.0,86,1681,0
546,1,no,6,yes,0,18,0.3,119,948.0,4.0,340,1728,2
547,0,yes,5,yes,1,27,0.3,144,1328.0,3.0,602,1156,2
548,0,no,3,no,0,40,0.7,184,1447.0,2.0,963,1062,0
549,1,yes,3,no,0,21,0.8,95,1973.0,8.0,127,507,1
550,1,yes,18,no,0,60,0.5,171,1731.0,4.0,142,1039,1
551,0,no,1,yes,1,63,0.7,111,1617.0,2.0,274,1079,2
552,1,yes,1,yes,1,33,0.5,110,1791.0,5.0,371,682,0
553,1,no,7,yes,1,54,1.0,101,851.0,2.0,788,1007,0
554,1,no,0,yes,1,14,0.6,115,856.0,1.0,395,1027,1
555,0,yes,1,no,0,30,0.3,145,714.0,4.0,643,1527,1
556,0,no,6,yes,1,15,0.6,81,951.0,2.0,854,935,0
557,0,yes,6,yes,1,10,0.4,109,1303.0,8.0,1335,1873,2
558,0,yes,2,no,0,32,0.1,126,1550.0,7.0,1541,1619,2
559,0,yes,10,yes,1,15,0.4,101,1759.0,4.0,382,1163,2
560,1,no,18,yes,0,2,0.2,100,1448.0,5.0,846,1144,0
561,0,yes,0,yes,0,50,0.7,119,1987.0,8.0,960,1925,1
562,0,no,1,yes,0,44,0.6,95,,5.0,154,941,3
563,1,no,2,no,0,58,0.3,160,820.0,4.0,468,694,0
564,1,no,4,no,0,19,0.6,147,904.0,6.0,1094,1496,0
565,1,no,4,yes,1,6,0.1,149,667.0,6.0,272,870,2
566,0,no,1,yes,0,34,0.1,173,1109.0,1.0,165,1103,2
567,0,no,3,yes,1,59,0.7,183,1333.0,7.0,394,1301,3
568,0,no,5,yes,1,6,0.9,92,1352.0,6.0,629,1299,1
569,1,no,1,no,0,19,0.6,88,1600.0,6.0,831,1713,1
570,1,no,8,no,0,37,0.8,80,1454.0,8.0,903,910,1
571,1,no,0,yes,0,9,0.4,169,1489.0,3.0,923,1759,1
572,1,no,11,yes,0,10,0.6,81,1823.0,8.0,362,1250,2
573,0,yes,9,no,0,41,0.4,172,1581.0,4.0,693,850,1
574,1,yes,1,yes,1,44,0.5,172,1672.0,8.0,1250,1435,1
575,1,yes,0,yes,1,27,0.2,80,1283.0,4.0,1135,1923,3
576,0,no,9,yes,1,14,0.5,180,630.0,8.0,66,1448,0
577,0,no,0,yes,1,24,0.7,151,659.0,8.0,924,1877,3
578,1,yes,0,yes,0,32,1.0,115,1811.0,6.0,204,1132,0
579,0,yes,9,no,0,40,0.2,109,688.0,5.0,376,1957,1
580,1,yes,5,no,0,18,0.7,141,514.0,2.0,1083,1492,0
581,1,no,1,no,0,16,0.5,154,1933.0,3.0,229,1473,0
582,0,no,8,yes,1,31,0.3,91,915.0,3.0,875,1316,0
583,1,no,4,yes,1,22,0.8,135,1006.0,4.0,35,991,0
584,0,yes,2,yes,1,13,0.4,92,1134.0,4.0,18,903,3
585,0,yes,0,yes,1,64,0.3,186,599.0,8.0,103,646,2
586,1,no,5,no,0,53,0.5,196,973.0,5.0,105,588,1
587,0,yes,0,yes,1,27,0.1,90,1180.0,6.0,168,540,0
588,0,yes,7,no,0,13,0.8,98,1237.0,4.0,18,1004,2
589,1,no,7,yes,1,5,0.3,169,659.0,8.0,659,730,1
590,1,yes,6,no,0,6,0.7,190,1142.0,8.0,534,855,0
591,1,no,16,yes,1,11,0.4,185,1002.0,6.0,285,512,0
592,0,no,0,yes,1,44,0.7,113,1392.0,4.0,482,1098,1
593,0,no,9,no,0,50,0.9,141,602.0,,1571,1717,2
594,0,yes,3,yes,1,55,0.8,140,1249.0,3.0,605,1193,0
595,1,yes,0,yes,1,12,0.5,121,531.0,4.0,158,1657,1
596,0,no,1,no,0,31,0.6,114,1450.0,5.0,1573,1639,1
597,0,no,1,no,0,50,0.1,173,1342.0,1.0,127,620,2
598,0,yes,5,yes,1,22,0.6,198,832.0,1.0,343,1431,1
599,0,yes,0,yes,1,57,0.1,159,867.0,4.0,289,724,1
600,0,no,16,no,0,44,0.9,151,1404.0,1.0,1703,1880,1
601,1,Hell NO,6,no,0,33,0.7,150,840.0,6.0,1482,1591,2
602,0,no,10,yes,1,42,0.2,91,1368.0,1.0,907,925,1
603,1,no,3,no,0,11,0.4,190,1927.0,8.0,491,1506,3
604,1,no,7,no,0,31,0.4,120,1714.0,2.0,287,627,3
605,0,yes,1,yes,1,10,0.4,198,1201.0,6.0,1151,1723,0
606,0,yes,4,yes,0,44,0.9,184,1796.0,2.0,1024,1363,3
607,1,no,11,yes,0,28,0.7,158,1147.0,6.0,1085,1134,2
608,0,yes,0,yes,1,20,1.0,146,776.0,4.0,991,1803,0
609,0,no,0,no,0,33,0.1,110,510.0,6.0,1052,1897,1
610,1,yes,3,yes,1,40,0.1,175,1045.0,6.0,1078,1564,2
611,1,yes,4,yes,1,10,0.1,153,1497.0,8.0,98,977,3
612,0,yes,0,yes,1,33,0.5,89,1425.0,3.0,396,1648,3
613,0,no,0,yes,1,40,0.8,94,726.0,4.0,323,978,0
614,0,yes,0,yes,1,20,0.6,148,1576.0,3.0,410,1551,1
615,1,yes,5,yes,1,11,0.1,197,714.0,3.0,1750,1857,1
616,1,no,1,no,0,63,0.9,88,1595.0,1.0,1475,1988,1
617,0,no,0,yes,1,10,0.4,127,541.0,,1836,1873,1
618,0,yes,14,no,0,29,0.9,113,1617.0,6.0,283,676,3
619,1,no,2,yes,1,5,0.2,98,1154.0,1.0,539,1240,1
620,0,no,6,yes,0,2,0.2,189,1638.0,1.0,440,563,2
621,0,yes,0,yes,0,39,0.4,151,1150.0,8.0,397,800,0
622,0,yes,0,yes,1,44,0.2,149,1254.0,1.0,204,1021,2
623,1,yes,2,yes,1,54,0.1,117,1806.0,1.0,347,727,3
624,0,no,8,yes,0,12,0.7,114,603.0,6.0,1003,1284,1
625,0,no,7,yes,1,40,0.1,99,1834.0,4.0,0,1987,3
626,0,no,0,yes,1,31,0.8,145,520.0,6.0,264,519,1
627,1,no,1,yes,0,50,0.1,158,565.0,2.0,543,703,1
628,0,yes,11,yes,0,9,0.5,150,1689.0,5.0,467,675,2
629,0,yes,0,yes,0,21,0.7,104,742.0,8.0,875,925,0
630,1,no,1,yes,1,22,1.0,125,1143.0,3.0,1116,1724,1
631,0,yes,9,yes,0,3,0.8,196,761.0,7.0,1325,1945,2
632,1,yes,0,yes,0,36,0.4,196,959.0,5.0,1313,1331,3
633,1,yes,7,yes,1,8,0.6,134,772.0,7.0,552,1802,0
634,0,yes,5,no,0,12,0.5,102,1015.0,,335,679,1
635,1,yes,9,yes,1,2,0.7,103,1824.0,1.0,50,1105,3
636,1,yes,1,yes,1,29,0.7,130,1130.0,1.0,593,1327,0
637,1,yes,3,yes,1,48,0.1,120,1183.0,8.0,268,1010,0
638,1,yes,0,yes,1,26,0.5,118,574.0,6.0,382,1364,0
639,0,no,4,yes,1,20,0.3,169,1472.0,2.0,443,892,0
640,0,yes,2,yes,1,40,0.9,179,1868.0,8.0,576,884,0
641,0,no,2,yes,0,20,0.4,147,1375.0,6.0,596,679,3
642,0,no,1,yes,0,64,0.5,160,881.0,3.0,115,636,1
643,1,yes,5,yes,1,43,0.9,176,1742.0,3.0,356,1407,2
644,1,no,6,yes,0,60,0.1,107,1225.0,2.0,10,1567,2
645,1,yes,0,yes,1,15,1.0,132,1970.0,2.0,1399,1684,2
646,1,yes,2,yes,0,21,0.4,160,1186.0,,68,584,1
647,0,no,7,yes,0,60,0.1,157,1762.0,4.0,643,790,1
648,1,yes,4,yes,1,4,0.5,163,1731.0,6.0,809,1988,3
649,1,no,5,yes,1,8,0.8,160,852.0,5.0,683,1349,0
650,1,yes,4,yes,1,36,0.3,151,848.0,4.0,56,527,1
651,1,no,0,yes,1,11,0.2,185,1575.0,7.0,492,818,2
652,1,no,7,yes,0,23,0.1,105,1554.0,6.0,699,1492,2
653,0,yes,0,yes,0,48,0.5,92,1972.0,8.0,290,804,3
654,1,yes,9,yes,1,35,0.2,87,827.0,6.0,23,826,1
655,0,no,7,yes,0,3,0.9,155,1063.0,4.0,394,849,1
656,1,no,1,no,0,34,0.4,84,1695.0,5.0,713,1742,3
657,1,no,5,yes,1,14,0.9,81,1343.0,8.0,1063,1205,0
658,0,no,2,yes,1,27,0.2,123,834.0,1.0,1421,1463,1
659,0,no,0,yes,1,20,0.4,122,595.0,2.0,623,816,0
660,1,yes,13,yes,1,42,0.1,101,1081.0,7.0,83,816,1
661,1,no,3,no,0,14,0.7,199,911.0,4.0,1563,1692,3
662,1,no,1,yes,1,22,0.9,197,844.0,7.0,777,1995,3
663,0,yes,3,yes,0,60,0.8,180,1335.0,2.0,83,559,3
664,0,no,9,no,0,24,0.1,87,1883.0,,203,915,3
665,1,yes,6,yes,0,33,0.6,147,1128.0,8.0,938,1226,1
666,1,yes,14,yes,1,57,0.6,117,826.0,2.0,1077,1183,1
667,0,no,0,yes,1,38,0.7,89,1650.0,1.0,773,881,0
668,0,no,0,yes,0,50,0.5,104,1162.0,4.0,332,866,1
669,0,no,2,yes,1,8,0.8,169,1517.0,4.0,570,1645,2
670,0,no,1,yes,1,60,0.8,156,963.0,3.0,742,821,2
671,1,no,5,yes,1,12,0.9,103,1837.0,8.0,1420,1539,3
672,0,yes,1,yes,1,30,0.1,193,1028.0,1.0,1801,1923,1
673,1,yes,4,no,0,55,1.0,189,1831.0,8.0,1693,1790,1
674,1,yes,5,yes,1,58,0.6,101,571.0,6.0,31,1536,0
675,0,yes,0,yes,0,9,0.6,183,1770.0,6.0,1098,1373,3
676,1,yes,5,no,0,59,0.2,84,970.0,7.0,1765,1786,3
677,0,yes,0,yes,1,38,0.8,86,642.0,5.0,887,1775,0
678,1,yes,12,yes,0,11,0.8,193,622.0,8.0,760,1964,2
679,0,yes,9,yes,1,6,0.8,199,600.0,2.0,486,1032,2
680,0,no,9,no,0,57,0.2,86,1412.0,3.0,2,660,1
681,0,no,7,yes,0,16,0.4,138,733.0,4.0,202,1787,2
682,0,yes,9,no,0,19,0.8,160,1070.0,,90,1614,2
683,1,yes,1,yes,0,30,0.7,146,875.0,8.0,469,853,0
684,0,yes,5,yes,0,5,0.4,189,1994.0,2.0,86,1546,2
685,1,no,9,yes,1,18,0.2,182,823.0,5.0,1180,1350,3
686,0,no,9,yes,1,30,1.0,111,1908.0,2.0,140,1046,3
687,1,no,7,yes,1,44,0.1,89,790.0,8.0,1100,1437,3
688,1,yes,1,yes,0,40,0.5,177,1330.0,1.0,194,892,2
689,0,no,2,yes,1,15,0.7,100,1660.0,8.0,440,569,2
690,0,no,2,no,0,20,0.9,82,1776.0,6.0,1563,1803,3
691,1,no,4,yes,1,27,0.9,199,1611.0,1.0,163,1011,2
692,1,yes,0,yes,1,15,0.3,92,1410.0,3.0,192,1311,2
693,0,yes,17,yes,1,45,0.5,159,1772.0,2.0,837,1405,1
694,0,yes,0,yes,1,39,1.0,108,1280.0,7.0,356,588,1
695,1,yes,2,yes,0,23,1.0,155,1712.0,7.0,155,663,1
696,0,yes,0,no,0,55,0.1,140,1562.0,8.0,1032,1776,2
697,1,no,1,yes,1,18,0.1,153,891.0,6.0,40,1435,0
698,1,no,18,yes,1,36,0.8,151,1957.0,2.0,1194,1727,1
699,0,no,1,yes,0,42,0.9,192,1110.0,5.0,1179,1262,0
700,1,yes,1,yes,1,43,0.6,104,875.0,8.0,902,969,3
701,0,yes,0,no,0,28,0.3,130,1211.0,2.0,58,963,2
702,1,no,12,yes,1,54,0.2,112,769.0,4.0,1385,1780,0
703,0,no,7,yes,1,2,0.1,95,671.0,6.0,614,1617,2
704,0,no,5,yes,1,26,0.5,172,1872.0,4.0,672,1088,2
705,1,no,0,yes,1,14,0.7,191,1076.0,5.0,1088,1718,2
706,0,no,2,yes,0,50,0.1,146,1325.0,,499,695,2
707,1,yes,1,yes,1,28,0.5,182,911.0,2.0,157,763,1
708,0,yes,1,yes,0,23,0.6,178,1273.0,6.0,485,1399,0
709,0,no,3,yes,1,39,0.9,124,1062.0,4.0,571,817,0
710,0,no,6,yes,0,12,0.1,154,1317.0,2.0,431,542,0
711,0,no,0,yes,0,16,0.7,115,940.0,4.0,499,1090,1
712,0,yes,0,yes,0,14,0.6,135,729.0,6.0,563,1055,2
713,0,no,6,yes,1,3,0.9,93,1494.0,7.0,944,1003,1
714,1,yes,2,yes,1,27,0.7,124,1546.0,2.0,1138,1491,0
715,0,no,0,yes,1,34,0.9,113,1253.0,4.0,161,647,3
716,1,no,6,no,0,16,0.3,164,895.0,8.0,126,1575,2
717,1,yes,0,yes,1,43,0.3,124,793.0,8.0,15,1196,0
718,1,yes,11,yes,0,56,0.1,136,1628.0,2.0,500,1713,3
719,1,no,2,yes,0,42,0.8,138,625.0,8.0,203,1771,2
720,0,no,2,yes,1,12,0.3,153,1110.0,8.0,961,1950,0
721,0,no,6,no,0,49,0.6,132,999.0,1.0,608,1970,1
722,1,no,0,yes,1,24,0.1,155,1856.0,5.0,277,1155,2
723,1,no,9,yes,1,15,0.6,120,1715.0,6.0,114,1849,1
724,0,yes,2,yes,1,54,0.3,154,1897.0,2.0,630,738,0
725,1,yes,0,no,0,19,0.1,122,1202.0,2.0,404,1742,0
726,1,yes,2,no,0,19,0.3,167,1171.0,7.0,248,755,0
727,0,no,0,yes,1,22,0.7,86,964.0,,225,1234,2
728,1,yes,6,no,0,46,0.1,193,1973.0,4.0,699,851,0
729,1,yes,11,yes,0,2,0.1,141,1992.0,1.0,649,895,3
730,1,yes,5,no,0,26,1.0,159,546.0,5.0,416,1658,1
731,0,no,1,yes,1,31,0.6,171,1093.0,2.0,1310,1420,1
732,0,yes,11,no,0,35,0.1,200,1880.0,4.0,930,1983,2
733,0,no,3,yes,0,11,0.7,87,1765.0,2.0,835,1175,3
734,1,no,1,yes,1,36,0.9,87,1640.0,8.0,664,1806,3
735,0,no,0,no,0,7,0.9,191,1830.0,6.0,460,1583,2
736,0,no,3,no,0,62,0.7,187,826.0,4.0,778,1615,1
737,0,no,0,yes,1,7,0.1,142,1864.0,1.0,225,1545,2
738,0,yes,16,yes,1,42,0.3,121,586.0,7.0,785,1118,1
739,1,no,10,yes,1,30,0.6,127,1206.0,3.0,1581,1713,2
740,1,yes,1,yes,1,5,0.1,165,832.0,5.0,9,1944,3
741,0,yes,1,yes,0,8,0.1,103,848.0,7.0,7,1294,0
742,0,no,0,yes,0,53,0.7,112,1851.0,6.0,174,1175,2
743,0,yes,7,yes,0,59,0.5,80,1166.0,1.0,437,638,3
744,1,yes,10,yes,0,35,0.1,172,1776.0,4.0,278,623,1
745,0,yes,2,yes,1,27,0.2,134,1254.0,2.0,1288,1372,0
746,1,no,4,yes,1,24,0.2,101,1494.0,1.0,979,1190,3
747,1,yes,0,yes,1,39,0.5,119,984.0,8.0,56,1931,1
748,0,yes,1,no,0,5,0.9,154,1179.0,5.0,913,1429,0
749,0,no,8,no,0,27,0.4,174,513.0,8.0,282,710,2
750,1,no,3,no,0,17,0.2,89,557.0,6.0,322,710,1
751,1,no,0,yes,1,33,0.5,105,744.0,,1252,1963,2
752,1,yes,9,yes,1,21,0.6,116,1129.0,2.0,1128,1702,1
753,1,no,0,yes,1,58,0.3,170,1148.0,5.0,606,688,2
754,0,no,12,yes,1,44,0.7,175,1793.0,5.0,655,1459,3
755,1,no,3,no,0,15,0.2,150,1310.0,5.0,954,970,2
756,0,no,1,yes,0,6,0.5,191,1604.0,6.0,68,1042,3
757,0,no,2,yes,0,37,0.2,145,1676.0,1.0,134,1197,2
758,1,no,1,yes,0,40,0.2,117,1001.0,3.0,922,1836,3
759,0,no,0,yes,1,24,0.1,135,1086.0,8.0,1874,1976,3
760,1,yes,7,yes,1,39,0.1,89,1986.0,7.0,251,599,3
761,0,yes,5,yes,0,41,0.2,192,634.0,1.0,1362,1853,3
762,0,no,7,yes,0,52,1.0,82,502.0,6.0,281,1159,2
763,0,no,6,yes,0,48,0.7,97,1641.0,8.0,224,1994,2
764,1,no,0,yes,1,15,0.2,189,623.0,3.0,778,844,2
765,1,yes,3,no,0,17,0.1,161,962.0,8.0,546,1424,3
766,0,yes,3,yes,1,41,0.1,97,1057.0,4.0,397,891,1
767,0,no,1,yes,0,62,1.0,182,1862.0,1.0,386,1046,1
768,1,yes,5,yes,1,38,0.8,193,555.0,2.0,214,1970,1
769,0,no,1,yes,1,58,1.0,135,1000.0,5.0,461,833,0
770,0,no,6,yes,1,11,0.3,81,841.0,5.0,125,675,0
771,0,no,5,no,0,16,0.1,89,865.0,4.0,335,1009,3
772,1,no,11,yes,1,56,1.0,165,999.0,4.0,342,1641,2
773,0,no,12,yes,0,30,0.9,131,1232.0,6.0,625,761,1
774,0,no,6,yes,1,34,0.2,165,1194.0,2.0,494,509,0
775,1,yes,1,yes,1,20,0.8,179,612.0,8.0,1145,1487,3
776,0,yes,0,no,0,47,0.5,186,1362.0,6.0,600,1042,3
777,1,no,11,yes,1,44,0.5,169,1469.0,2.0,484,711,1
778,0,yes,13,yes,1,28,0.8,182,986.0,4.0,199,679,0
779,0,no,1,yes,1,62,0.8,104,1843.0,3.0,21,832,3
780,1,no,10,yes,1,4,0.5,134,1561.0,2.0,885,1811,2
781,1,yes,2,yes,1,47,0.5,189,1695.0,5.0,308,1208,1
782,1,no,3,no,0,8,0.8,185,667.0,1.0,1015,1947,2
783,0,yes,0,yes,1,2,0.8,88,1768.0,7.0,1303,1814,3
784,1,yes,16,no,0,41,1.0,180,1269.0,8.0,406,1036,2
785,1,yes,6,yes,0,57,0.9,151,1109.0,1.0,124,833,2
786,1,no,14,yes,1,14,0.1,164,936.0,3.0,150,1677,3
787,0,yes,9,yes,1,5,0.7,199,1713.0,6.0,108,1963,1
788,1,yes,1,yes,1,45,0.6,167,1175.0,2.0,90,557,1
789,1,yes,0,yes,1,5,0.2,194,1940.0,4.0,588,1809,1
790,0,yes,2,yes,1,59,0.5,159,855.0,2.0,1028,1196,1
791,1,yes,0,yes,1,33,0.1,157,771.0,3.0,776,1247,0
792,0,no,10,yes,1,63,1.0,174,645.0,4.0,278,584,2
793,0,no,2,no,0,7,0.6,88,1307.0,7.0,897,1103,1
794,1,no,4,no,0,5,0.2,136,1948.0,1.0,651,700,0
795,1,no,5,yes,0,50,0.3,81,1509.0,4.0,1010,1684,1
796,1,yes,3,yes,1,11,0.8,109,626.0,2.0,737,1759,0
797,1,no,0,no,0,40,0.2,93,1190.0,5.0,1399,1646,3
798,1,yes,10,no,0,57,0.3,158,1727.0,6.0,376,1288,0
799,0,yes,14,no,0,62,0.5,114,1670.0,8.0,1117,1330,3
800,1,yes,4,yes,1,27,1.0,134,1150.0,,234,1947,1
801,0,no,5,yes,1,16,1.0,175,1208.0,1.0,691,1028,1
802,1,yes,4,yes,1,42,1.0,162,1812.0,7.0,380,1550,3
803,1,yes,6,no,0,61,0.2,196,770.0,4.0,603,1483,3
804,1,yes,10,yes,1,10,0.3,114,1559.0,8.0,117,681,1
805,0,no,10,yes,0,13,0.2,155,1902.0,4.0,766,877,1
806,0,no,1,no,0,4,0.6,146,1751.0,8.0,1499,1952,1
807,1,yes,0,no,0,20,0.1,93,1416.0,4.0,1175,1578,3
808,1,no,3,yes,1,61,0.2,115,1288.0,6.0,988,1503,2
809,0,yes,16,yes,1,16,0.6,119,1003.0,8.0,190,1905,1
810,1,yes,1,yes,1,18,0.1,96,1715.0,6.0,674,1375,3
811,0,no,0,yes,1,46,0.6,199,1967.0,1.0,518,1374,1
812,1,no,14,yes,0,2,0.9,125,962.0,1.0,1618,1916,1
813,0,no,5,yes,1,42,0.8,120,1487.0,2.0,857,989,2
814,1,yes,4,yes,1,54,0.9,190,1569.0,4.0,371,665,3
815,0,no,5,yes,1,57,0.4,111,1146.0,5.0,73,583,0
816,0,yes,6,yes,1,9,0.8,118,1379.0,8.0,98,755,1
817,1,no,7,yes,1,25,0.3,152,1504.0,4.0,395,1853,1
818,0,no,3,no,0,26,0.7,112,1945.0,6.0,1064,1540,3
819,1,yes,0,yes,1,32,0.9,80,1630.0,6.0,712,1726,2
820,0,yes,10,yes,0,23,0.4,117,1125.0,1.0,774,939,1
821,0,yes,4,yes,1,51,0.1,178,614.0,7.0,1012,1040,2
822,0,no,5,yes,1,17,0.9,101,854.0,4.0,730,1148,2
823,1,yes,6,yes,0,45,0.1,121,1470.0,1.0,777,1090,3
824,1,yes,5,yes,1,49,0.6,172,1826.0,8.0,973,1633,2
825,1,yes,0,no,0,37,0.2,127,807.0,4.0,245,829,1
826,1,yes,0,yes,1,7,0.1,138,1996.0,5.0,937,1083,1
827,0,yes,3,no,0,41,0.7,158,1083.0,5.0,937,1164,1
828,1,no,14,yes,1,49,0.3,178,1035.0,2.0,574,1171,3
829,0,yes,5,yes,1,62,0.3,143,1521.0,1.0,678,1630,3
830,1,yes,13,yes,1,5,1.0,87,1314.0,4.0,82,512,3
831,0,no,5,no,0,24,0.2,190,535.0,8.0,398,1775,0
832,0,yes,13,yes,1,35,0.4,142,673.0,6.0,1096,1570,3
833,1,no,5,no,0,4,0.3,169,1219.0,6.0,1419,1698,2
834,1,yes,0,yes,1,33,0.9,200,1606.0,5.0,157,770,3
835,1,yes,1,yes,1,17,0.5,114,1603.0,2.0,430,1207,1
836,0,no,6,yes,1,52,0.4,153,1958.0,1.0,1524,1848,3
837,0,no,18,yes,1,12,0.6,196,695.0,2.0,1649,1829,2
838,1,no,0,yes,1,53,0.5,106,1441.0,1.0,254,954,1
839,1,no,4,yes,1,33,0.4,138,1470.0,7.0,1790,1988,2
840,0,no,4,yes,1,48,0.5,127,1890.0,4.0,1438,1832,3
841,1,yes,0,yes,1,26,0.3,82,1152.0,2.0,1304,1673,3
842,0,yes,3,yes,0,20,0.9,117,1619.0,6.0,813,1180,0
843,0,yes,1,yes,0,45,0.7,180,1002.0,7.0,948,1007,0
844,0,yes,0,yes,1,36,0.7,139,742.0,3.0,1161,1288,0
845,1,yes,2,yes,1,33,0.4,174,1306.0,3.0,867,1258,2
846,1,yes,0,yes,0,20,0.6,180,1424.0,5.0,181,1199,2
847,1,no,8,no,0,27,0.5,91,942.0,4.0,754,1532,0
848,0,yes,8,yes,1,2,0.1,118,1934.0,,242,1127,2
849,1,yes,19,yes,1,35,0.3,110,1290.0,4.0,405,742,0
850,1,no,0,no,0,54,0.9,80,930.0,1.0,1569,1763,2
851,0,yes,16,yes,0,21,0.1,156,1699.0,4.0,105,1099,1
852,0,yes,1,yes,0,29,0.5,181,1849.0,7.0,978,1986,3
853,0,no,15,yes,1,42,0.6,153,1922.0,8.0,725,1882,3
854,1,no,0,yes,1,56,0.4,146,548.0,4.0,657,1657,0
855,0,yes,0,yes,1,47,0.2,82,916.0,4.0,1147,1393,1
856,0,yes,8,no,0,14,0.6,183,1783.0,8.0,910,1566,2
857,1,yes,2,yes,1,49,0.8,156,1083.0,5.0,295,503,0
858,0,no,10,yes,1,7,0.8,131,1698.0,8.0,26,508,2
859,1,no,5,yes,1,7,0.2,85,1969.0,8.0,332,764,0
860,0,no,0,no,0,2,0.6,197,869.0,7.0,519,533,2
861,1,yes,0,no,0,5,0.7,200,1337.0,4.0,161,1029,2
862,1,yes,2,no,0,28,0.6,194,637.0,4.0,1080,1289,2
863,1,yes,0,yes,1,27,0.3,145,833.0,4.0,649,1290,0
864,0,no,6,yes,1,9,0.4,89,1248.0,3.0,71,1686,2
865,0,yes,7,no,0,30,1.0,147,1174.0,4.0,744,1244,0
866,0,yes,3,yes,1,44,0.2,148,1831.0,7.0,437,1113,2
867,1,no,7,yes,0,27,0.1,146,1002.0,1.0,115,1111,0
868,1,yes,2,yes,1,8,0.9,139,1010.0,5.0,547,957,2
869,1,yes,2,yes,0,21,0.1,177,1117.0,2.0,495,1035,1
870,1,yes,3,yes,0,15,0.9,153,990.0,2.0,1466,1717,2
871,0,no,5,yes,1,26,0.1,129,1564.0,6.0,117,1115,3
872,1,no,0,yes,1,21,0.1,158,1065.0,5.0,760,1722,1
873,0,no,12,yes,0,24,0.1,129,1982.0,7.0,764,1873,3
874,1,no,6,yes,1,20,1.0,192,1607.0,2.0,776,1005,0
875,1,no,6,yes,1,5,0.5,167,1066.0,5.0,53,1504,0
876,1,no,12,yes,1,17,0.9,194,681.0,5.0,371,1702,2
877,1,yes,0,yes,1,19,0.9,132,1163.0,2.0,728,818,2
878,1,no,4,yes,1,11,0.8,199,1285.0,5.0,1791,1896,3
879,0,yes,11,yes,1,48,0.1,121,753.0,8.0,606,1316,3
880,1,yes,2,no,0,5,0.8,90,1779.0,1.0,1225,1717,1
881,0,yes,4,yes,1,52,0.5,83,987.0,3.0,419,736,2
882,1,no,15,yes,1,24,0.6,136,511.0,3.0,367,1264,1
883,0,no,4,yes,1,12,0.7,104,1044.0,6.0,1230,1263,1
884,0,no,5,yes,0,32,0.6,187,1855.0,8.0,267,1161,3
885,0,yes,9,yes,0,26,0.1,186,946.0,6.0,273,891,0
886,1,yes,2,yes,0,21,0.1,110,657.0,8.0,705,1905,0
887,0,yes,2,no,0,42,0.5,182,1673.0,5.0,214,679,2
888,1,yes,0,yes,1,28,0.5,130,731.0,8.0,424,1032,1
889,0,yes,6,yes,1,59,0.8,161,926.0,7.0,84,793,0
890,0,no,3,yes,1,52,0.3,86,1261.0,2.0,605,1429,1
891,0,no,11,yes,1,45,0.2,188,618.0,3.0,1175,1586,2
892,0,yes,5,yes,1,57,0.2,129,936.0,2.0,657,938,1
893,1,yes,0,yes,1,28,0.8,158,1485.0,5.0,371,1023,3
894,1,yes,10,yes,1,21,0.5,80,1339.0,4.0,833,1441,0
895,0,yes,1,no,0,50,0.7,82,508.0,5.0,102,1195,1
896,1,yes,5,no,0,44,0.5,121,1938.0,2.0,1299,1935,3
897,1,no,1,yes,0,10,0.1,104,995.0,4.0,258,1889,0
898,1,yes,0,yes,1,43,0.2,111,1086.0,6.0,56,1150,2
899,1,no,1,yes,1,35,0.1,157,1322.0,1.0,443,708,3
900,1,no,2,no,0,57,0.1,181,1864.0,6.0,1279,1793,3
901,0,yes,1,yes,1,26,0.5,92,1944.0,4.0,313,712,2
902,0,no,5,yes,1,56,0.2,180,581.0,2.0,523,565,0
903,1,yes,3,yes,1,27,0.7,128,1020.0,4.0,919,1482,3
904,0,no,2,no,0,44,0.1,139,1936.0,3.0,570,1021,1
905,0,yes,5,yes,1,23,0.6,198,1329.0,8.0,380,682,1
906,1,yes,3,yes,0,46,0.5,105,808.0,8.0,119,529,0
907,1,no,4,no,0,40,0.9,164,994.0,2.0,296,839,2
908,0,yes,3,yes,1,22,0.2,82,1811.0,2.0,358,614,2
909,0,yes,3,no,0,44,0.3,88,765.0,8.0,1364,1851,2
910,1,yes,0,no,0,16,0.4,106,993.0,7.0,424,1639,0
911,0,yes,15,yes,0,32,0.5,150,1136.0,6.0,961,1030,3
912,1,yes,0,yes,1,23,0.4,113,719.0,6.0,431,1727,3
913,1,yes,0,yes,0,63,0.3,105,733.0,7.0,950,1739,0
914,1,no,8,yes,0,8,0.3,123,1946.0,8.0,647,1849,3
915,0,yes,0,yes,1,48,0.7,111,1230.0,7.0,1960,1963,2
916,1,no,0,yes,1,64,0.1,105,1577.0,3.0,116,1432,3
917,0,yes,3,yes,1,12,0.6,138,1514.0,3.0,306,538,0
918,0,yes,3,no,0,7,1.0,89,579.0,8.0,808,1517,2
919,0,yes,1,yes,1,30,0.9,126,574.0,2.0,94,1334,0
920,1,yes,6,no,0,19,0.4,114,1072.0,8.0,380,877,2
921,1,no,1,no,0,16,0.9,119,843.0,7.0,593,732,1
922,0,yes,5,no,0,11,0.9,85,1492.0,3.0,1684,1746,3
923,0,yes,0,no,0,16,0.2,125,1807.0,3.0,1221,1415,3
924,1,yes,7,no,0,47,0.1,146,909.0,3.0,410,1643,0
925,1,no,9,yes,1,64,1.0,98,1876.0,3.0,600,1211,3
926,1,yes,3,yes,1,23,0.3,106,1436.0,5.0,189,1411,2
927,1,no,10,yes,1,29,0.7,133,1251.0,6.0,308,591,0
928,0,no,8,yes,1,28,0.9,152,636.0,2.0,148,742,2
929,1,yes,3,yes,1,26,0.5,136,1354.0,4.0,297,918,1
930,1,yes,3,yes,1,34,0.5,190,930.0,4.0,1050,1726,2
931,0,yes,7,yes,1,47,0.3,117,1830.0,1.0,1191,1882,3
932,1,no,16,yes,1,23,0.6,80,1424.0,4.0,1399,1663,1
933,1,yes,1,no,0,51,0.9,88,583.0,8.0,1658,1794,1
934,1,yes,9,yes,1,54,0.4,109,648.0,5.0,1153,1817,3
935,1,yes,0,yes,1,11,0.9,109,1203.0,2.0,35,510,0
936,1,no,0,yes,0,15,0.2,100,1777.0,4.0,553,874,1
937,1,yes,0,yes,0,64,0.5,83,1299.0,6.0,46,908,1
938,0,no,2,yes,1,47,0.4,129,1494.0,2.0,207,1177,3
939,1,no,4,no,0,53,0.9,128,527.0,1.0,67,1924,0
940,1,yes,1,yes,1,64,0.4,179,793.0,4.0,818,1006,1
941,1,yes,6,yes,0,8,0.6,152,873.0,7.0,1257,1411,0
942,0,no,12,no,0,12,1.0,93,722.0,6.0,138,1371,1
943,0,yes,14,yes,1,20,0.4,167,1250.0,5.0,11,1020,2
944,0,no,0,yes,0,60,0.6,147,1358.0,3.0,889,1635,0
945,1,yes,8,yes,0,11,1.0,173,1035.0,6.0,831,1709,1
946,1,no,3,yes,1,16,0.9,161,1289.0,6.0,713,1854,3
947,1,no,2,yes,0,37,0.4,82,1445.0,2.0,527,1393,3
948,1,yes,12,yes,1,47,0.6,107,1702.0,2.0,1284,1643,1
949,1,no,4,no,0,2,0.2,85,534.0,5.0,911,1220,2
950,0,yes,5,no,0,60,0.2,87,628.0,6.0,1047,1534,1
951,1,no,4,yes,0,53,0.8,98,713.0,1.0,123,1477,0
952,0,no,0,yes,0,58,0.3,112,1207.0,8.0,406,681,0
953,0,yes,7,no,0,30,0.1,197,683.0,7.0,927,1135,1
954,0,yes,1,no,0,27,0.1,196,594.0,5.0,407,528,0
955,0,yes,1,yes,1,55,0.3,103,537.0,7.0,1041,1430,1
956,0,yes,0,yes,0,38,0.1,121,1565.0,5.0,781,1364,0
957,0,no,1,no,0,6,0.8,195,1052.0,4.0,1191,1839,0
958,0,no,4,yes,1,63,0.7,89,713.0,2.0,103,1760,1
959,1,yes,1,no,0,16,0.6,141,1766.0,5.0,125,1227,3
960,1,yes,1,yes,1,19,0.4,199,584.0,4.0,919,1343,3
961,1,yes,6,yes,1,5,0.5,109,1541.0,4.0,536,1656,1
962,1,no,1,yes,0,51,0.2,104,837.0,5.0,638,1831,0
963,1,yes,3,yes,1,58,0.1,155,935.0,5.0,639,1087,2
964,0,yes,0,yes,1,31,0.1,185,665.0,5.0,496,1804,0
965,0,yes,13,yes,1,34,0.4,157,680.0,2.0,686,1418,3
966,1,no,0,yes,1,17,0.1,195,877.0,7.0,1064,1985,1
967,1,no,13,no,0,53,0.5,102,1493.0,5.0,240,1414,2
968,0,no,3,yes,1,26,0.1,83,1762.0,6.0,525,704,2
969,1,yes,4,no,0,57,1.0,124,842.0,3.0,348,730,1
970,0,yes,9,yes,0,56,0.2,196,925.0,1.0,1262,1520,2
971,0,no,4,yes,1,2,0.9,106,1692.0,1.0,1899,1904,3
972,0,yes,8,yes,0,5,0.7,139,1576.0,3.0,258,789,3
973,1,no,4,yes,1,48,0.3,162,1065.0,6.0,1188,1948,0
974,0,yes,9,yes,1,60,0.4,200,958.0,1.0,730,751,0
975,0,yes,6,yes,1,26,0.3,197,623.0,7.0,484,1238,1
976,1,no,1,no,0,17,0.4,171,897.0,1.0,547,1852,2
977,0,no,4,yes,1,41,0.1,152,1110.0,3.0,800,1455,2
978,0,yes,3,yes,1,21,0.8,150,616.0,7.0,347,513,2
979,1,yes,6,yes,1,37,0.7,168,1680.0,4.0,679,1231,1
980,0,no,0,yes,1,12,0.3,94,1715.0,8.0,1224,1676,2
981,1,no,0,yes,1,45,0.1,130,983.0,4.0,948,1205,1
982,1,yes,12,yes,1,14,0.8,165,720.0,4.0,366,1234,0
983,0,no,2,yes,1,24,0.8,169,1660.0,2.0,223,1777,2
984,1,no,1,no,0,42,0.7,108,1564.0,2.0,1619,1962,3
985,1,no,1,no,0,52,0.9,103,592.0,7.0,332,970,0
986,1,no,2,yes,1,44,0.6,158,969.0,3.0,167,909,0
987,1,yes,0,yes,0,35,0.8,131,1356.0,1.0,782,951,3
988,0,yes,8,yes,0,14,0.5,189,504.0,7.0,881,1129,0
989,1,yes,3,yes,1,6,0.2,101,1546.0,1.0,91,1317,3
990,1,no,3,yes,1,7,0.8,147,689.0,2.0,487,722,0
991,0,no,14,no,0,16,0.6,137,1685.0,7.0,120,1429,0
992,0,yes,3,yes,1,62,0.3,170,1792.0,7.0,1626,1913,3
993,0,no,11,no,0,61,0.1,123,1786.0,3.0,74,865,3
994,1,no,9,yes,1,59,0.2,132,1944.0,7.0,634,1079,0
995,0,yes,13,yes,1,49,0.6,131,1077.0,4.0,334,1079,3
996,0,yes,1,yes,1,60,0.1,195,648.0,4.0,931,1811,0
997,1,yes,8,no,0,2,0.6,185,1702.0,6.0,921,1351,0
998,0,no,1,no,0,30,0.9,150,1571.0,7.0,805,956,0
999,1,yes,14,yes,1,19,0.7,125,856.0,6.0,1057,1931,0
1000,0,no,6,yes,0,14,1.0,115,1786.0,4.0,616,912,3
1001,0,yes,1,yes,1,60,0.9,198,914.0,5.0,740,840,3
1002,0,yes,3,yes,0,9,0.9,117,1615.0,1.0,542,678,2
1003,0,yes,4,yes,1,19,0.8,190,649.0,7.0,344,1551,0
1004,0,no,3,yes,1,25,0.6,200,1646.0,2.0,211,1608,0
1005,0,yes,5,no,0,7,0.5,164,1189.0,2.0,79,615,0
1006,0,no,3,yes,0,29,0.2,83,1043.0,8.0,887,893,0
1007,1,no,3,yes,1,19,0.5,131,1920.0,3.0,670,1152,3
1008,0,yes,1,yes,0,54,0.7,109,1220.0,7.0,383,1249,0
1009,1,yes,11,yes,1,53,0.5,114,1748.0,4.0,718,1109,2
1010,1,yes,7,no,0,44,0.2,160,907.0,3.0,144,896,3
1011,0,yes,7,yes,0,20,1.0,158,1193.0,7.0,1442,1904,2
1012,1,yes,1,yes,1,22,0.8,122,1766.0,8.0,291,1318,3
1013,0,yes,7,yes,1,24,0.8,170,1278.0,3.0,1352,1775,3
1014,1,no,8,no,0,17,0.9,174,1234.0,6.0,209,725,2
1015,0,yes,10,yes,0,55,0.5,100,1961.0,7.0,861,1888,3
1016,0,no,0,yes,1,3,0.9,105,1745.0,3.0,426,1629,1
1017,1,no,1,yes,0,27,0.4,127,1442.0,5.0,266,642,0
1018,1,yes,1,yes,1,39,1.0,173,1083.0,8.0,523,542,2
1019,0,yes,5,no,0,5,0.4,137,868.0,4.0,40,1311,0
1020,1,no,0,yes,1,53,0.3,88,864.0,6.0,262,1436,0
1021,0,yes,0,no,0,2,0.6,114,1142.0,6.0,623,769,1
1022,1,yes,0,yes,0,64,0.9,94,608.0,4.0,4,1351,1
1023,0,no,0,yes,1,53,0.9,187,983.0,1.0,1001,1176,1
1024,0,no,18,yes,1,2,0.8,188,1720.0,5.0,334,896,2
1025,1,yes,8,yes,0,27,0.5,116,1802.0,5.0,453,963,2
1026,1,no,18,yes,1,16,0.5,196,591.0,7.0,952,1726,0
1027,0,yes,5,no,0,10,0.1,163,1205.0,6.0,321,1870,0
1028,1,yes,3,no,0,28,0.6,108,1369.0,1.0,1451,1469,3
1029,1,no,0,no,0,42,0.1,94,713.0,1.0,1048,1123,0
1030,1,no,11,no,0,2,1.0,101,1082.0,4.0,398,724,1
1031,1,yes,0,yes,0,52,0.1,187,1719.0,3.0,417,520,2
1032,0,no,18,yes,1,12,0.1,186,1544.0,7.0,470,844,0
1033,0,yes,1,yes,1,8,0.6,128,1090.0,8.0,1217,1670,3
1034,0,no,3,yes,1,15,0.1,181,1991.0,1.0,298,1037,1
1035,0,no,4,no,0,56,0.8,176,1367.0,2.0,36,642,0
1036,0,yes,7,yes,1,32,0.3,182,1179.0,2.0,85,1451,0
1037,1,yes,1,yes,1,15,0.2,102,721.0,5.0,655,1255,3
1038,1,yes,0,yes,0,62,0.7,91,1549.0,4.0,167,990,0
1039,1,yes,3,yes,0,46,0.9,134,1349.0,6.0,212,623,1
1040,0,no,1,yes,1,30,0.6,123,1799.0,3.0,617,1386,0
1041,1,no,2,yes,0,11,0.2,122,1075.0,1.0,271,1769,3
1042,1,yes,3,yes,1,63,1.0,157,684.0,5.0,159,1738,3
1043,0,no,9,no,0,36,0.9,162,1837.0,4.0,786,872,0
1044,0,yes,2,yes,1,21,0.4,138,1619.0,1.0,46,562,1
1045,0,yes,1,yes,0,13,0.9,197,965.0,8.0,645,1275,2
1046,0,no,9,yes,0,9,0.7,122,730.0,4.0,1371,1677,2
1047,0,yes,1,no,0,47,1.0,169,1361.0,5.0,881,1382,2
1048,0,no,3,yes,1,45,0.8,158,1494.0,5.0,449,790,3
1049,0,yes,7,yes,0,18,1.0,146,1027.0,7.0,338,534,0
1050,1,no,0,yes,1,38,0.2,97,1807.0,8.0,1332,1814,1
1051,1,no,1,no,0,11,0.1,130,709.0,5.0,119,1531,3
1052,0,no,2,yes,0,45,0.5,103,689.0,5.0,256,823,3
1053,0,yes,2,yes,0,2,0.6,155,955.0,4.0,428,1254,1
1054,0,yes,5,no,0,35,0.6,111,1872.0,3.0,1546,1879,3
1055,1,no,0,yes,0,13,0.5,97,1259.0,2.0,1210,1989,0
1056,0,no,1,yes,1,41,0.4,169,695.0,8.0,789,1211,1
1057,1,no,9,yes,0,63,0.2,132,1969.0,4.0,390,756,0
1058,0,no,3,yes,1,39,0.3,162,759.0,2.0,110,1317,0
1059,0,no,1,yes,0,18,0.2,153,936.0,3.0,1330,1686,2
1060,0,yes,2,yes,1,62,0.5,168,1176.0,2.0,674,1455,1
1061,1,no,0,yes,1,10,0.6,101,1802.0,7.0,253,590,0
1062,1,no,0,yes,1,23,0.6,97,772.0,7.0,317,1805,2
1063,0,yes,1,yes,1,45,0.1,136,1318.0,2.0,183,661,0
1064,1,yes,1,yes,1,16,0.9,90,591.0,6.0,892,1603,3
1065,1,yes,0,no,0,41,0.3,124,569.0,1.0,388,605,1
1066,1,no,9,yes,1,45,0.5,124,764.0,8.0,52,539,0
1067,1,yes,8,yes,1,37,0.7,101,1056.0,3.0,914,979,2
1068,0,yes,2,yes,1,12,0.2,80,1982.0,5.0,287,593,1
1069,0,yes,5,yes,0,14,0.8,160,1830.0,6.0,773,1353,2
1070,0,no,0,yes,1,40,0.3,156,1122.0,7.0,675,1163,1
1071,0,yes,2,yes,1,63,0.7,153,1023.0,7.0,367,1985,3
1072,1,yes,8,yes,1,33,1.0,93,1283.0,3.0,510,980,0
1073,1,no,0,yes,1,35,0.1,99,1602.0,7.0,1325,1800,2
1074,0,yes,5,yes,1,32,0.4,163,732.0,8.0,1661,1836,3
1075,1,no,0,yes,1,33,0.4,195,1854.0,1.0,665,718,1
1076,1,yes,1,yes,1,30,0.4,93,718.0,3.0,662,997,1
1077,0,yes,3,yes,1,2,0.6,154,897.0,8.0,0,994,1
1078,0,no,0,no,0,8,0.3,107,1405.0,4.0,284,1036,2
1079,1,no,6,yes,1,21,0.5,110,798.0,2.0,661,1951,1
1080,0,yes,1,no,0,40,0.2,157,1035.0,5.0,757,1912,3
1081,0,yes,0,no,0,37,0.7,134,1396.0,4.0,560,1177,2
1082,1,yes,7,yes,1,49,0.8,178,1749.0,1.0,470,775,2
1083,0,yes,12,yes,1,4,0.3,148,1588.0,5.0,146,822,2
1084,0,no,1,yes,1,16,0.3,94,1600.0,4.0,1315,1710,2
1085,0,no,4,no,0,21,0.7,162,1522.0,6.0,533,1696,3
1086,0,yes,5,yes,1,7,0.5,105,1279.0,6.0,560,1633,1
1087,0,no,7,yes,0,6,0.7,102,719.0,6.0,405,1141,0
1088,1,yes,2,yes,1,7,0.2,129,544.0,5.0,227,610,0
1089,1,yes,5,yes,1,21,0.8,185,1007.0,8.0,479,831,0
1090,1,yes,0,no,0,32,0.4,141,590.0,6.0,227,509,0
1091,0,no,0,yes,1,6,0.2,141,1788.0,6.0,149,1022,2
1092,0,no,0,no,0,25,1.0,110,748.0,7.0,88,709,1
1093,1,yes,4,yes,0,64,0.5,157,757.0,7.0,114,819,2
1094,1,yes,1,yes,1,27,0.8,174,1561.0,3.0,662,874,1
1095,0,no,10,yes,0,23,0.5,89,1327.0,7.0,441,1721,0
1096,1,yes,4,yes,0,18,0.6,81,797.0,8.0,888,1466,1
1097,1,yes,0,yes,1,64,0.2,193,727.0,1.0,664,711,3
1098,1,yes,0,no,0,36,0.1,194,686.0,4.0,64,745,0
1099,1,yes,4,yes,1,24,0.9,176,1515.0,5.0,747,1247,3
1100,1,yes,2,no,0,17,0.2,163,555.0,5.0,956,1010,0
1101,0,no,0,yes,0,5,0.8,112,1589.0,5.0,776,1397,3
1102,1,yes,6,no,0,45,1.0,136,1976.0,4.0,652,1933,3
1103,1,no,3,yes,0,24,0.5,149,1884.0,6.0,1168,1179,1
1104,0,no,0,no,0,27,0.2,86,1063.0,6.0,201,582,2
1105,1,yes,13,yes,0,61,0.1,194,672.0,5.0,724,1127,0
1106,0,yes,9,yes,0,16,1.0,110,635.0,7.0,599,1299,2
1107,1,yes,3,yes,0,55,0.2,113,1906.0,3.0,3,629,1
1108,0,no,4,yes,0,40,0.6,191,1753.0,4.0,1652,1983,1
1109,1,no,2,yes,1,3,0.1,85,659.0,8.0,190,657,0
1110,1,no,0,no,0,14,0.2,148,1583.0,2.0,1171,1673,2
1111,1,no,2,no,0,42,0.7,104,1783.0,6.0,1081,1979,1
1112,1,no,0,yes,1,21,0.9,138,1667.0,2.0,1211,1396,0
1113,1,no,5,yes,1,6,0.6,143,640.0,8.0,976,1353,2
1114,0,yes,0,yes,0,29,0.6,111,1913.0,5.0,675,742,2
1115,1,no,0,yes,1,25,0.3,163,538.0,7.0,455,537,1
1116,0,no,6,yes,1,46,0.8,89,1191.0,6.0,42,807,0
1117,1,no,2,yes,0,9,0.1,117,816.0,1.0,1196,1651,3
1118,1,yes,9,yes,1,33,0.3,199,915.0,2.0,503,986,1
1119,0,yes,7,yes,0,27,0.1,88,1157.0,8.0,1694,1798,3
1120,0,yes,2,yes,0,10,1.0,99,1201.0,7.0,306,558,0
1121,1,no,1,yes,1,18,0.2,129,1379.0,2.0,838,885,2
1122,0,yes,3,yes,1,53,0.7,169,1483.0,5.0,291,651,1
1123,0,no,1,yes,1,9,0.1,161,1614.0,3.0,173,1219,1
1124,1,yes,4,yes,1,4,0.9,144,930.0,8.0,1017,1289,1
1125,0,no,8,no,0,6,0.4,199,1454.0,3.0,698,1018,1
1126,0,no,4,no,0,41,0.4,164,1784.0,6.0,610,1437,2
1127,1,no,12,no,0,34,0.1,149,1262.0,5.0,223,737,2
1128,1,no,0,yes,0,37,0.9,144,797.0,7.0,206,1167,1
1129,0,yes,8,yes,0,59,0.1,91,1829.0,5.0,1457,1919,3
1130,1,yes,6,yes,1,58,0.5,161,1139.0,2.0,742,999,1
1131,0,yes,9,yes,1,13,0.1,80,618.0,4.0,591,724,0
1132,0,yes,2,no,0,57,0.4,114,1547.0,1.0,347,957,1
1133,0,no,2,no,0,15,0.2,83,586.0,3.0,241,854,1
1134,0,yes,8,yes,1,36,0.8,85,1617.0,1.0,743,1426,0
1135,0,no,11,yes,1,44,0.8,113,1882.0,8.0,4,743,3
1136,1,yes,1,yes,0,21,0.2,198,674.0,3.0,576,1809,0
1137,0,yes,0,yes,0,18,0.6,122,1467.0,5.0,888,1099,3
1138,0,no,1,yes,0,50,0.1,84,858.0,1.0,528,1416,3
1139,1,yes,0,yes,1,2,0.8,106,794.0,6.0,1222,1890,0
1140,1,yes,0,yes,0,39,0.2,187,1965.0,4.0,915,1965,2
1141,1,no,1,yes,1,36,0.7,108,1911.0,8.0,868,1632,3
1142,0,no,4,yes,1,46,0.1,145,1512.0,5.0,336,670,0
1143,1,yes,5,yes,1,45,0.9,168,510.0,6.0,483,754,3
