battery_power,blue,dual_sim,fc,talk_time,three_g,int_memory,m_dep,mobile_wt,n_cores,px_height,px_width,ram,touch_screen,wifi,price_range
618,1,yes,0,19,yes,63,0.9,138,2,853,1781,2574,1,no,2
1537,0,no,11,7,yes,46,0.8,158,4,686,1305,,1,yes,3
1018,0,no,8,9,yes,16,0.6,153,8,992,1433,3143,1,no,3
1545,0,yes,15,11,yes,35,0.1,173,5,115,1352,3197,0,yes,3
,0,no,4,15,yes,41,0.4,144,8,275,1966,2727,0,no,3
1729,1,yes,1,10,yes,12,0.9,186,1,461,1178,1519,0,yes,1
680,1,yes,9,18,yes,9,0.1,131,3,1428,1500,2438,0,no,2
1106,1,no,4,5,yes,54,0.7,107,3,614,1212,2674,0,yes,2
635,1,yes,1,20,yes,50,0.3,97,5,193,989,2107,0,no,1
618,0,no,8,12,yes,16,0.2,143,1,1105,1602,2262,1,no,2
1671,0,yes,13,7,no,5,0.9,179,8,398,1263,815,1,yes,0
1562,1,yes,0,13,yes,52,0.1,105,7,480,728,2829,1,yes,2
1975,1,yes,2,2,yes,31,0.9,151,1,775,1607,3022,0,yes,3
831,1,no,2,4,yes,62,0.7,134,8,1482,1490,2573,0,yes,2
1524,1,yes,0,3,yes,10,0.6,174,4,154,550,2678,0,yes,2
1528,1,yes,3,11,yes,55,0.8,129,5,454,1762,1282,1,yes,1
1447,1,yes,2,19,yes,9,0.2,155,8,737,1455,568,0,no,0
1344,0,no,1,18,yes,14,0.5,190,1,419,556,2074,1,no,1
564,0,yes,1,16,yes,8,0.7,130,2,853,1737,2227,0,yes,1
921,0,yes,1,18,no,60,0.1,83,2,1211,1229,1080,0,yes,0
1413,1,no,2,3,yes,10,0.2,200,6,314,1606,2867,1,no,2
831,0,no,10,15,yes,55,0.5,86,6,172,1239,1075,1,no,0
802,0,yes,3,20,no,43,0.6,153,5,527,734,3063,1,no,2
1923,0,no,3,20,yes,24,1,86,4,874,1264,2479,1,no,2
1193,1,no,10,12,yes,56,0.4,196,3,674,864,2394,1,no,2
904,1,yes,10,7,yes,31,0.8,112,3,657,1014,2814,0,no,2
1285,0,no,1,4,yes,51,1,140,7,475,500,2094,0,no,1
1635,0,yes,0,12,yes,2,0.6,182,4,1209,1411,2315,1,no,2
1923,0,yes,5,10,yes,14,0.9,154,4,15,525,2519,0,yes,2
1851,1,yes,3,10,yes,12,0.9,198,6,293,1967,735,0,yes,0
727,1,no,0,12,no,32,1,131,7,813,1377,1891,0,yes,1
1396,0,yes,0,6,yes,44,0.1,118,6,173,1843,1386,1,yes,1
877,0,yes,9,3,yes,46,0.8,135,1,457,652,3260,0,no,2
696,1,no,11,12,yes,35,0.2,103,3,533,797,2022,0,yes,1
1009,1,yes,2,15,yes,2,0.6,102,8,912,1043,1716,0,no,1
1526,0,yes,2,15,yes,38,0.3,116,5,798,1418,3317,1,yes,3
987,0,yes,1,2,yes,20,0.8,192,7,412,565,1454,1,no,0
1414,1,yes,0,4,yes,49,0.5,101,4,130,887,2290,1,no,1
1732,0,no,2,2,yes,61,0.3,172,5,201,656,3940,1,yes,3
1587,1,no,0,11,yes,50,0.9,148,8,299,874,461,0,yes,0
1097,0,no,10,11,yes,21,0.1,160,7,1277,1352,2219,0,yes,2
504,0,yes,0,19,yes,40,0.5,178,3,626,1195,470,0,no,0
1159,0,no,13,4,yes,28,0.2,80,8,378,751,2495,1,yes,2
1910,0,no,0,14,yes,29,0.6,146,7,333,639,2944,1,yes,2
865,0,yes,8,12,yes,59,0.1,159,3,805,1804,2361,0,yes,2
1930,1,no,11,20,no,16,0.8,186,8,1901,1920,1783,0,yes,2
860,1,yes,8,3,yes,40,0.7,170,3,1573,1581,2832,1,yes,2
1268,1,no,9,12,yes,42,0.9,182,6,360,912,931,1,no,0
999,1,yes,0,5,yes,27,0.1,167,4,20,745,1344,0,no,0
622,0,no,0,10,no,9,0.3,127,2,98,511,3916,0,yes,2
1250,1,no,8,15,yes,44,0.2,182,7,703,1011,1882,0,no,1
763,1,no,9,16,no,51,0.3,104,5,273,1278,2865,1,yes,2
1100,1,no,12,10,yes,15,0.1,112,8,919,1344,757,1,yes,0
815,0,yes,4,12,yes,51,0.3,85,6,982,1291,3469,0,yes,3
618,1,yes,2,18,no,57,0.2,88,3,879,896,2399,1,yes,1
553,1,yes,0,13,yes,18,0.7,136,2,1287,1892,3300,0,no,3
673,1,yes,2,17,yes,3,0.4,84,2,1109,1247,2719,1,yes,2
563,0,yes,3,20,yes,47,0.3,115,7,211,684,3012,0,no,2
1590,0,yes,12,4,no,14,0.5,187,4,1058,1109,2836,0,no,3
1031,1,yes,2,9,yes,11,0.1,121,2,532,1247,2385,0,no,2
909,1,yes,9,20,yes,30,0.4,97,3,290,773,594,1,yes,0
1880,0,no,0,6,yes,7,0.6,104,4,890,1019,2968,1,no,3
1479,1,yes,0,15,yes,24,0.1,146,6,327,645,3762,0,no,3
1271,0,yes,0,5,yes,2,0.9,161,1,1260,1788,892,1,no,1
709,0,no,11,19,yes,13,0.1,81,8,570,1422,467,1,yes,0
1744,0,no,0,13,yes,62,0.7,158,1,621,1558,345,0,no,0
1314,1,no,0,4,yes,40,0.8,116,7,328,1858,3033,1,yes,3
1136,0,no,0,8,no,9,0.9,150,6,1307,1767,2110,0,yes,2
1039,1,no,11,4,yes,56,0.3,125,8,497,618,3105,1,yes,2
1300,1,no,5,7,yes,62,0.1,156,6,219,1037,874,1,no,0
732,1,yes,7,2,yes,39,0.6,188,7,1163,1554,3681,1,yes,3
511,0,yes,1,13,yes,52,0.7,180,2,24,759,3865,0,yes,2
1092,1,yes,10,4,yes,11,0.5,167,3,468,571,737,1,no,0
921,1,yes,12,12,yes,10,0.1,170,7,1272,1469,3153,1,no,3
1030,1,no,4,6,no,37,0.7,147,1,503,551,2800,0,yes,2
1130,0,yes,0,13,yes,27,0.9,101,1,1495,1579,315,1,no,0
1299,0,yes,2,17,yes,60,0.8,187,8,1333,1838,1412,1,yes,1
1009,1,yes,7,6,no,2,0.6,115,7,267,1841,2286,0,no,2
1735,0,yes,16,10,yes,34,0.1,140,2,149,876,2392,0,yes,2
1129,1,yes,0,16,no,49,0.5,185,2,1070,1079,1857,1,yes,1
708,0,no,0,6,yes,26,0.3,116,7,206,620,1419,1,yes,0
894,0,no,2,16,yes,58,0.1,123,2,158,747,6789,0,no,2
530,0,no,1,11,no,32,0.3,88,6,48,1012,959,1,no,0
1481,1,yes,0,11,yes,35,0.5,105,3,249,522,2635,0,yes,2
1068,0,yes,0,17,yes,45,0.6,194,5,935,1499,1754,0,yes,1
1487,0,no,6,4,no,57,0.7,84,3,140,768,2563,0,no,2
1524,0,yes,11,7,no,41,1,96,4,184,740,1936,1,yes,1
1093,0,yes,2,4,yes,22,0.3,196,8,238,807,1869,1,yes,1
1816,1,yes,0,8,yes,50,0.1,186,5,800,1089,3637,0,yes,3
627,0,no,2,11,yes,20,0.8,142,3,211,507,896,0,no,0
989,1,no,13,16,yes,51,0.4,132,3,670,804,2349,0,yes,1
1895,0,no,2,14,yes,5,0.7,134,1,725,1335,774,1,no,1
805,1,yes,0,5,yes,58,0.9,168,3,81,1544,3397,0,no,2
713,1,no,7,2,yes,2,0.4,181,8,1211,1378,485,1,yes,0
864,0,no,10,12,no,24,0.7,148,4,1362,1378,3964,1,no,3
1177,0,no,1,12,yes,11,1,181,4,945,1923,1887,1,yes,1
582,0,no,8,8,yes,32,0.7,107,3,1043,1702,2977,1,yes,2
1898,0,yes,3,14,yes,56,0.2,185,7,444,739,2114,1,yes,2
1158,0,yes,1,18,no,29,0.7,123,2,311,1796,1542,0,yes,1
1451,1,no,5,7,yes,57,0.6,181,8,812,1456,3038,0,yes,3
1820,1,no,5,20,yes,51,0.9,163,7,202,1884,2481,0,no,2
984,0,yes,3,11,yes,9,0.8,140,3,531,707,841,0,no,0
580,1,yes,0,15,yes,24,0.4,135,4,404,898,3565,0,yes,2
1263,1,no,0,18,yes,5,0.4,146,6,954,1609,1958,1,yes,2
1237,0,no,2,8,yes,27,0.1,87,8,274,603,2454,1,yes,2
514,1,no,7,11,yes,37,0.1,172,1,956,1723,3392,1,yes,3
1515,0,no,0,11,no,56,0.9,184,3,1438,1593,262,1,no,0
721,0,yes,6,14,yes,6,0.4,194,4,1446,1988,530,0,yes,0
603,1,yes,3,9,yes,35,0.7,126,3,692,1057,3703,0,yes,3
1426,1,no,2,14,yes,55,0.4,109,1,777,1032,6789,0,no,2
1820,1,yes,0,18,yes,64,0.6,161,1,1157,1951,,1,no,1
1215,0,no,4,7,no,16,0.1,130,4,454,1473,,0,yes,2
697,0,yes,5,3,yes,20,0.4,173,2,478,1477,,1,yes,0
717,1,yes,4,5,yes,10,0.6,198,1,217,1106,,1,no,0
1348,1,yes,5,20,yes,36,0.3,145,6,468,741,,1,no,2
1164,1,yes,0,13,yes,61,0.3,88,1,1107,1656,,1,no,3
578,1,no,9,4,yes,62,0.3,170,5,626,1134,2977,1,yes,2
1971,1,yes,0,10,yes,40,0.3,186,7,485,922,571,1,no,0
1794,1,yes,5,9,no,55,0.5,86,7,43,627,402,0,yes,0
1558,1,no,2,14,yes,32,0.1,114,5,322,1385,878,1,yes,0
1597,1,no,4,6,no,4,0.5,85,1,880,1145,2130,1,no,2
1240,0,no,0,4,yes,39,0.1,146,2,1511,1756,3260,0,yes,3
1994,1,yes,2,6,no,7,0.6,88,8,667,711,454,1,no,0
1221,0,no,7,17,yes,35,0.4,152,7,765,1899,2638,1,yes,2
989,1,yes,11,15,yes,24,0.6,156,8,614,679,2819,0,yes,2
1180,1,no,5,9,no,50,1,144,4,925,1252,1464,1,yes,1
718,0,no,10,18,yes,59,0.8,113,6,1185,1387,1824,1,no,1
1670,1,yes,0,7,yes,47,0.8,139,8,1706,1886,876,1,no,1
534,1,no,1,7,yes,21,0.3,164,7,347,1477,2706,1,no,2
1566,1,yes,0,13,yes,20,0.5,126,2,1603,1930,659,1,yes,1
1935,0,no,0,7,yes,29,0.6,124,5,806,860,455,0,yes,0
504,1,yes,2,20,yes,54,0.4,163,2,1207,1539,2378,0,no,2
913,0,yes,1,4,yes,41,0.3,103,1,431,1144,2278,1,no,1
1317,0,yes,2,7,yes,43,0.5,113,5,179,613,3436,1,yes,3
917,1,no,1,20,no,31,0.5,88,6,423,909,3424,1,no,3
712,0,yes,1,9,no,49,0.6,99,6,1131,1743,401,0,yes,0
1083,0,no,6,4,yes,52,0.9,126,2,925,1469,681,1,yes,0
1039,0,no,5,2,yes,6,0.1,136,6,62,544,3212,0,yes,2
1747,0,no,4,4,yes,13,0.7,185,6,800,873,3105,0,no,3
1449,1,yes,0,9,no,52,0.6,105,6,211,947,2036,1,no,1
1872,1,yes,14,17,yes,49,0.2,139,7,81,1389,3153,1,no,3
1796,0,yes,5,5,yes,7,0.1,101,4,667,798,1642,1,yes,1
1097,0,no,0,17,yes,60,0.8,181,1,405,519,509,0,no,0
1562,0,yes,1,5,yes,20,0.8,172,8,678,1676,3465,1,no,3
1433,1,no,8,10,yes,27,0.9,153,7,1619,1651,3900,0,yes,3
740,0,no,1,16,yes,12,0.2,123,1,935,1147,6789,1,yes,0
676,0,no,1,19,no,39,0.2,84,1,864,1011,2064,0,no,1
503,1,yes,1,4,yes,13,0.7,131,1,1495,1688,3117,0,yes,3
1020,0,no,13,4,no,7,0.7,96,3,870,1613,1142,0,yes,1
,0,yes,3,15,yes,4,0.3,111,1,1379,1469,1060,1,yes,1
,1,no,4,20,yes,19,0.9,143,2,1055,1738,2381,0,no,2
,0,yes,1,12,no,54,0.4,134,3,220,1838,3366,0,yes,3
,0,no,7,19,yes,42,0.9,126,6,419,1261,1339,0,yes,0
,1,yes,0,11,yes,31,0.8,87,4,1111,1362,2560,0,no,3
,0,yes,1,3,no,25,0.8,91,2,1097,1461,285,0,yes,0
627,1,yes,3,6,yes,12,0.2,131,7,447,819,2476,0,no,1
1602,0,no,4,8,yes,46,0.6,118,1,273,1062,1862,0,yes,1
1733,1,yes,4,11,yes,6,0.9,170,1,590,997,3488,1,yes,3
586,0,yes,10,19,no,8,0.5,142,8,116,598,3178,0,yes,2
1528,0,no,2,10,no,37,0.2,156,8,306,564,733,1,no,0
875,0,no,2,16,yes,23,0.1,110,7,300,1316,756,0,no,0
1602,0,no,12,7,yes,58,0.4,170,1,1259,1746,3622,1,yes,3
1426,0,no,4,4,yes,12,0.7,174,5,1573,1694,1277,0,no,1
1370,0,no,5,4,yes,6,0.2,158,6,1392,1783,3703,1,no,3
609,1,no,4,7,yes,10,0.1,81,6,113,1524,1905,1,yes,1
840,0,yes,5,11,yes,15,0.3,178,6,526,1728,2636,1,no,2
991,0,no,2,7,yes,12,0.3,158,5,1209,1678,2014,0,no,2
1724,1,no,0,12,yes,9,0.8,100,2,655,828,3056,0,no,3
584,1,no,0,10,yes,19,0.3,168,3,1123,1622,465,1,no,0
860,1,yes,1,17,yes,49,0.7,141,6,692,979,3869,1,yes,3
1541,1,yes,10,13,yes,28,0.2,165,5,796,1052,6789,0,yes,1
615,1,yes,7,20,yes,58,0.5,130,5,1021,1958,1906,0,no,1
912,1,yes,6,7,yes,46,0.4,84,4,995,1310,851,1,yes,0
1278,1,no,10,12,yes,60,0.6,172,7,1244,1504,3142,0,yes,3
1365,0,no,0,20,yes,31,0.3,125,4,293,970,1300,0,yes,0
1702,0,no,7,13,yes,36,0.1,177,5,1240,1931,1430,0,no,2
589,1,no,1,4,no,59,0.7,146,8,759,1858,362,1,yes,0
1347,0,yes,10,20,yes,56,0.3,95,1,398,1528,2456,1,yes,2
1644,0,no,0,2,yes,44,1,137,8,358,791,2360,0,no,2
956,0,yes,1,19,no,42,0.1,133,7,403,1614,3700,1,no,3
1089,0,yes,10,7,yes,2,0.1,153,7,211,1409,2620,0,no,2
871,0,no,2,15,yes,52,0.1,178,3,194,1437,437,0,no,0
664,0,no,5,17,no,6,0.9,164,2,1076,1472,3774,0,no,3
1874,1,no,1,6,yes,19,0.8,192,2,1238,1418,1218,1,no,1
1928,0,no,5,16,yes,5,0.8,162,5,229,1004,696,1,yes,0
888,0,yes,2,15,yes,33,0.4,198,2,327,1683,3407,0,no,3
1077,1,yes,1,18,yes,58,0.8,86,7,135,1892,3902,0,no,3
1023,1,yes,5,2,yes,30,0.2,80,8,5,1744,2086,1,yes,1
1426,1,no,2,10,yes,42,0.6,84,3,715,1163,1356,0,yes,1
831,0,yes,7,13,yes,26,0.7,177,5,511,621,1704,1,yes,0
1496,1,yes,0,15,yes,6,0.5,85,3,549,1383,3571,1,yes,3
1433,1,no,2,6,yes,5,0.1,129,5,420,784,2132,0,yes,1
1095,1,yes,0,7,yes,44,0.7,103,4,838,1066,3209,1,yes,3
643,1,yes,3,10,yes,23,0.8,156,1,314,1400,2096,0,no,1
1142,1,no,0,18,yes,6,0.5,198,4,739,1766,1273,0,no,1
730,1,yes,3,3,yes,27,0.1,112,5,62,846,3623,1,no,2
1901,1,no,5,12,yes,41,0.6,131,2,3,1662,368,0,no,0
1510,0,yes,1,4,yes,32,0.7,135,3,963,1520,854,0,yes,1
1924,0,no,0,14,yes,59,0.9,136,6,1438,1923,3646,0,yes,3
1825,0,yes,13,16,yes,17,0.1,157,4,1621,1773,3130,0,yes,3
1275,1,yes,3,13,yes,5,0.2,152,1,19,501,3784,1,no,3
987,1,no,9,13,yes,17,0.8,124,7,887,1274,3885,1,no,3
1538,1,no,6,6,yes,13,0.2,121,7,567,986,1494,1,yes,1
1965,1,no,4,15,yes,29,0.5,149,5,584,676,2973,1,yes,3
808,0,no,7,8,yes,20,0.8,185,6,496,974,1471,1,no,0
712,0,no,6,4,yes,27,0.5,86,2,1245,1309,2001,1,yes,1
1507,1,yes,0,17,yes,42,0.4,123,5,682,888,1486,0,no,1
912,0,no,3,12,no,47,0.9,182,3,724,794,1321,1,yes,0
769,1,no,2,6,yes,17,0.1,95,8,1384,1454,6789,0,yes,1
948,0,no,14,6,yes,22,0.1,173,5,257,1654,3499,1,yes,3
507,1,yes,0,13,yes,39,0.7,142,1,17,1084,2124,1,no,1
1384,1,yes,15,10,yes,60,0.1,82,3,983,1210,1221,0,yes,1
1766,1,no,1,13,no,29,0.5,194,8,439,1306,2316,0,yes,2
1407,0,yes,5,10,yes,16,0.2,170,4,925,1206,1068,1,no,1
614,0,yes,3,10,yes,24,0.2,94,4,409,603,1930,0,yes,1
1972,0,no,9,8,yes,14,0.4,196,7,293,952,1316,1,no,1
1039,0,yes,8,7,yes,47,0.2,130,8,384,1878,1742,0,no,1
511,1,yes,5,16,yes,34,0.9,125,8,149,1285,3265,0,no,2
1811,1,no,4,20,yes,5,0.6,98,4,447,568,2700,1,yes,2
1159,0,no,3,4,no,36,0.4,104,4,717,1206,2115,0,no,2
1848,0,yes,7,10,yes,12,0.1,178,2,195,533,3915,0,yes,3
1988,1,no,0,18,yes,16,0.1,94,8,153,696,3144,0,no,3
1469,0,no,3,11,no,58,0.5,150,7,1699,1850,1571,0,no,2
1423,0,no,12,13,yes,44,0.8,131,5,501,640,2253,0,no,1
1974,0,yes,9,2,no,10,0.8,145,6,530,1496,1433,0,no,1
835,0,yes,2,6,yes,42,0.8,128,5,396,1378,2583,1,yes,2
1429,0,no,8,16,yes,42,0.9,151,5,670,1552,1817,0,no,1
947,1,no,1,13,no,51,0.1,144,2,193,887,2915,1,yes,2
1446,1,yes,0,3,yes,18,0.3,178,8,351,1769,3340,1,yes,3
1332,0,yes,5,7,no,7,0.8,168,7,846,855,2790,1,no,2
1498,1,yes,0,19,no,14,0.1,191,4,111,1167,577,1,no,0
1576,1,yes,0,6,no,14,0.4,173,2,1213,1386,3220,1,no,3
1398,0,yes,8,13,yes,26,0.8,150,1,755,1284,3488,1,no,3
1885,0,yes,12,20,yes,14,0.6,92,4,1406,1517,1277,0,yes,1
798,1,yes,7,6,yes,2,0.8,148,2,497,627,3593,1,no,2
1436,0,yes,0,19,yes,42,0.9,124,8,1826,1836,2736,1,no,3
1998,1,no,8,20,yes,31,0.6,196,8,50,1356,2311,1,no,2
1321,1,no,0,8,yes,63,0.4,109,8,817,941,1464,1,yes,1
1021,0,no,7,11,yes,9,0.7,192,2,901,1793,1355,1,no,1
1339,1,yes,0,11,yes,40,0.1,123,2,212,1269,2382,0,yes,2
1210,1,yes,9,16,yes,57,0.5,111,4,329,1039,1886,0,yes,1
1949,1,yes,2,7,yes,31,0.1,145,5,837,1182,832,0,no,1
882,0,yes,9,3,yes,28,0.2,151,6,248,884,751,0,yes,0
1549,1,yes,0,16,yes,27,0.4,113,5,632,1162,436,0,no,0
1991,0,yes,1,11,yes,42,0.7,82,1,366,613,722,1,no,0
796,0,no,2,14,yes,12,0.5,114,1,174,518,1075,1,no,0
1012,0,yes,4,11,no,39,0.1,161,4,882,1195,2802,1,no,2
1318,0,yes,0,11,yes,11,0.8,188,2,688,1591,1780,0,no,1
1708,0,no,8,7,yes,14,0.9,197,4,263,1345,1247,0,no,1
598,1,yes,8,10,yes,62,0.1,117,8,118,764,3066,1,no,2
541,1,no,4,6,no,51,0.4,200,8,1012,1226,403,0,no,0
818,0,yes,2,7,no,23,0.2,192,5,586,1552,6879,1,no,2
1414,0,no,0,7,yes,15,0.8,168,2,294,1233,1069,0,no,0
601,1,yes,3,15,yes,6,0.8,169,4,818,1827,2651,0,yes,2
561,1,yes,2,12,no,40,0.1,99,7,426,865,2974,0,yes,2
1616,1,yes,3,2,yes,52,0.1,100,5,151,1133,657,1,no,0
1263,1,yes,1,10,yes,32,0.4,103,2,409,644,3372,1,no,3
1604,1,yes,0,5,yes,63,0.6,93,5,641,1156,1464,1,no,1
539,0,yes,1,15,yes,24,0.5,86,4,958,967,1326,1,no,0
1071,0,no,0,3,yes,49,0.3,199,4,1328,1970,3393,0,no,3
826,0,yes,0,5,yes,57,0.5,135,2,354,530,323,0,yes,0
771,0,no,2,12,yes,62,0.7,106,1,1709,1781,1628,1,no,1
1811,0,no,0,8,yes,33,0.2,132,8,1099,1553,2610,1,no,3
1842,1,yes,7,15,no,56,0.4,179,4,783,1227,3721,1,yes,3
1420,0,yes,1,15,yes,50,0.1,100,8,194,1393,763,1,yes,0
1763,0,yes,12,4,yes,10,0.2,184,3,238,1893,792,0,yes,0
1163,1,no,6,16,yes,2,0.9,133,5,919,1076,1568,0,no,1
1805,1,no,0,14,yes,29,0.2,182,4,758,891,1276,1,no,1
610,1,yes,9,17,yes,52,0.4,90,4,1039,1273,3472,1,yes,3
1533,1,yes,18,6,no,17,0.3,160,4,1054,1393,2520,0,yes,2
1924,0,no,3,6,yes,63,0.3,111,2,122,686,3423,0,no,3
1801,0,yes,6,4,yes,52,0.9,120,6,100,1708,258,0,no,0
1726,1,no,1,5,yes,42,0.6,106,5,1221,1804,1868,0,no,2
794,0,yes,15,9,yes,14,0.6,197,3,312,1376,2171,0,yes,1
1686,1,yes,4,14,yes,28,0.8,182,5,599,1073,780,0,no,0
1444,1,yes,0,15,yes,6,0.9,103,1,1274,1340,712,0,no,0
1004,0,yes,0,13,yes,30,1,160,8,62,581,1012,1,yes,0
1242,1,no,8,9,yes,28,0.2,166,4,315,1796,318,0,no,0
539,0,no,6,9,yes,26,0.2,137,6,1123,1709,3948,1,yes,3
717,0,yes,2,11,no,14,0.1,99,8,1878,1981,629,0,no,0
1540,0,yes,0,9,yes,29,0.1,157,7,318,831,1161,0,no,0
672,0,no,7,18,yes,35,0.1,99,8,574,1267,1403,0,no,0
1325,1,no,0,18,yes,13,1,133,4,1353,1915,3707,1,no,3
950,0,no,6,2,yes,55,0.1,124,8,86,1681,1305,0,yes,0
948,0,yes,6,4,yes,18,0.3,119,4,340,1728,2926,1,yes,2
1328,1,no,5,6,yes,27,0.3,144,3,602,1156,2674,0,yes,2
1447,0,no,3,3,no,40,0.7,184,2,963,1062,471,0,yes,0
1973,1,yes,3,5,yes,21,0.8,95,8,127,507,1724,0,yes,1
1731,1,yes,18,9,yes,60,0.5,171,4,142,1039,1220,1,no,1
1617,0,no,1,18,no,63,0.7,111,2,274,1079,2754,1,yes,2
1791,1,yes,1,18,no,33,0.5,110,5,371,682,6987,0,yes,0
851,0,yes,7,8,no,54,1,101,2,788,1007,1005,0,yes,0
856,0,yes,0,18,yes,14,0.6,115,1,395,1027,2439,1,yes,1
714,1,no,1,11,yes,30,0.3,145,4,643,1527,2302,1,yes,1
951,0,no,6,12,yes,15,0.6,81,2,854,935,1083,1,no,0
1303,1,no,6,20,yes,10,0.4,109,8,1335,1873,2219,1,yes,2
1550,1,no,2,16,no,32,0.1,126,7,1541,1619,1571,0,no,2
1759,1,no,10,6,yes,15,0.4,101,4,382,1163,2107,1,no,2
1448,0,yes,18,5,no,2,0.2,100,5,846,1144,593,1,yes,0
1987,1,no,0,19,yes,50,0.7,119,8,960,1925,857,1,no,1
908,0,no,1,14,yes,44,0.6,95,5,154,941,3518,1,yes,3
820,0,yes,2,8,no,58,0.3,160,4,468,694,1284,0,yes,0
904,0,yes,4,16,yes,19,0.6,147,6,1094,1496,545,0,no,0
667,0,yes,4,15,no,6,0.1,149,6,272,870,3566,0,yes,2
1109,0,no,1,19,yes,34,0.1,173,1,165,1103,2821,0,yes,2
1333,0,no,3,7,yes,59,0.7,183,7,394,1301,3442,1,no,3
1352,0,no,5,19,yes,6,0.9,92,6,629,1299,1309,0,no,1
1600,0,yes,1,17,no,19,0.6,88,6,831,1713,1179,0,yes,1
1454,0,yes,8,19,no,37,0.8,80,8,903,910,1713,0,no,1
1489,0,yes,0,15,yes,9,0.4,169,3,923,1759,1663,0,yes,1
1823,0,yes,11,13,no,10,0.6,81,8,362,1250,1812,1,yes,2
1581,1,no,9,10,no,41,0.4,172,4,693,850,1384,1,yes,1
1672,1,yes,1,6,yes,44,0.5,172,8,1250,1435,1348,1,yes,1
1283,1,yes,0,13,yes,27,0.2,80,4,1135,1923,3957,0,no,3
630,0,no,9,12,no,14,0.5,180,8,66,1448,1212,0,no,0
659,0,no,0,13,yes,24,0.7,151,8,924,1877,3925,1,yes,3
1811,1,yes,0,6,yes,32,1,115,6,204,1132,348,0,yes,0
688,1,no,9,20,yes,40,0.2,109,5,376,1957,1382,1,no,1
514,1,yes,5,7,yes,18,0.7,141,2,1083,1492,980,0,yes,0
1933,0,yes,1,9,yes,16,0.5,154,3,229,1473,838,1,no,0
915,0,no,8,5,yes,31,0.3,91,3,875,1316,378,1,no,0
1006,0,yes,4,18,yes,22,0.8,135,4,35,991,909,0,yes,0
1134,1,no,2,10,no,13,0.4,92,4,18,903,3632,1,no,3
599,1,no,0,7,yes,64,0.3,186,8,103,646,3396,0,no,2
973,0,yes,5,14,yes,53,0.5,196,5,105,588,1861,1,no,1
1180,1,no,0,5,no,27,0.1,90,6,168,540,348,1,yes,0
1237,1,no,7,8,no,13,0.8,98,4,18,1004,2528,0,no,2
659,0,yes,7,7,no,5,0.3,169,8,659,730,2190,1,no,1
1142,1,yes,6,15,no,6,0.7,190,8,534,855,663,1,yes,0
1002,0,yes,16,13,no,11,0.4,185,6,285,512,961,0,yes,0
1392,0,no,0,15,no,44,0.7,113,4,482,1098,1280,0,yes,1
602,0,no,9,2,yes,50,0.9,141,8,1571,1717,2189,1,no,2
1249,1,no,3,12,yes,55,0.8,140,3,605,1193,531,1,yes,0
531,1,yes,0,16,yes,12,0.5,121,4,158,1657,2331,0,yes,1
1450,0,no,1,11,no,31,0.6,114,5,1573,1639,794,1,yes,1
1342,0,no,1,12,no,50,0.1,173,1,127,620,2644,1,yes,2
832,1,no,5,11,yes,22,0.6,198,1,343,1431,1666,1,yes,1
867,1,no,0,4,yes,57,0.1,159,4,289,724,2157,0,no,1
1404,0,no,16,14,yes,44,0.9,151,1,1703,1880,1196,0,yes,1
840,0,yes,6,16,yes,33,0.7,150,6,1482,1591,2072,1,no,2
1368,0,no,10,15,yes,42,0.2,91,1,907,925,1590,0,no,1
1927,0,yes,3,2,yes,11,0.4,190,8,491,1506,2916,1,yes,3
1714,0,yes,7,18,yes,31,0.4,120,2,287,627,3707,0,yes,3
1201,1,no,1,12,no,10,0.4,198,6,1151,1723,726,1,no,0
1796,1,no,4,15,no,44,0.9,184,2,1024,1363,3577,1,no,3
1147,0,yes,11,13,yes,28,0.7,158,6,1085,1134,2627,0,yes,2
776,1,no,0,5,yes,20,1,146,4,991,1803,685,1,yes,0
510,0,no,0,19,yes,33,0.1,110,6,1052,1897,1693,1,no,1
1045,1,yes,3,8,yes,40,0.1,175,6,1078,1564,2137,0,yes,2
1497,1,yes,4,18,no,10,,153,8,98,977,3696,0,yes,3
1425,1,no,0,15,yes,33,,89,3,396,1648,3771,0,yes,3
726,0,no,0,9,no,40,,94,4,323,978,1342,1,yes,0
1576,1,no,0,12,no,20,,148,3,410,1551,1379,0,yes,1
714,1,yes,5,19,yes,11,,197,3,1750,1857,1164,1,no,1
1595,0,yes,1,14,yes,63,0.9,88,1,1475,1988,908,0,yes,1
541,0,no,0,9,yes,10,0.4,127,4,1836,1873,1019,1,no,1
1617,1,no,14,4,no,29,0.9,113,6,283,676,3685,0,no,3
1154,0,yes,2,6,yes,5,0.2,98,1,539,1240,1470,0,no,1
1638,0,no,6,20,yes,2,0.2,189,1,440,563,2299,1,yes,2
1150,1,no,0,11,yes,39,0.4,151,8,397,800,999,1,no,0
1254,1,no,0,3,no,44,0.2,149,1,204,1021,3011,1,no,2
1806,1,yes,2,7,yes,54,0.1,117,1,347,727,3142,0,yes,3
603,0,no,8,13,no,12,0.7,114,6,1003,1284,1543,1,no,1
1834,0,no,7,11,yes,40,0.1,99,4,0,1987,3692,1,no,3
520,0,no,0,14,no,31,0.8,145,6,264,519,2753,0,yes,1
565,0,yes,1,8,yes,50,0.1,158,2,543,703,2156,1,yes,1
1689,1,no,11,10,yes,9,0.5,150,5,467,675,2637,0,no,2
742,1,no,0,10,yes,21,0.7,104,8,875,925,331,0,no,0
1143,0,yes,1,18,yes,22,1,125,3,1116,1724,1214,1,no,1
761,1,no,9,5,yes,3,0.8,196,7,1325,1945,2248,1,yes,2
959,1,yes,0,13,no,36,0.4,196,5,1313,1331,3073,1,yes,3
772,1,yes,7,16,yes,8,0.6,134,7,552,1802,422,0,no,0
1015,1,no,5,20,yes,12,0.5,102,3,335,679,2293,1,no,1
1824,1,yes,9,16,no,2,0.7,103,1,50,1105,3958,1,no,3
1130,1,yes,1,8,yes,29,0.7,130,1,593,1327,432,1,yes,0
1183,1,yes,3,9,yes,48,0.1,120,8,268,1010,1152,0,no,0
574,1,yes,0,4,yes,26,0.5,118,6,382,1364,1303,0,yes,0
1472,0,no,4,17,yes,20,0.3,169,2,443,892,797,1,no,0
1868,1,no,2,16,no,40,0.9,179,8,576,884,298,1,no,0
1375,0,no,2,8,yes,20,0.4,147,6,596,679,3847,0,yes,3
881,0,no,1,2,no,64,0.5,160,3,115,636,2110,1,yes,1
1742,1,yes,5,12,yes,43,0.9,176,3,356,1407,1921,1,no,2
1225,0,yes,6,16,yes,60,0.1,107,2,10,1567,2423,0,no,2
1970,1,yes,0,16,yes,15,1,132,2,1399,1684,1658,1,yes,2
1186,1,yes,2,2,yes,21,0.4,160,8,68,584,2361,0,no,1
1762,0,no,7,7,yes,60,0.1,157,4,643,790,1380,0,no,1
1731,1,yes,4,3,yes,4,0.5,163,6,809,1988,3892,1,yes,3
852,0,yes,5,18,no,8,0.8,160,5,683,1349,315,0,no,0
848,1,yes,4,16,yes,36,0.3,151,4,56,527,2289,1,yes,1
1575,0,yes,0,19,yes,11,0.2,185,7,492,818,2182,1,no,2
1554,0,yes,7,18,no,23,0.1,105,6,699,1492,2184,0,yes,2
1972,1,no,0,2,no,48,0.5,92,8,290,804,2872,0,yes,3
827,1,yes,9,8,no,35,0.2,87,6,23,826,2367,0,yes,1
1063,0,no,7,10,yes,3,0.9,155,4,394,849,1919,1,no,1
1695,0,yes,1,14,yes,34,0.4,84,5,713,1742,3296,0,no,3
1343,0,yes,5,18,yes,14,0.9,81,8,1063,1205,462,1,yes,0
834,0,no,2,6,yes,27,0.2,123,1,1421,1463,1591,1,no,1
595,0,no,0,7,yes,20,0.4,122,2,623,816,1593,0,yes,0
1081,1,yes,13,15,yes,42,0.1,101,7,83,816,2456,0,no,1
911,0,yes,3,7,yes,14,0.7,199,4,1563,1692,2933,1,no,3
844,0,yes,1,4,yes,22,0.9,197,7,777,1995,3154,0,no,3
1335,1,no,3,20,yes,60,0.8,180,2,83,559,3615,0,no,3
1883,0,no,9,6,yes,24,0.1,87,1,203,915,3563,0,no,3
1128,1,yes,6,3,yes,33,0.6,147,8,938,1226,1440,0,no,1
826,1,yes,14,9,yes,57,0.6,117,2,1077,1183,1907,0,no,1
1650,0,no,0,5,yes,38,0.7,89,1,773,881,324,1,yes,0
1162,0,no,0,16,no,50,0.5,104,4,332,866,1404,1,yes,1
1517,0,no,2,12,yes,8,0.8,169,4,570,1645,2738,0,no,2
963,0,no,1,7,yes,60,0.8,156,3,742,821,2722,0,no,2
1837,0,yes,5,13,yes,12,0.9,103,8,1420,1539,2294,0,yes,3
1028,1,no,1,4,yes,30,0.1,193,1,1801,1923,1424,0,yes,1
1831,1,yes,4,10,yes,55,1,189,8,1693,1790,1133,1,no,1
571,1,yes,5,6,no,58,0.6,101,6,31,1536,555,0,yes,0
1770,1,no,0,17,no,9,0.6,183,6,1098,1373,3785,0,yes,3
970,1,yes,5,7,yes,59,0.2,84,7,1765,1786,3675,0,no,3
642,1,no,0,16,yes,38,0.8,86,5,887,1775,435,1,no,0
622,1,yes,12,20,no,11,0.8,193,8,760,1964,3183,1,yes,2
600,1,no,9,19,yes,6,0.8,199,2,486,1032,3495,1,no,2
1412,0,no,9,2,yes,57,0.2,86,3,2,660,1853,0,yes,1
733,0,no,7,5,yes,16,0.4,138,4,202,1787,2648,1,no,2
1070,1,no,9,20,yes,19,0.8,160,7,90,1614,2647,1,no,2
875,1,yes,1,10,yes,30,0.7,146,8,469,853,702,1,yes,0
1994,1,no,5,2,yes,5,0.4,189,2,86,1546,1836,0,no,2
823,0,yes,9,16,no,18,0.2,182,5,1180,1350,3894,1,no,3
1908,0,no,9,10,no,30,1,111,2,140,1046,2944,0,yes,3
790,0,yes,7,18,yes,44,0.1,89,8,1100,1437,3424,1,no,3
1330,1,yes,1,19,yes,40,0.5,177,1,194,892,2678,1,yes,2
1660,0,no,2,7,yes,15,0.7,100,8,440,569,2424,1,no,2
1776,0,no,2,4,yes,20,0.9,82,6,1563,1803,2671,1,yes,3
1611,0,yes,4,15,yes,27,0.9,199,1,163,1011,3078,0,yes,2
1410,1,yes,0,16,yes,15,0.3,92,3,192,1311,2304,1,no,2
1772,1,no,17,20,no,45,0.5,159,2,837,1405,1146,1,no,1
1280,1,no,0,14,yes,39,1,108,7,356,588,2335,0,yes,1
1712,1,yes,2,19,yes,23,1,155,7,155,663,1422,1,no,1
1562,1,no,0,16,yes,55,0.1,140,8,1032,1776,2096,0,no,2
891,0,yes,1,2,yes,18,0.1,153,6,40,1435,1303,1,yes,0
1957,0,yes,18,2,yes,36,0.8,151,2,1194,1727,1115,0,yes,1
1110,0,no,1,7,yes,42,0.9,192,5,1179,1262,456,1,no,0
875,1,yes,1,8,yes,43,0.6,104,8,902,969,3396,0,no,3
1211,1,no,0,3,no,28,0.3,130,2,58,963,2750,1,no,2
769,0,yes,12,8,no,54,0.2,112,4,1385,1780,941,0,yes,0
671,0,no,7,14,yes,2,0.1,95,6,614,1617,2278,0,no,2
1872,0,no,5,15,no,26,0.5,172,4,672,1088,2273,0,yes,2
1076,0,yes,0,6,no,14,0.7,191,5,1088,1718,2355,1,yes,2
1325,0,no,2,13,yes,50,0.1,146,1,499,695,2328,0,no,2
911,1,yes,1,8,no,28,0.5,182,2,157,763,2638,1,yes,1
1273,1,no,1,8,yes,23,0.6,178,6,485,1399,558,0,no,0
1062,0,no,3,4,yes,39,0.9,124,4,571,817,1345,0,yes,0
1317,0,no,6,16,yes,12,0.1,154,2,431,542,425,1,yes,0
940,0,no,0,14,no,16,0.7,115,4,499,1090,2192,1,yes,1
729,1,no,0,4,yes,14,0.6,135,6,563,1055,3397,0,yes,2
1494,0,no,6,19,yes,3,0.9,93,7,944,1003,1208,1,no,1
1546,1,yes,2,2,yes,27,0.7,124,2,1138,1491,267,1,no,0
1253,0,no,0,11,yes,34,0.9,113,4,161,647,3518,1,yes,3
895,0,yes,6,9,yes,16,0.3,164,8,126,1575,3122,0,yes,2
793,1,yes,0,19,yes,43,0.3,124,8,15,1196,1050,1,yes,0
1628,1,yes,11,5,no,56,0.1,136,2,500,1713,3358,1,yes,3
625,0,yes,2,12,yes,42,0.8,138,8,203,1771,2929,0,no,2
1110,0,no,2,19,yes,12,0.3,153,8,961,1950,624,0,no,0
999,0,no,6,9,yes,49,0.6,132,1,608,1970,1598,1,no,1
1856,0,yes,0,10,yes,24,0.1,155,5,277,1155,2052,1,no,2
1715,0,yes,9,7,yes,15,0.6,120,6,114,1849,1249,1,no,1
1897,1,no,2,3,yes,54,0.3,154,2,630,738,412,0,no,0
1202,1,yes,0,10,no,19,0.1,122,2,404,1742,595,0,no,0
1171,1,yes,2,11,yes,19,0.3,167,7,248,755,263,0,no,0
964,0,no,0,9,yes,22,0.7,86,8,225,1234,2577,1,no,2
1973,1,yes,6,18,yes,46,0.1,193,4,699,851,639,0,yes,0
1992,1,yes,11,4,yes,2,0.1,141,1,649,895,3206,1,no,3
546,1,yes,5,16,yes,26,1,159,5,416,1658,1550,1,no,1
1093,0,no,1,6,no,31,0.6,171,2,1310,1420,1646,1,no,1
1880,1,no,11,16,no,35,0.1,200,4,930,1983,1930,1,no,2
1765,0,no,3,17,no,11,0.7,87,2,835,1175,3695,0,no,3
1640,0,yes,1,6,yes,36,0.9,87,8,664,1806,3235,0,yes,3
1830,0,no,0,19,yes,7,0.9,191,6,460,1583,2334,1,no,2
826,0,no,3,7,no,62,0.7,187,4,778,1615,1998,0,no,1
1864,0,no,0,13,yes,7,0.1,142,1,225,1545,2258,0,no,2
586,1,no,16,17,yes,42,0.3,121,7,785,1118,1869,1,yes,1
1206,0,yes,10,12,no,30,0.6,127,3,1581,1713,1825,0,yes,2
832,1,yes,1,3,no,5,0.1,165,5,9,1944,3946,1,yes,3
848,1,no,1,14,yes,8,0.1,103,7,7,1294,436,1,yes,0
1851,0,no,0,6,yes,53,0.7,112,6,174,1175,2678,0,no,2
1166,1,no,7,8,yes,59,0.5,80,1,437,638,3887,0,yes,3
1776,1,yes,10,11,no,35,0.1,172,4,278,623,1813,1,yes,1
1254,1,no,2,6,yes,27,0.2,134,2,,1372,817,1,yes,0
1494,0,yes,4,10,yes,24,0.2,101,1,,1190,3614,0,no,3
984,1,yes,0,14,yes,39,0.5,119,8,,1931,2013,1,no,1
1179,1,no,1,10,yes,5,0.9,154,5,,1429,543,0,yes,0
513,0,no,8,18,yes,27,0.4,174,8,,710,3400,1,yes,2
557,0,yes,3,9,no,17,0.2,89,6,,710,2623,0,no,1
744,0,yes,0,18,yes,33,0.5,105,4,1252,1963,2700,0,no,2
1129,1,yes,9,18,yes,21,0.6,116,2,1128,1702,1400,1,no,1
1148,0,yes,0,3,yes,58,0.3,170,5,606,688,3127,0,no,2
1793,0,no,12,13,yes,44,0.7,175,5,655,1459,2803,1,yes,3
1310,0,yes,3,18,no,15,0.2,150,5,954,970,2518,1,yes,2
1604,0,no,1,15,yes,6,0.5,191,6,68,1042,3564,1,no,3
1676,0,no,2,17,yes,37,0.2,145,1,134,1197,2515,0,yes,2
1001,0,yes,1,18,no,40,0.2,117,3,922,1836,3654,1,yes,3
1086,0,no,0,16,yes,24,0.1,135,8,1874,1976,3930,1,yes,3
1986,1,yes,7,14,yes,39,0.1,89,7,251,599,3476,1,no,3
634,1,no,5,11,yes,41,0.2,192,1,1362,1853,3242,0,yes,3
502,0,no,7,20,no,52,1,82,6,281,1159,2666,1,no,2
1641,0,no,6,13,yes,48,0.7,97,8,224,1994,1695,0,yes,2
623,0,yes,0,2,yes,15,0.2,189,3,778,844,3510,0,yes,2
962,1,yes,3,9,yes,17,0.1,161,8,546,1424,3438,0,no,3
1057,1,no,3,9,yes,41,0.1,97,4,397,891,2033,1,no,1
1862,0,no,1,11,no,62,1,182,1,386,1046,1017,0,no,1
555,1,yes,5,10,yes,38,0.8,193,2,214,1970,1686,0,yes,1
1000,0,no,1,15,no,58,1,135,5,461,833,862,0,no,0
841,0,no,6,9,no,11,0.3,81,5,125,675,957,1,no,0
865,0,no,5,15,yes,16,0.1,89,4,335,1009,3494,0,yes,3
999,0,yes,11,8,yes,56,1,165,4,342,1641,3083,1,yes,2
1232,0,no,12,16,no,30,0.9,131,6,625,761,1656,1,yes,1
1194,0,no,6,19,yes,34,0.2,165,2,494,509,313,1,no,0
612,1,yes,1,12,yes,20,0.8,179,8,1145,1487,3282,1,yes,3
1362,1,no,0,18,yes,47,0.5,186,6,600,1042,3629,1,yes,3
1469,0,yes,11,18,no,44,0.5,169,2,484,711,1687,1,yes,1
986,1,no,13,10,yes,28,0.8,182,4,199,679,1149,1,no,0
1843,0,no,1,11,yes,62,0.8,104,3,21,832,3899,0,yes,3
1561,0,yes,10,20,no,4,0.5,134,2,885,1811,1783,1,no,2
1695,1,yes,2,13,yes,47,0.5,189,5,308,1208,1629,1,no,1
667,0,yes,3,6,yes,8,0.8,185,1,1015,1947,2528,1,no,2
1768,1,no,0,11,yes,2,0.8,88,7,1303,1814,3256,1,no,3
1269,1,yes,16,3,yes,41,1,180,8,406,1036,2341,0,yes,2
1109,1,yes,6,2,no,57,0.9,151,1,124,833,2785,0,no,2
936,0,yes,14,2,yes,14,0.1,164,3,150,1677,3761,0,no,3
1713,1,no,9,18,yes,5,0.7,199,6,108,1963,1513,0,yes,1
1175,1,yes,1,10,yes,45,0.6,167,2,90,557,2240,1,no,1
1940,1,yes,0,14,yes,5,0.2,194,4,588,1809,820,1,yes,1
855,1,no,2,7,yes,59,0.5,159,2,1028,1196,1875,1,yes,1
771,1,yes,0,6,yes,33,0.1,157,3,776,1247,920,1,yes,0
645,0,no,10,9,yes,63,1,174,4,278,584,3615,0,yes,2
1307,0,no,2,8,yes,7,0.6,88,7,897,1103,1412,0,yes,1
1948,0,yes,4,7,yes,5,0.2,136,1,651,700,361,1,no,0
1509,0,yes,5,9,yes,50,0.3,81,4,1010,1684,1540,1,no,1
626,1,yes,3,20,yes,11,0.8,109,2,737,1759,1077,0,yes,0
1190,0,yes,0,3,yes,40,0.2,93,5,1399,1646,3610,0,yes,3
1727,1,yes,10,19,yes,57,0.3,158,6,376,1288,512,0,no,0
1670,1,no,14,10,no,62,0.5,114,8,1117,1330,3024,0,yes,3
1150,1,yes,4,15,yes,27,1,134,1,234,1947,1610,0,no,1
1208,0,no,5,12,no,16,1,175,1,691,1028,2201,0,no,1
1812,1,yes,4,15,yes,42,1,162,7,380,1550,3338,1,yes,3
770,1,yes,6,12,yes,61,0.2,196,4,603,1483,3473,0,yes,3
1559,1,yes,10,7,yes,10,0.3,114,8,117,681,2203,1,yes,1
1902,0,no,10,4,yes,13,0.2,155,4,766,877,940,1,no,1
1751,0,no,1,12,yes,4,0.6,146,8,1499,1952,1155,1,yes,1
1416,1,yes,0,6,yes,20,0.1,93,4,1175,1578,3872,0,yes,3
1288,0,yes,3,8,yes,61,0.2,115,6,988,1503,1882,0,yes,2
1003,1,no,16,14,no,16,0.6,119,8,190,1905,1798,0,no,1
1715,1,yes,1,19,yes,18,0.1,96,6,674,1375,2598,0,no,3
1967,0,no,0,19,yes,46,0.6,199,1,518,1374,1567,1,no,1
962,0,yes,14,3,no,2,0.9,125,1,1618,1916,1491,0,no,1
1487,0,no,5,4,yes,42,0.8,120,2,857,989,2003,0,no,2
1569,1,yes,4,8,yes,54,0.9,190,4,371,665,3905,0,no,3
1146,0,no,5,18,yes,57,0.4,111,5,73,583,291,1,yes,0
1379,1,no,6,10,yes,9,0.8,118,8,98,755,1693,0,yes,1
1504,0,yes,7,9,no,25,0.3,152,4,395,1853,1788,0,yes,1
1945,0,no,3,12,yes,26,0.7,112,6,1064,1540,3322,0,yes,3
1630,1,yes,0,15,yes,32,0.9,80,6,712,1726,1751,0,yes,2
1125,1,no,10,17,no,23,0.4,117,1,774,939,1641,1,no,1
614,1,no,4,8,yes,51,0.1,178,7,1012,1040,2854,0,yes,2
854,0,no,5,17,no,17,0.9,101,4,730,1148,3115,0,no,2
1470,1,yes,6,17,no,45,0.1,121,1,777,1090,3259,0,yes,3
1826,1,yes,5,15,yes,49,0.6,172,8,973,1633,1612,1,no,2
807,1,yes,0,15,no,37,0.2,127,4,245,829,2319,0,no,1
1996,1,yes,0,10,no,7,0.1,138,5,937,1083,1258,0,no,1
1083,1,no,3,14,no,41,0.7,158,5,937,1164,1543,0,yes,1
1035,0,yes,14,8,yes,49,0.3,178,2,574,1171,3991,0,no,3
1521,1,no,5,5,no,62,0.3,143,1,678,1630,3555,0,no,3
1314,1,yes,13,2,no,5,1,87,4,82,512,3411,0,no,3
535,0,no,5,3,yes,24,0.2,190,8,398,1775,524,0,no,0
673,1,no,13,10,yes,35,0.4,142,6,1096,1570,3541,0,yes,3
1219,0,yes,5,16,yes,4,0.3,169,6,1419,1698,1998,0,no,2
1606,1,yes,0,10,yes,33,0.9,200,5,157,770,3437,0,no,3
1603,1,yes,1,18,yes,17,0.5,114,2,430,1207,1637,0,yes,1
1958,0,no,6,6,yes,52,0.4,153,1,1524,1848,3064,0,no,3
695,0,no,18,14,yes,12,0.6,196,2,1649,1829,2855,1,yes,2
1441,0,yes,0,14,yes,53,0.5,106,1,254,954,1393,1,yes,1
1470,0,yes,4,9,no,33,0.4,138,7,1790,1988,1633,0,no,2
1890,0,no,4,17,yes,48,0.5,127,4,1438,1832,2392,0,yes,3
1152,1,yes,0,17,yes,26,0.3,82,2,1304,1673,3284,0,yes,3
1619,1,no,3,3,yes,20,0.9,117,6,813,1180,464,0,yes,0
1002,1,no,1,6,yes,45,0.7,180,7,948,1007,1234,1,no,0
742,1,no,0,16,yes,36,0.7,139,3,1161,1288,292,1,yes,0
1306,1,yes,2,14,yes,33,0.4,174,3,867,1258,2521,0,no,2
1424,1,yes,0,4,no,20,0.6,180,5,181,1199,2658,0,no,2
942,0,yes,8,6,yes,27,0.5,91,4,754,1532,587,1,yes,0
1934,1,no,8,10,yes,2,0.1,118,4,242,1127,2190,0,yes,2
1290,1,yes,19,15,yes,35,0.3,110,4,405,742,879,0,no,0
930,0,yes,0,20,no,54,0.9,80,1,1569,1763,1743,1,no,2
1699,1,no,16,6,no,21,0.1,156,4,105,1099,1181,1,no,1
1849,1,no,1,6,no,29,0.5,181,7,978,1986,3330,0,yes,3
1922,0,no,15,15,yes,42,0.6,153,8,725,1882,3564,0,no,3
548,0,yes,0,17,no,56,0.4,146,4,657,1657,562,1,yes,0
916,1,no,0,16,yes,47,0.2,82,4,1147,1393,1659,1,no,1
1783,1,no,8,5,yes,14,0.6,183,8,910,1566,1816,0,yes,2
1083,1,yes,2,9,no,49,0.8,156,5,295,503,1338,1,yes,0
1698,0,no,10,12,yes,7,0.8,131,8,26,508,2992,1,no,2
1969,0,yes,5,5,yes,7,0.2,85,8,332,764,315,1,no,0
869,0,no,0,17,yes,2,0.6,197,7,519,533,3249,0,yes,2
1337,1,yes,0,14,yes,5,0.7,200,4,161,1029,3242,1,no,2
637,1,yes,2,2,yes,28,0.6,194,4,1080,1289,2725,0,no,2
833,1,yes,0,9,yes,27,0.3,145,4,649,1290,586,0,yes,0
1248,0,no,6,5,no,9,0.4,89,3,71,1686,2454,1,no,2
1174,1,no,7,17,yes,30,1,147,4,744,1244,804,1,yes,0
1831,1,no,3,14,yes,44,0.2,148,7,437,1113,2460,0,no,2
1002,0,yes,7,3,yes,27,0.1,146,1,115,1111,1295,0,yes,0
1010,1,yes,2,12,yes,8,0.9,139,5,547,957,2625,1,no,2
1117,1,yes,2,4,yes,21,0.1,177,2,495,1035,1999,0,yes,1
990,1,yes,3,13,yes,15,0.9,153,2,1466,1717,2698,0,no,2
1564,0,no,5,4,yes,26,0.1,129,6,117,1115,3742,1,no,3
1065,0,yes,0,17,no,21,0.1,158,5,760,1722,1193,0,yes,1
1982,0,no,12,3,no,24,0.1,129,7,764,1873,3511,1,yes,3
1607,0,yes,6,5,yes,20,1,192,2,776,1005,885,1,no,0
1066,0,yes,6,3,yes,5,0.5,167,5,53,1504,1044,0,no,0
681,0,yes,12,9,no,17,0.9,194,5,371,1702,2548,0,yes,2
1163,1,yes,0,6,no,19,0.9,132,2,728,818,2940,0,yes,2
1285,0,yes,4,18,no,11,0.8,199,5,1791,1896,3966,1,yes,3
753,1,no,11,7,yes,48,0.1,121,8,606,1316,3484,0,no,3
1779,1,yes,2,20,yes,5,0.8,90,1,1225,1717,1246,1,no,1
987,1,no,4,7,yes,52,0.5,83,3,419,736,2757,1,no,2
511,0,yes,15,19,yes,24,0.6,136,3,367,1264,2378,0,no,1
1044,0,no,4,13,yes,12,0.7,104,6,1230,1263,1794,1,yes,1
1855,0,no,5,15,yes,32,0.6,187,8,267,1161,3933,0,yes,3
946,1,no,9,19,yes,26,0.1,186,6,273,891,1637,0,yes,0
657,1,yes,2,12,yes,21,0.1,110,8,705,1905,783,1,no,0
1673,1,no,2,2,yes,42,0.5,182,5,214,679,3094,0,no,2
731,1,yes,0,18,yes,28,0.5,130,8,424,1032,1774,0,no,1
926,1,no,6,12,no,59,0.8,161,7,84,793,256,0,yes,0
1261,0,no,3,4,yes,52,0.3,86,2,605,1429,1365,0,yes,1
618,0,no,11,8,yes,45,0.2,188,3,1175,1586,2339,1,no,2
936,1,no,5,20,yes,57,0.2,129,2,657,938,2049,1,no,1
1485,1,yes,0,5,yes,28,0.8,158,5,371,1023,3241,1,no,3
1339,1,yes,10,16,yes,21,0.5,80,4,833,1441,867,1,no,0
508,1,no,1,6,yes,50,0.7,82,5,102,1195,2175,0,yes,1
1938,1,yes,5,11,yes,44,0.5,121,2,1299,1935,3497,1,no,3
995,0,yes,1,17,yes,10,0.1,104,4,258,1889,609,0,yes,0
1086,1,yes,0,14,no,43,0.2,111,6,56,1150,3285,1,no,2
1322,0,yes,1,9,yes,35,0.1,157,1,443,708,3684,0,no,3
1864,0,yes,2,9,yes,57,0.1,181,6,1279,1793,3586,0,yes,3
1944,1,no,1,12,yes,26,0.5,92,4,313,712,2322,0,yes,2
581,0,no,5,9,no,56,0.2,180,2,523,565,354,1,yes,0
1020,1,yes,3,8,yes,27,0.7,128,4,919,1482,3204,0,yes,3
1936,0,no,2,5,yes,44,0.1,139,3,570,1021,1400,0,yes,1
1329,1,no,5,2,no,23,0.6,198,8,380,682,2308,1,no,1
808,1,yes,3,13,yes,46,0.5,105,8,119,529,1082,0,yes,0
994,0,yes,4,18,no,40,0.9,164,2,296,839,3104,0,no,2
1811,1,no,3,5,yes,22,0.2,82,2,358,614,2847,0,yes,2
765,1,no,3,20,yes,44,0.3,88,8,1364,1851,2256,1,yes,2
993,1,yes,0,20,yes,16,0.4,106,7,424,1639,1113,0,yes,0
1136,1,no,15,16,no,32,0.5,150,6,961,1030,3210,1,yes,3
719,1,yes,0,13,no,23,0.4,113,6,431,1727,3990,1,yes,3
733,1,yes,0,11,yes,63,0.3,105,7,950,1739,984,0,yes,0
1946,0,yes,8,13,yes,8,0.3,123,8,647,1849,3117,0,no,3
1230,1,no,0,8,yes,48,0.7,111,7,1960,1963,1622,1,yes,2
1577,0,yes,0,9,yes,64,0.1,105,3,116,1432,2967,1,yes,3
1514,1,no,3,20,yes,12,0.6,138,3,306,538,1037,0,yes,0
579,1,no,3,2,yes,7,1,89,8,808,1517,2908,0,yes,2
574,1,no,1,9,yes,30,0.9,126,2,94,1334,1167,0,no,0
1072,1,yes,6,17,yes,19,0.4,114,8,380,877,2715,1,no,2
843,0,yes,1,5,yes,16,0.9,119,7,593,732,1734,0,yes,1
1492,1,no,5,9,yes,11,0.9,85,3,1684,1746,2259,1,yes,3
1807,1,no,0,3,yes,16,0.2,125,3,1221,1415,2921,1,no,3
909,1,yes,7,15,yes,47,0.1,146,3,410,1643,1244,1,no,0
1876,0,yes,9,17,yes,64,1,98,3,600,1211,3132,1,yes,3
1436,1,yes,3,2,yes,23,0.3,106,5,189,1411,2488,0,no,2
1251,0,yes,10,5,yes,29,0.7,133,6,308,591,1052,0,no,0
636,0,no,8,3,no,28,0.9,152,2,148,742,2927,0,no,2
1354,1,yes,3,8,yes,26,0.5,136,4,297,918,2090,1,no,1
930,1,yes,3,12,yes,34,0.5,190,4,1050,1726,2131,0,yes,2
1830,1,no,7,16,yes,47,0.3,117,1,1191,1882,3362,0,no,3
1424,0,yes,16,9,yes,23,0.6,80,4,1399,1663,1053,1,yes,1
583,1,yes,1,7,yes,51,0.9,88,8,1658,1794,1799,1,no,1
648,1,yes,9,14,no,54,0.4,109,5,1153,1817,3124,0,no,3
1203,1,yes,0,18,no,11,0.9,109,2,35,510,1672,1,no,0
1777,0,yes,0,7,yes,15,0.2,100,4,553,874,1552,1,no,1
1299,1,yes,0,5,yes,64,0.5,83,6,46,908,1938,0,yes,1
1494,0,no,2,12,yes,47,0.4,129,2,207,1177,3202,0,no,3
527,0,yes,4,8,yes,53,0.9,128,1,67,1924,1302,0,no,0
793,1,yes,1,15,yes,64,0.4,179,4,818,1006,2296,1,no,1
873,1,yes,6,13,yes,8,0.6,152,7,1257,1411,575,0,yes,0
722,0,no,12,20,yes,12,1,93,6,138,1371,2359,0,no,1
1250,1,no,14,2,yes,20,0.4,167,5,11,1020,3314,1,yes,2
1358,0,no,0,11,yes,60,0.6,147,3,889,1635,440,0,no,0
1035,1,yes,8,20,yes,11,1,173,6,831,1709,2002,1,no,1
1289,0,yes,3,4,yes,16,0.9,161,6,713,1854,3167,1,no,3
1445,0,yes,2,18,no,37,0.4,82,2,527,1393,3480,1,yes,3
1702,1,yes,12,11,yes,47,0.6,107,2,1284,1643,595,0,yes,1
534,0,yes,4,7,no,2,0.2,85,5,911,1220,2466,1,yes,2
628,1,no,5,4,yes,60,0.2,87,6,1047,1534,1337,1,no,1
713,0,yes,4,18,yes,,0.8,98,1,123,1477,1462,0,yes,0
1207,0,no,0,9,yes,,0.3,112,8,406,681,503,1,no,0
683,1,no,7,15,no,,0.1,197,7,927,1135,2066,0,no,1
594,1,no,1,5,no,,0.1,196,5,407,528,708,1,yes,0
537,1,no,1,19,yes,,0.3,103,7,1041,1430,2029,1,yes,1
1565,1,no,0,19,no,,0.1,121,5,781,1364,308,1,yes,0
1052,0,no,1,7,yes,,0.8,195,4,1191,1839,552,0,yes,0
713,0,no,4,8,yes,,0.7,89,2,103,1760,2082,0,no,1
1766,1,yes,1,18,yes,16,0.6,141,5,125,1227,3314,0,yes,3
584,1,yes,1,8,no,19,0.4,199,4,919,1343,3996,1,yes,3
1541,1,yes,6,2,yes,5,0.5,109,4,536,1656,1795,1,yes,1
837,0,yes,1,4,yes,51,0.2,104,5,638,1831,594,0,yes,0
935,1,yes,3,5,no,58,0.1,155,5,639,1087,2473,0,yes,2
665,1,no,0,18,yes,31,0.1,185,5,496,1804,690,0,no,0
680,1,no,13,4,yes,34,0.4,157,2,686,1418,3845,1,yes,3
877,0,yes,0,11,no,17,0.1,195,7,1064,1985,2004,1,yes,1
1493,0,yes,13,10,yes,53,0.5,102,5,240,1414,2083,1,yes,2
1762,0,no,3,17,yes,26,0.1,83,6,525,704,2661,1,no,2
842,1,yes,4,20,yes,57,1,124,3,348,730,1903,1,no,1
925,1,no,9,10,no,56,0.2,196,1,1262,1520,2466,0,no,2
1692,0,no,4,5,yes,2,0.9,106,1,1899,1904,3779,1,yes,3
1576,1,no,8,2,yes,5,0.7,139,3,258,789,3904,1,yes,3
1065,0,yes,4,14,yes,48,0.3,162,6,1188,1948,265,0,no,0
958,1,no,9,2,yes,60,0.4,200,,730,751,1417,0,yes,0
623,1,no,6,4,yes,26,0.3,197,,484,1238,1769,0,no,1
897,0,yes,1,16,yes,17,0.4,171,,547,1852,2948,0,yes,2
1110,0,no,4,19,no,41,0.1,152,,800,1455,2572,0,yes,2
616,1,no,3,18,yes,21,0.8,150,,347,513,3267,0,no,2
1680,1,yes,6,4,yes,37,0.7,168,,679,1231,1459,1,no,1
1715,0,no,0,16,yes,12,0.3,94,,1224,1676,1633,1,yes,2
983,0,yes,0,7,yes,45,0.1,130,,948,1205,2052,0,yes,1
720,1,yes,12,4,yes,14,0.8,165,4,366,1234,1086,1,no,0
1660,0,no,2,12,yes,24,0.8,169,2,223,1777,2402,1,yes,2
1564,0,yes,1,13,no,42,0.7,108,2,1619,1962,3376,1,no,3
