battery_power,bluetooth,dual_sim,front_cam,four_g,int_memory,m_dep,mobile_wt,n_cores,ram,touch_screen,price_range
842,0,0,1,0,7,0.6,188,2,2549,0,1
1021,1,1,0,1,53,0.7,136,3,2631,1,2
563,1,1,2,1,41,0.9,145,5,2603,1,2
615,1,0,0,0,10,0.8,131,6,2769,0,2
1821,1,0,13,1,44,0.6,141,2,1411,1,1
1859,0,1,3,0,22,0.7,164,1,1067,0,1
1821,0,0,4,1,10,0.8,139,8,3220,0,3
1954,0,1,0,0,24,0.8,187,4,700,1,0
1445,1,0,0,0,53,0.7,174,7,1099,0,0
509,1,1,2,1,9,0.1,93,5,513,0,0
769,1,1,0,0,9,0.1,182,5,3946,0,3
1520,1,0,5,1,33,0.5,177,8,3826,1,3
1815,0,0,2,0,33,0.6,159,4,1482,0,1
803,1,0,7,0,17,1,198,4,2680,0,2
1866,0,0,13,1,52,0.7,185,1,373,0,0
775,0,0,3,0,46,0.7,159,2,568,1,0
838,0,0,1,1,13,0.1,196,8,3554,0,3
595,0,1,7,1,23,0.1,121,3,3752,1,3
1131,1,1,11,0,49,0.6,101,5,1835,1,1
682,1,0,4,0,19,1,121,4,2337,1,1
772,0,1,12,0,39,0.8,81,7,2819,1,3
1709,1,0,1,0,13,1,156,2,3283,0,3
1949,0,1,4,0,47,0.3,199,4,1433,0,1
1602,1,1,4,1,38,0.7,114,3,1037,0,0
503,0,1,5,1,8,0.4,111,3,2583,0,1
961,1,1,0,1,57,0.6,114,8,2782,1,2
519,1,1,7,1,51,0.3,132,4,3763,0,3
956,0,0,1,1,41,1,143,7,3286,1,3
1453,0,1,12,1,52,0.3,96,2,2373,1,2
851,0,0,3,0,21,0.4,200,5,478,0,0
1579,1,1,0,0,5,0.2,88,7,3532,0,3
1568,1,0,16,0,33,1,150,8,508,1,0
1319,1,0,3,1,41,0.9,107,1,2227,1,1
1310,1,1,0,1,51,0.6,100,4,3845,1,3
644,1,0,0,0,22,0.7,157,8,1262,0,0
725,0,1,16,0,60,0.4,160,8,1326,0,1
589,1,1,1,0,61,0.6,160,4,2113,0,1
1725,1,1,6,1,6,0.5,119,2,3429,1,3
790,0,1,16,1,11,0.3,87,6,3169,0,2
560,0,1,15,0,50,0.3,159,2,2150,1,2
1347,0,0,5,0,44,0.6,132,1,2484,0,2
1646,1,0,8,1,41,0.2,185,2,3339,1,3
1253,1,1,5,1,5,0.2,152,2,1878,1,1
1656,0,0,5,1,34,0.1,166,3,1629,1,1
1195,1,0,1,1,20,0.8,110,2,504,1,0
1514,0,0,0,0,27,0.2,118,3,1152,1,1
1723,1,1,1,0,42,1,164,8,3587,0,3
,1,1,3,1,40,0.8,196,7,2296,0,1
,1,1,2,1,57,0.2,162,8,1270,0,0
,0,1,9,0,64,0.8,111,8,3238,0,3
,1,1,2,1,14,0.7,198,3,2059,0,2
,0,1,5,0,63,0.8,127,8,2053,1,2
,1,1,0,1,43,0.3,109,2,3112,1,3
1457,0,1,1,1,16,0.3,102,3,1440,0,1
1073,1,1,0,0,51,0.5,145,7,2908,1,2
1936,0,1,10,1,46,0.6,104,3,2552,0,2
823,1,1,13,0,60,0.5,148,8,905,1,0
987,0,1,0,1,61,0.4,107,3,3963,0,3
1757,0,0,8,0,49,0.5,180,6,2056,0,1
1063,0,1,2,1,48,1,128,5,2910,1,2
1484,0,0,3,0,12,0.6,134,3,1457,1,1
799,1,0,1,1,63,0.8,144,8,431,1,0
1156,1,1,0,1,50,0.8,159,2,470,1,0
1720,0,0,15,1,55,0.5,168,2,2148,1,2
702,0,1,2,1,9,0.7,141,3,2955,0,2
616,0,1,13,1,44,0.8,81,3,3366,1,3
1358,1,0,11,1,36,0.3,155,4,3068,1,3
1866,0,0,0,0,30,0.5,182,3,3834,0,3
1242,0,1,0,0,10,0.6,165,2,1050,0,0
1166,0,1,0,1,43,0.8,80,4,3993,1,3
1448,1,1,6,1,45,0.8,138,7,3378,1,3
1407,1,0,1,1,22,0.7,104,4,2192,0,2
605,0,0,8,1,9,0.1,142,3,392,0,0
1038,0,0,3,0,43,0.7,141,1,3709,1,3
797,1,1,4,0,38,0.5,90,4,590,1,0
819,0,1,8,1,42,0.9,188,6,1814,0,1
1114,0,0,4,1,9,0.4,197,3,907,1,0
1234,1,1,1,0,33,0.6,172,1,1449,0,0
1199,1,1,15,1,16,0.2,116,4,3448,0,3
1103,0,1,6,0,29,0.7,111,6,1837,1,1
1589,1,1,0,1,58,0.9,85,7,3464,1,3
999,0,1,11,1,64,0.2,199,4,2593,1,2
1510,1,1,2,0,45,0.9,180,5,3484,1,3
1008,0,0,11,0,61,1,114,3,2009,0,1
1127,1,1,5,1,57,0.8,163,1,2048,1,1
1412,1,0,5,0,25,0.8,96,8,837,0,1
1496,1,1,4,0,42,0.5,182,5,854,1,0
1083,1,1,1,1,64,0.8,178,3,3210,0,3
668,0,1,0,0,3,0.1,155,5,2746,1,2
1309,0,1,0,0,33,0.5,100,4,2334,0,2
1724,0,1,2,1,57,0.5,177,3,2822,1,3
1977,1,1,7,1,54,1,171,7,1971,1,2
885,0,1,0,1,15,0.4,103,7,1410,1,0
879,1,0,11,1,14,0.7,83,6,349,0,0
1322,0,1,6,0,7,0.8,140,3,1418,1,1
1137,1,0,18,0,7,1,196,3,3616,1,3
1355,0,0,10,1,23,0.2,132,5,880,1,0
1665,1,0,3,1,60,0.2,194,6,1601,0,2
657,0,0,0,0,37,0.7,141,2,1412,1,0
593,0,0,6,0,31,0.4,156,7,1692,0,1
1883,1,0,3,1,10,0.3,146,6,2600,0,3
1732,1,0,4,1,12,0.8,119,8,1308,0,1
543,0,0,0,0,57,0.7,192,5,2413,0,1
1939,1,1,0,1,55,0.6,199,4,1047,1,0
553,0,1,1,1,8,0.5,121,7,1204,1,0
832,0,1,2,1,39,0.7,103,4,1799,0,1
1661,0,1,5,0,23,1,172,5,2676,1,3
1657,1,0,3,0,42,0.1,198,5,2597,0,3
1135,1,1,0,0,46,0.3,83,1,3029,1,3
1775,1,0,3,0,41,0.1,163,1,2343,1,3
783,0,1,0,1,43,1,106,3,2016,1,1
617,1,0,0,0,32,0.5,199,7,2213,0,1
867,0,1,0,1,4,0.7,135,6,790,1,0
1310,1,1,13,0,7,1,194,5,3182,1,2
1804,0,0,9,1,22,0.6,153,7,3472,0,3
1900,1,0,1,1,18,0.2,89,7,2871,1,3
909,1,0,0,0,53,0.3,82,8,3187,0,2
1084,1,0,3,1,40,0.9,107,3,1945,1,1
1308,0,1,8,0,46,0.9,199,1,488,1,0
1778,0,0,0,0,15,0.5,102,3,1214,0,1
1701,1,1,3,0,10,0.3,194,8,2598,1,2
772,1,1,1,1,10,0.5,80,4,3242,1,3
825,1,1,7,0,52,0.9,130,3,3534,1,3
1379,0,0,5,1,36,0.8,200,2,3426,1,3
1166,0,0,3,1,25,0.8,198,5,2488,0,2
1659,0,0,5,0,16,0.6,89,1,3255,0,3
826,1,1,0,1,58,0.3,88,4,2863,0,2
1564,0,0,4,1,25,0.5,189,6,1496,1,1
1957,0,1,11,0,31,0.6,181,3,3801,0,3
1571,0,0,0,1,19,0.1,100,6,666,1,0
1414,0,1,2,0,54,0.8,99,7,3799,0,3
1790,0,1,9,0,2,0.1,184,1,1366,1,1
645,0,0,1,0,41,1,197,7,2962,1,2
668,0,1,7,0,30,0.2,195,8,2399,1,1
1652,1,1,1,0,36,0.7,89,4,2338,0,2
1213,1,0,0,0,16,0.5,108,5,2700,0,2
1272,1,1,0,0,22,0.9,133,6,2235,0,1
866,0,1,5,1,46,0.5,179,8,3825,1,3
536,0,1,12,1,3,0.3,182,7,284,1,0
523,0,1,1,0,14,0.1,155,8,1427,1,0
1753,0,1,0,1,31,0.1,134,1,1324,0,2
1218,0,1,1,1,14,0.5,147,3,398,0,0
1537,1,0,4,1,43,0.3,137,1,3685,1,3
786,0,1,0,0,33,0.5,141,7,2390,0,2
1678,0,0,3,1,64,0.9,134,3,278,1,0
1814,0,1,1,1,9,0.4,141,2,3556,0,3
1101,0,0,0,0,31,0.2,148,2,2196,1,1
1461,0,1,3,1,40,0.5,141,7,3799,0,3
1216,0,0,4,0,47,0.4,199,3,2268,1,2
506,0,0,6,1,41,0.8,159,1,2965,0,2
843,1,0,1,1,56,0.1,147,5,2341,1,1
742,0,1,4,0,56,0.2,190,7,3557,1,3
1692,1,0,3,1,61,0.9,176,6,1354,0,1
1485,0,0,2,1,32,0.7,84,2,2147,1,2
1547,0,1,6,0,45,0.7,166,2,505,1,0
1692,0,1,4,1,46,0.9,139,1,1394,1,1
637,0,0,3,1,60,0.8,97,4,374,0,0
1224,0,0,16,1,6,0.4,109,6,506,1,0
1356,0,0,0,0,29,0.5,198,6,3702,0,3
1840,0,1,12,0,34,0.7,142,1,1078,0,1
1481,1,1,4,1,37,0.6,96,5,2945,1,2
961,1,1,10,0,51,0.3,152,6,2981,1,2
1296,0,1,0,1,14,0.5,124,5,490,1,0
1193,0,0,11,0,26,0.5,166,1,536,0,0
1441,0,1,11,1,3,0.1,118,8,2317,0,2
517,0,1,3,1,33,0.8,183,4,3704,0,3
748,1,0,0,1,27,0.9,150,8,2126,0,1
1126,1,0,2,1,10,0.4,160,6,2050,1,2
1572,0,0,0,1,58,0.2,157,7,2462,0,3
1569,0,1,17,0,44,0.3,110,4,1260,0,1
1270,1,1,2,1,32,0.5,101,7,3770,1,3
1854,0,0,2,1,8,0.1,101,5,1886,1,1
625,1,1,5,1,10,0.2,183,4,3323,1,2
1577,0,1,0,1,42,0.3,197,5,2060,0,2
534,0,1,0,1,16,1,189,5,3926,0,3
946,0,1,8,1,25,0.8,143,6,2177,1,2
685,0,0,2,0,29,0.8,93,7,728,0,0
1949,0,1,0,0,23,0.1,101,5,2478,0,3
947,0,1,0,1,22,0.1,197,2,2842,0,2
801,1,1,2,0,63,0.4,165,7,1617,0,1
703,1,0,12,1,30,0.3,113,1,1472,0,0
1165,1,0,11,0,41,0.2,178,6,764,0,0
1082,0,0,0,0,38,0.1,198,8,2337,1,2
959,1,1,15,0,20,1,84,4,3965,0,3
1502,1,0,0,0,54,0.2,138,5,3693,1,3
1380,1,1,1,1,4,0.8,92,3,797,1,0
1266,0,0,0,1,5,0.1,95,6,1687,0,2
1934,1,1,0,1,46,0.1,103,1,2940,1,3
1905,1,0,3,1,6,0.5,151,1,1545,1,1
1831,0,1,2,0,43,0.9,150,5,3834,1,3
596,0,0,8,0,46,0.6,165,1,2505,1,1
1562,1,1,1,1,7,0.2,190,5,2243,0,2
1490,1,1,4,1,64,0.3,150,8,3600,1,3
1523,1,0,5,1,57,0.2,117,2,3971,1,3
640,0,0,0,0,20,0.1,163,4,2844,1,2
1526,0,0,1,1,23,0.2,117,7,2227,1,2
1989,0,1,0,1,41,0.8,94,3,1665,1,2
1308,0,0,0,1,61,0.7,106,3,3355,0,3
609,0,0,3,0,26,0.3,93,4,1866,1,1
1905,0,1,9,1,36,0.4,119,3,1287,0,1
1703,1,0,0,1,22,0.6,192,1,1046,0,0
1445,1,1,7,1,20,0.4,173,7,1441,1,1
1087,0,0,0,1,16,0.3,166,3,690,0,0
671,0,1,10,0,30,0.7,105,7,2504,0,2
1472,1,0,6,0,61,0.1,168,6,2677,0,2
765,0,1,0,1,47,0.3,115,8,2243,0,2
1642,0,1,16,1,8,0.3,171,6,2984,0,2
1265,0,0,7,0,49,0.7,182,5,1362,0,1
664,1,1,1,1,51,0.1,110,7,3629,1,3
1277,1,1,0,1,35,0.4,142,6,3559,1,3
1395,0,1,0,0,23,0.1,111,3,2571,0,2
1539,1,0,0,0,41,0.1,159,8,2107,0,2
1049,1,0,9,0,63,0.5,135,5,1022,0,0
1827,0,0,4,1,39,0.5,128,5,2844,1,2
903,0,1,0,1,50,0.4,91,1,711,1,0
1987,1,0,3,1,53,1,181,3,3117,1,3
1154,0,1,0,1,49,0.2,181,8,978,0,0
1336,0,0,5,1,17,0.2,194,5,1869,1,1
1886,0,0,0,1,24,0.4,112,3,1179,0,1
1551,0,0,4,0,51,0.1,88,5,3844,1,3
850,1,1,6,1,29,0.5,133,5,593,0,0
660,0,0,5,1,40,0.5,111,2,588,1,0
1225,1,1,8,0,13,0.5,116,4,3836,0,3
1452,1,1,1,1,25,0.9,123,6,2669,0,2
1686,1,1,3,0,38,0.1,166,4,2958,0,3
1634,1,0,1,1,17,0.2,200,2,3031,1,3
1708,1,1,18,1,49,0.1,109,1,3388,1,3
1151,1,1,0,0,31,0.6,128,8,2377,1,2
1578,0,1,2,1,37,0.1,138,4,2458,0,2
1689,0,0,17,0,24,0.3,127,3,2766,1,3
1488,0,0,1,0,39,0.8,112,5,3054,0,3
1313,1,1,4,0,9,0.4,105,1,3791,1,3
1715,0,1,4,1,31,0.5,83,8,625,0,0
1442,0,1,0,0,27,0.1,192,3,2227,1,1
528,0,0,12,1,6,0.8,142,2,3256,1,2
1523,1,0,6,1,11,0.1,129,1,707,1,0
1133,0,0,3,0,42,0.1,199,5,1457,0,1
1718,1,1,14,1,6,0.1,183,5,3755,1,3
1330,0,0,0,0,38,1,183,7,1733,0,1
1799,1,0,0,0,49,0.4,107,4,720,1,0
633,1,0,0,1,49,0.1,139,8,3560,1,2
724,0,1,0,0,44,0.5,187,7,2311,0,2
822,1,0,0,1,51,0.3,157,6,3846,0,3
1918,0,0,2,0,10,0.6,110,5,1717,1,2
1891,0,0,7,1,37,0.4,129,7,3704,0,3
1373,1,1,2,0,50,0.2,127,7,3800,0,3
862,1,1,3,0,23,0.4,165,2,278,0,0
1273,0,0,3,1,48,0.4,99,4,1767,1,1
957,1,0,4,0,7,0.8,107,5,1846,0,1
1617,1,1,3,1,30,0.7,105,2,829,0,0
893,0,1,0,0,55,0.6,183,2,2986,1,2
1210,0,0,0,0,63,0.1,93,5,2394,0,2
708,1,1,0,1,63,1,195,8,2169,1,1
835,0,1,2,0,7,0.2,101,4,1181,1,0
1450,1,1,9,0,19,0.6,131,1,575,0,0
973,1,0,5,1,57,0.2,190,7,2977,0,2
601,1,0,4,1,4,0.1,154,4,532,1,0
507,1,1,1,0,32,0.5,141,7,1702,1,1
564,0,1,0,1,51,0.5,168,3,1074,1,0
1559,1,1,6,1,6,0.5,162,6,3352,1,3
754,0,1,7,1,59,0.7,178,7,1027,0,1
728,0,1,0,0,25,0.2,88,4,2039,1,1
1431,1,0,0,1,56,0.6,191,1,461,0,0
767,0,0,4,0,28,0.7,175,4,527,1,0
1722,0,0,8,0,18,0.8,177,2,3271,0,3
1992,1,0,5,1,57,1,100,2,606,1,1
1876,0,0,10,1,40,0.3,86,6,2513,1,3
1054,0,1,10,1,38,0.4,136,6,1675,1,1
1283,1,1,4,0,47,0.9,93,5,2698,1,2
1281,1,1,0,0,28,0.3,148,1,1129,1,1
1066,0,0,2,1,7,0.9,114,7,468,1,0
730,0,1,0,1,4,0.1,89,8,1210,1,0
1053,1,1,7,1,45,0.3,103,1,3086,1,3
1611,1,1,11,0,3,0.6,98,3,1595,0,1
793,0,1,5,1,30,0.9,133,2,2332,1,2
1220,0,0,3,0,62,0.5,125,4,2589,1,2
1662,0,0,0,1,61,0.8,126,4,3760,1,3
1281,1,1,3,1,8,0.3,144,4,1851,1,1
538,0,0,12,1,2,0.8,177,7,417,0,0
823,1,0,0,0,39,0.4,187,8,294,0,0
1733,1,0,3,1,36,1,119,6,3576,0,3
1429,0,1,0,1,40,0.9,100,3,3945,0,3
1839,1,0,9,1,54,0.5,200,7,927,0,1
659,0,0,6,1,6,0.5,110,3,2044,0,1
1953,1,1,7,0,56,0.1,158,8,2334,0,2
1172,0,0,0,1,27,0.7,164,1,1477,0,1
612,1,1,6,0,16,0.3,102,7,3161,0,3
1563,0,0,0,1,24,0.2,170,8,3660,1,3
1191,0,1,16,1,26,0.8,84,1,1604,0,1
615,1,1,0,0,42,0.6,163,6,2211,0,1
1893,1,1,8,0,63,0.2,134,2,3822,1,3
1563,0,1,10,0,16,0.1,151,7,3922,0,3
1995,1,0,6,0,9,0.8,139,6,1203,1,2
1517,0,0,6,1,48,0.6,143,5,2822,1,3
832,0,1,1,1,34,0.3,108,5,447,1,0
1162,0,0,0,1,56,0.7,114,7,1652,0,1
1595,1,0,7,0,12,0.3,121,8,3608,1,3
1329,1,0,1,0,52,0.9,181,6,1228,0,1
928,1,1,11,0,56,0.7,80,8,666,1,0
1656,1,1,8,1,38,0.1,105,7,1499,0,1
1937,1,0,17,0,58,0.6,189,1,3321,1,3
977,1,1,2,0,57,0.6,181,6,1206,1,0
768,1,0,16,1,56,0.1,113,1,952,0,0
1464,1,1,11,0,12,0.9,117,2,3927,1,3
1177,0,0,1,1,29,0.4,191,2,311,0,0
1348,0,0,18,0,52,0.3,98,3,955,1,1
1956,0,0,0,1,37,0.5,87,3,1109,1,1
1751,0,1,6,0,8,0.6,178,6,2969,0,2
1530,0,0,11,0,42,0.8,177,6,725,0,0
1997,1,1,1,0,40,0.5,185,4,1655,0,2
1414,1,1,5,0,44,0.5,180,2,3490,1,3
1707,0,0,0,0,41,0.8,80,7,1774,0,2
894,0,1,1,1,50,0.5,199,3,3615,0,3
645,0,0,6,1,41,0.7,184,8,714,1,0
1163,0,1,0,0,49,0.6,155,2,2768,0,2
1126,0,0,3,0,49,0.9,165,8,3739,0,3
1648,0,0,6,1,64,0.8,170,4,610,1,1
1170,1,0,6,1,14,0.4,199,2,715,0,0
508,0,0,7,1,42,0.3,94,1,663,0,0
1097,0,1,6,0,64,0.2,161,3,1725,0,1
728,0,1,0,1,5,0.6,101,2,834,1,0
1980,0,1,2,1,29,0.8,177,1,3865,0,3
1504,0,1,1,0,64,0.9,182,1,3059,1,3
1379,1,1,14,1,63,1,83,1,651,1,0
1698,0,0,5,1,18,0.9,160,6,796,0,0
920,0,1,5,0,25,0.4,115,7,785,1,0
1144,1,1,0,0,21,0.4,189,1,3252,0,2
1995,1,0,6,0,26,0.2,129,1,1322,1,1
1430,0,1,1,0,27,0.5,183,1,2832,1,2
972,1,1,5,0,13,0.4,193,5,1615,1,1
662,0,0,5,0,20,0.8,138,1,2125,1,1
1867,0,0,0,1,9,0.1,191,6,990,0,1
1730,0,1,0,1,20,0.1,143,4,1595,1,1
1723,1,0,1,1,7,0.6,126,3,1213,1,1
1882,1,1,8,0,47,0.2,140,2,2500,0,2
803,0,1,0,0,18,0.3,106,4,2801,1,2
580,1,1,0,0,47,0.9,91,3,3451,1,3
668,0,0,2,1,48,0.3,114,1,1201,1,0
1391,0,0,2,1,36,0.8,182,1,3139,1,2
1560,0,0,0,1,22,0.8,169,7,1938,1,2
821,0,1,5,0,54,0.1,109,3,3185,0,2
811,1,1,5,1,2,0.3,106,6,2111,0,1
1989,1,1,8,0,17,0.1,193,8,2369,1,2
1034,1,1,6,0,37,0.7,120,7,3625,1,3
618,0,0,2,0,6,0.3,86,1,1051,0,0
654,1,0,0,1,52,0.7,196,4,1036,0,1
576,1,0,2,1,10,0.2,184,5,2938,1,2
667,1,0,6,1,3,0.7,185,6,2855,0,2
869,1,0,7,1,57,0.6,118,1,2727,0,2
635,1,1,2,0,42,0.4,149,3,2973,0,2
609,1,0,15,1,44,0.3,117,1,2581,0,1
1557,0,1,16,0,2,0.1,123,5,2690,0,3
1604,1,0,2,0,33,1,191,8,916,1,0
1182,0,0,7,1,8,0.5,138,8,2563,0,2
848,1,1,10,1,19,0.8,148,7,3359,0,2
1610,1,0,7,1,64,0.9,181,4,941,1,1
1828,1,1,0,0,17,0.9,199,1,2280,0,2
880,0,1,1,1,50,0.5,194,7,827,0,0
1394,1,1,10,1,62,0.3,175,5,473,1,0
1960,1,1,1,1,61,0.3,86,7,3865,0,3
809,0,0,10,0,21,0.9,91,7,1274,0,1
899,0,1,13,1,57,0.9,172,2,364,1,0
1976,1,1,4,0,32,0.8,171,2,3699,1,3
879,0,1,0,1,21,0.8,187,4,2927,0,2
916,1,0,0,0,36,0.3,195,4,1470,1,0
763,0,1,8,1,2,0.5,92,8,1050,1,0
508,0,1,0,0,9,0.4,162,6,2616,1,2
825,0,1,0,0,34,0.8,99,8,2915,1,3
1864,0,0,8,1,46,0.7,178,1,2686,1,2
1725,0,1,8,1,52,1,185,6,1243,1,1
1108,1,0,10,0,52,0.1,183,2,3264,1,3
1011,0,0,4,1,36,0.2,131,7,2261,1,1
1703,1,1,17,1,55,0.7,138,5,2993,1,3
1067,1,1,0,0,58,0.5,135,7,706,1,0
1334,1,0,5,1,42,0.6,115,5,2542,0,3
775,1,0,0,0,30,0.4,189,7,2523,0,2
1899,1,0,0,0,26,0.1,151,2,336,0,0
930,1,1,1,1,14,0.4,97,6,2457,1,1
1058,0,0,2,0,19,0.4,166,4,418,0,0
1187,1,0,0,1,46,0.4,145,2,3917,0,3
1874,1,1,10,0,8,0.9,166,7,1246,0,1
1482,0,0,2,0,48,0.2,142,7,2971,1,2
1809,1,0,3,1,59,0.1,174,3,2324,0,2
864,1,1,0,1,54,0.7,187,2,3121,1,2
625,1,0,12,1,33,0.2,191,1,3801,0,2
1880,1,0,4,1,18,0.7,138,3,3333,0,3
1138,0,0,12,1,44,0.2,187,8,3475,0,3
560,0,0,14,0,23,1,146,8,2360,1,1
1117,0,0,1,0,12,0.6,144,7,2895,1,2
1712,0,0,1,0,63,0.5,137,7,3652,0,3
1836,1,1,3,0,26,0.1,134,6,3097,1,3
1036,1,0,0,0,39,0.2,119,7,2101,1,1
1860,1,0,15,0,23,0.6,162,4,3918,1,3
1375,1,0,3,1,9,0.9,145,7,3869,1,3
1945,0,1,0,1,57,0.3,195,4,732,1,1
1896,0,1,8,1,7,0.4,141,2,3684,0,3
788,0,1,4,1,57,0.9,91,8,3969,1,3
880,1,1,0,0,33,0.7,173,2,1414,1,0
1323,1,1,10,1,28,0.2,131,4,1892,1,1
1868,0,1,0,1,42,0.2,169,1,3131,1,3
1266,0,1,0,1,7,0.2,184,3,2532,1,2
1042,0,1,16,1,50,0.8,93,7,3215,1,3
1479,0,0,8,0,19,0.6,156,3,3323,0,3
1476,1,1,0,1,55,0.1,171,4,1529,0,2
1552,1,0,6,1,13,0.2,123,6,2403,1,2
1454,1,1,1,0,34,0.7,83,4,3419,1,3
1007,0,0,0,0,45,0.1,95,5,3648,0,3
652,1,1,9,1,17,0.7,173,5,1974,0,0
1504,0,0,12,1,34,0.7,142,8,2806,0,2
1726,1,1,2,0,51,0.6,193,4,2239,0,2
1029,1,1,5,1,5,0.2,171,5,582,1,0
1582,0,0,2,1,44,0.5,112,6,3890,1,3
1478,1,1,12,0,48,0.7,99,5,1141,0,1
1178,1,0,0,0,49,0.6,101,5,2511,0,2
707,0,1,2,0,25,0.8,131,3,3838,0,3
755,1,0,5,1,51,0.3,186,4,2734,0,2
912,1,0,1,0,54,0.3,161,8,2330,1,1
651,1,1,2,1,63,0.2,176,5,2244,1,1
1483,0,0,1,1,54,0.2,176,7,1851,1,1
914,1,0,2,0,4,0.8,100,2,808,1,0
1456,1,1,7,0,7,0.4,105,5,1587,0,1
1178,0,1,6,0,57,0.3,84,3,2492,1,2
1503,1,0,10,1,43,0.2,166,4,2122,0,2
1681,1,0,2,0,11,0.4,158,2,1122,1,0
715,0,1,4,0,48,0.1,160,4,3709,0,2
1876,0,1,3,1,56,0.4,182,3,3021,0,2
1190,1,1,9,0,47,0.3,186,6,624,1,0
1755,1,0,0,1,24,0.1,134,7,3937,0,3
1197,0,0,3,1,20,0.5,149,6,1797,1,1
1048,1,0,10,1,28,0.8,194,2,1458,0,1
1887,1,1,6,1,17,0.2,126,8,3348,1,3
1772,1,1,3,0,64,0.7,116,8,1834,1,1
1421,0,0,0,1,57,0.4,165,1,2775,0,3
1464,0,1,0,1,17,0.7,153,6,1277,0,1
728,0,1,4,0,23,0.8,111,4,457,1,0
954,1,0,0,0,50,0.3,134,2,438,0,0
685,0,1,8,1,13,0.8,82,7,3210,1,3
1472,0,1,1,0,36,0.5,130,6,985,1,1
853,1,0,10,1,3,0.6,200,2,3701,1,3
1469,0,0,0,0,8,0.7,123,7,1052,1,0
1310,1,1,6,0,57,0.9,135,8,1175,0,0
1654,0,0,1,0,11,0.3,146,7,1070,1,1
902,1,0,3,0,3,0.3,134,7,3411,0,3
1448,0,1,13,0,26,1,156,3,1175,1,1
1631,0,1,2,1,3,0.1,198,7,301,0,0
1608,0,1,7,0,28,0.4,183,2,489,0,0
1991,1,0,5,1,64,0.9,145,2,1733,1,2
1349,0,1,15,0,62,0.3,114,5,2756,0,2
1589,0,0,5,1,51,0.8,195,1,2612,0,2
1844,1,1,1,0,51,0.7,158,8,1724,1,1
712,1,1,3,1,35,0.2,84,2,2190,1,1
972,1,0,0,1,54,0.7,107,3,1900,0,1
1406,0,1,2,1,34,0.8,98,3,3915,0,3
1289,0,0,10,1,25,1,178,6,1043,1,0
932,0,0,1,0,64,0.7,154,7,3817,1,3
1747,1,0,6,1,48,0.7,94,3,2362,1,2
1172,1,1,4,0,41,0.1,95,3,1107,0,1
1128,1,0,12,0,53,0.4,84,5,2982,1,3
664,0,1,0,0,28,0.9,106,5,2042,1,1
513,1,0,6,1,44,0.1,186,4,1343,1,0
1742,0,1,9,1,43,0.4,170,7,2610,0,2
1512,1,0,12,0,6,0.7,162,7,2335,1,2
1986,0,1,3,1,51,0.1,165,8,1614,1,1
965,1,1,5,0,13,1,109,2,1138,1,0
1067,1,1,3,1,40,0.6,122,8,604,0,0
1583,1,0,5,1,42,0.8,118,3,3652,0,3
1653,0,1,2,1,37,0.9,176,4,3955,1,3
1433,0,0,7,0,4,0.7,133,8,258,1,0
765,0,0,0,1,18,0.1,153,7,1066,1,0
1845,1,1,10,0,61,0.3,96,1,1731,0,1
752,0,1,1,0,48,0.7,87,7,3860,0,3
1948,0,1,8,0,16,0.1,100,5,3630,1,3
1077,0,1,0,1,45,1,174,3,1965,1,1
932,1,0,1,1,60,0.7,104,4,1459,1,0
1968,0,0,0,0,22,0.8,115,3,2323,0,2
1122,0,0,9,0,2,0.6,120,4,3291,1,2
1588,0,0,0,1,61,0.8,159,1,3272,1,3
601,0,0,4,0,26,0.3,101,4,918,0,0
1615,0,0,14,0,15,0.1,132,4,3488,0,3
1589,1,1,2,0,58,0.1,128,4,3961,0,3
1417,1,0,2,1,56,0.9,114,6,590,0,0
1697,1,0,1,1,34,0.1,95,1,3701,1,3
1330,1,1,14,0,3,0.3,83,5,463,0,0
1476,0,0,0,1,43,0.7,148,2,3644,0,3
1579,1,0,0,0,27,0.2,142,6,1713,1,1
1277,0,0,0,1,41,0.3,200,4,429,1,0
1089,1,1,12,1,2,0.7,145,5,2765,0,2
1663,1,1,13,1,27,0.3,169,4,2084,0,2
1949,0,0,0,0,20,0.8,186,5,1125,0,1
1138,0,0,5,1,48,0.6,109,3,2048,1,2
685,0,0,7,0,17,0.3,174,6,1223,0,0
1889,0,0,5,1,31,1,132,1,3672,1,3
857,1,1,3,0,17,0.2,195,7,3100,1,2
1902,0,1,6,0,50,0.8,124,8,343,1,0
1225,1,0,0,0,15,0.1,155,5,1970,1,1
1066,0,0,5,0,39,0.6,131,5,2728,1,2
1554,1,1,11,0,5,1,124,3,3635,0,3
1337,0,0,13,0,31,0.8,186,2,2180,0,1
1926,1,1,1,1,33,0.4,172,3,2488,0,2
869,0,1,3,0,34,0.1,104,2,3864,0,3
1278,1,1,1,0,54,0.1,104,8,1155,0,0
1773,1,0,16,1,32,0.6,170,6,3566,0,3
1661,1,1,1,1,6,1,109,7,864,0,1
1438,0,0,0,1,32,0.6,176,7,869,1,0
1661,1,0,0,0,29,0.3,119,2,591,1,0
1846,1,0,1,0,19,0.7,159,1,1333,1,1
1260,1,1,2,1,23,0.2,123,7,2208,0,2
512,1,1,7,0,15,0.9,83,3,2610,1,2
581,0,0,0,0,59,0.7,185,5,2819,0,2
1872,1,0,6,0,44,0.7,134,3,1955,0,2
687,1,0,9,1,50,0.6,151,4,3416,1,3
1062,1,1,6,0,10,0.9,160,1,3803,0,3
1678,1,1,11,0,7,0.5,192,1,574,0,0
1417,1,0,10,1,45,0.9,166,4,2129,0,1
1074,0,1,2,1,9,0.9,103,6,1948,1,1
1832,0,0,2,0,2,0.6,90,7,2978,0,2
1039,0,0,0,1,12,0.8,200,8,1619,1,1
1059,0,0,8,0,61,0.1,134,3,3716,1,3
1606,0,0,3,0,57,0.1,154,4,3454,0,3
1928,1,0,9,1,19,1,187,3,3777,1,3
1875,1,1,11,1,55,0.7,91,1,2712,0,3
1128,1,0,9,1,46,0.9,135,8,1434,0,1
1748,0,1,6,1,14,0.5,146,3,3968,0,3
1413,0,1,5,0,51,0.3,117,5,3383,0,3
825,0,1,0,1,23,0.1,86,2,3278,0,3
1589,1,0,3,1,26,0.1,100,8,3970,0,3
535,1,1,8,1,54,0.5,145,8,2674,0,2
1780,1,0,6,0,27,0.1,190,4,2776,1,3
1671,0,1,7,1,61,0.1,129,2,2336,0,2
1821,0,0,9,1,12,0.3,114,1,2430,1,2
1076,1,0,3,1,38,0.7,119,6,891,1,0
532,1,1,3,0,8,0.1,193,5,728,1,0
777,1,0,3,0,30,0.9,148,5,3886,0,3
1217,1,0,3,0,17,0.5,182,4,1711,0,1
1656,1,1,0,0,16,1,117,7,2856,1,2
1185,0,0,0,0,31,0.4,152,8,2447,1,2
577,0,0,8,1,37,0.9,161,6,814,1,0
737,1,1,7,0,49,0.6,193,4,2951,1,2
704,0,1,4,0,53,0.2,186,6,3653,1,2
525,1,1,5,0,51,0.5,137,8,1891,1,1
504,1,1,5,0,16,0.1,166,1,701,0,0
793,0,1,1,1,38,0.6,176,4,3139,1,3
569,0,1,2,0,39,0.1,184,8,2811,0,1
1590,0,1,3,1,21,1,160,5,1701,0,1
707,0,0,0,1,16,0.1,194,2,1853,1,1
767,0,0,16,1,19,0.2,185,6,2445,1,1
1350,1,1,0,1,50,0.8,181,8,2287,1,1
1117,1,1,0,0,31,0.2,146,2,2003,1,2
641,1,0,0,1,7,0.9,192,1,3595,1,2
1002,0,1,0,1,35,0.5,83,2,1726,0,1
1408,1,1,10,0,45,0.9,89,5,3952,0,3
1900,1,1,1,0,41,0.5,190,8,850,1,1
726,0,0,0,0,43,0.1,101,8,1446,1,0
1544,0,0,12,1,45,0.1,113,8,1300,1,1
1454,1,0,6,1,21,0.2,160,4,719,1,0
1230,1,1,6,0,26,0.8,123,5,988,1,0
1552,0,0,10,1,53,0.3,180,8,2606,0,2
1519,0,0,0,0,32,0.7,200,1,2912,1,2
723,1,0,4,0,30,0.3,102,1,2339,1,2
1191,0,1,2,0,13,0.9,169,1,1028,1,0
1168,0,0,9,0,61,0.1,90,8,3173,0,3
1229,0,1,15,0,14,0.8,191,2,1667,0,1
1758,1,0,11,1,13,0.6,190,8,1897,0,2
1290,0,0,0,0,3,0.1,143,6,1214,1,1
574,0,1,16,0,38,0.1,90,6,3269,1,2
1271,1,0,12,0,32,0.1,113,7,445,0,0
1170,1,0,4,0,30,0.4,83,8,1073,1,0
1269,1,0,14,0,52,0.8,118,2,665,0,1
1288,0,1,15,0,50,0.1,121,2,3129,0,3
1366,1,1,0,1,34,0.1,150,2,3501,0,3
1572,1,1,7,1,8,0.8,169,5,3461,1,3
1627,0,1,9,1,32,0.1,180,6,3206,1,3
1701,1,0,13,1,46,0.9,115,2,3717,1,3
1900,1,1,0,1,55,0.9,171,1,3917,0,3
1974,0,0,4,0,24,0.3,80,7,861,0,0
1197,1,1,9,0,20,0.1,129,5,2885,1,2
587,1,1,4,0,6,0.7,170,1,2777,1,2
934,0,0,7,0,24,0.8,112,5,1017,0,0
1195,0,1,1,1,23,0.1,82,4,980,0,0
1853,1,0,2,0,23,0.4,92,1,2775,0,3
1164,0,0,4,1,19,0.9,95,8,3309,0,3
1512,1,0,8,1,18,0.1,88,3,3607,1,3
1232,0,1,1,1,24,0.3,169,5,1257,0,0
1813,1,1,0,1,5,0.2,198,3,759,1,0
946,1,1,17,0,5,0.1,166,3,3720,1,3
739,1,1,2,1,58,0.1,88,3,475,0,0
704,1,0,8,1,29,0.2,80,1,1122,1,0
1663,1,0,0,0,40,0.6,147,4,1336,0,1
1966,1,1,2,0,40,0.9,185,8,1185,1,2
1219,0,1,0,0,17,0.7,196,5,705,1,0
612,1,0,6,0,35,0.6,181,5,3169,0,2
1658,1,0,0,1,39,0.7,182,1,3483,0,3
1263,0,0,12,0,64,0.3,175,5,1183,0,1
1395,1,0,0,1,55,0.6,118,3,3373,1,3
621,1,1,0,0,54,0.1,151,4,2801,1,2
652,0,1,1,0,58,0.6,142,3,565,0,0
1175,0,0,10,0,25,0.1,145,2,3153,0,2
561,1,0,0,0,11,0.1,163,8,3421,1,2
1137,0,0,6,1,3,0.9,173,5,316,0,0
1835,1,0,4,1,11,0.1,193,7,448,0,0
1170,0,1,2,0,40,0.4,169,6,2366,1,1
1595,1,1,0,1,44,0.7,85,4,3881,0,3
1719,1,0,0,0,12,0.3,122,8,462,0,0
1770,0,1,0,0,7,0.8,128,7,1480,0,1
1312,0,1,0,1,28,0.8,163,2,1087,0,1
1878,0,1,5,1,56,0.3,139,5,2711,1,2
1871,1,0,7,1,20,0.1,81,7,2144,1,2
922,0,1,1,1,35,0.9,188,7,1165,1,0
1975,1,0,6,1,16,0.9,128,8,2998,1,2
1212,0,0,1,1,46,0.3,102,4,2249,1,2
1430,1,0,3,0,56,0.1,179,3,752,0,0
1958,1,1,0,0,4,0.2,190,2,1409,0,1
1836,1,1,0,1,30,0.2,184,7,3072,1,3
557,1,0,0,0,24,0.5,125,3,1305,0,0
539,1,1,9,0,21,0.1,145,7,3597,0,2
880,0,1,1,0,44,0.5,172,8,3132,1,2
1369,1,1,6,0,34,0.5,162,1,3856,1,3
1109,1,1,1,0,39,0.4,98,1,1524,1,1
843,0,1,0,0,16,0.1,166,5,3673,0,3
598,0,1,7,0,21,0.7,196,2,3293,0,2
972,1,1,1,0,5,1,126,4,3035,0,2
1944,1,0,5,1,36,0.1,197,6,584,1,1
1225,0,1,0,1,2,0.6,138,7,2675,1,2
644,1,1,7,1,30,0.5,114,1,2382,0,2
1919,0,0,5,1,48,0.8,150,4,1391,0,1
501,0,0,12,1,54,0.3,131,4,2346,0,1
1620,1,1,0,1,30,0.2,185,3,606,0,0
1227,1,1,0,0,34,0.2,130,3,1324,1,1
1359,1,1,1,1,58,0.5,107,6,1076,1,0
1914,0,0,1,0,35,0.6,118,8,643,0,1
1645,1,0,1,0,21,0.7,123,7,783,0,0
1063,1,0,0,1,26,0.8,101,5,3809,0,3
946,0,0,0,1,19,0.2,154,8,2104,1,1
1231,0,1,5,0,54,0.8,185,3,1762,1,1
1397,0,1,13,0,9,0.5,87,6,3137,1,3
701,1,0,7,0,15,0.5,160,3,1756,1,1
570,1,1,2,0,9,0.3,111,7,3663,0,3
1993,1,0,10,1,27,0.3,147,8,2437,0,2
955,0,1,4,0,43,0.9,143,5,1432,1,1
924,0,1,0,1,47,0.3,167,8,1620,0,1
600,0,0,0,0,14,0.8,112,5,1655,0,0
518,0,1,0,0,3,0.1,178,7,2832,0,2
1063,1,0,0,1,31,0.9,95,6,961,1,0
920,1,0,2,0,46,0.8,149,3,2608,0,2
1715,0,0,4,1,3,0.1,171,5,514,0,0
1841,1,1,6,0,14,0.6,167,8,2304,0,2
543,1,1,4,1,60,0.7,132,5,933,1,0
1762,1,1,13,1,25,0.9,189,1,1896,1,1
1112,1,1,1,0,53,0.6,121,4,3655,1,3
709,1,1,0,0,35,0.1,136,1,1973,1,1
1315,1,0,7,0,64,0.8,128,7,3278,0,2
1762,1,0,10,1,15,0.3,107,8,2183,1,2
1462,1,1,1,0,25,0.2,182,7,824,0,0
571,0,1,8,0,35,0.2,186,7,2598,1,1
666,1,1,7,1,54,0.4,81,3,1254,1,0
1994,0,1,2,1,7,0.5,146,8,3622,0,3
1583,1,1,11,0,14,0.7,148,7,1704,0,2
1778,0,1,3,1,45,1,132,4,1624,1,1
1926,1,0,13,1,50,0.2,179,6,3809,1,3
966,1,0,9,1,50,0.2,117,4,2574,0,2
568,0,0,1,0,36,0.3,179,3,950,0,0
1897,0,0,1,1,21,0.5,192,8,273,1,0
1695,0,1,6,1,46,0.7,200,3,446,1,1
1623,1,0,6,1,61,0.9,120,7,1510,1,2
914,1,0,0,1,26,0.7,147,4,1122,1,0
1721,1,1,4,1,33,0.5,128,4,707,1,0
890,1,1,4,0,44,0.5,198,8,751,0,0
600,0,0,1,0,48,0.8,191,3,3393,0,2
1677,0,1,4,0,11,0.7,124,6,3771,0,3
723,0,0,0,1,3,0.2,168,4,1851,0,1
638,0,1,11,0,27,0.5,102,4,2735,1,2
852,0,1,4,1,62,0.7,104,7,2253,1,1
1979,1,1,0,0,32,0.2,165,7,452,1,0
710,1,0,6,0,32,0.8,151,5,1419,1,0
1034,0,1,2,1,45,0.3,190,3,969,0,0
600,0,1,8,1,22,0.1,145,1,3441,0,2
1027,0,0,2,1,64,0.9,103,2,3786,0,3
1260,0,0,5,1,13,1,106,6,2710,1,2
1793,0,1,10,0,12,0.5,169,6,3533,1,3
675,0,0,10,0,60,0.9,144,5,1735,0,0
658,1,0,0,1,12,0.9,103,7,3587,0,3
1694,1,0,0,1,34,0.3,102,7,2298,1,2
804,1,1,12,1,41,0.9,89,1,2027,0,1
1713,0,1,1,0,27,0.9,127,7,2406,0,2
706,0,0,13,1,31,0.1,108,3,2419,0,1
1362,0,0,3,0,25,0.8,131,7,995,1,0
1527,0,0,10,1,60,0.1,154,5,2078,1,2
768,0,1,0,0,19,0.9,159,2,1145,0,0
1314,0,1,8,1,41,0.1,155,4,626,1,0
705,1,0,5,1,57,0.9,155,6,1509,1,1
1403,0,0,2,1,26,0.1,164,5,3371,0,3
1486,0,0,7,0,52,0.1,85,4,297,1,0
781,0,0,2,0,38,0.4,198,5,3508,0,3
986,1,0,1,1,23,0.8,183,8,2385,0,1
1310,0,0,0,0,33,0.4,105,1,1301,0,1
560,1,1,6,1,57,0.3,81,3,2167,0,1
1348,0,0,0,0,43,0.4,116,5,3914,0,3
1567,0,1,3,0,22,0.5,119,6,2312,0,2
1940,1,1,4,0,17,0.7,93,5,2297,1,2
1979,1,1,0,1,19,1,176,3,411,1,0
561,1,1,7,1,2,0.1,193,3,665,1,0
1717,1,0,1,0,62,0.7,130,1,3226,1,3
535,0,0,1,1,48,0.7,113,1,740,1,0
1413,0,1,4,1,39,0.1,185,5,3878,0,3
1358,0,1,0,0,20,0.6,135,7,3406,0,3
1519,0,0,2,0,30,0.7,112,7,2440,1,2
1254,0,1,2,0,50,0.7,108,5,3959,1,3
1591,1,0,3,1,49,0.4,154,6,3703,1,3
977,1,1,2,0,35,0.6,165,2,3714,1,3
1640,1,0,10,1,21,0.8,169,7,337,1,0
663,0,1,0,0,25,0.6,183,2,3176,0,2
1744,1,0,1,1,20,0.5,112,8,1205,0,1
1624,0,1,8,0,28,0.4,150,2,2473,0,2
1108,1,1,14,1,2,0.3,169,7,1229,1,0
1188,1,1,0,1,9,0.6,114,2,2896,0,3
817,0,0,0,0,11,0.5,144,3,2039,1,1
863,0,1,5,1,6,0.7,133,4,520,0,0
1397,0,1,5,1,3,0.2,121,3,1378,1,1
1108,0,0,3,0,49,0.7,140,5,3254,0,3
1068,0,1,1,1,37,0.9,184,7,1803,0,1
1702,1,0,12,1,52,0.5,145,2,2501,0,3
808,0,1,0,0,8,0.1,192,4,3762,0,3
1156,0,0,6,0,61,0.1,89,7,1796,1,1
1271,0,1,2,0,54,0.1,159,8,990,1,0
696,0,0,6,0,51,0.3,197,3,2630,0,1
1981,1,1,13,0,45,0.3,175,6,1380,1,1
