SquareMeters,price
75057,7518049.7
70919,7101031.7
29710,2978583.5
61798,6182113.3
6313,641055.4
60375,6038750.4
69421,6945284.4
89086,8909993.9
68603,6861289
12448,1249624.3
37945,3799158.1
34867,3491110.1
16547,1659757.8
58218,5834539.4
28790,2882833.5
92822,9287119.9
89217,8929604.1
65822,6588632.6
617,67453.3
37171,3719105.2
82918,8292659.9
4130,421621.1
95145,9519958
58864,5891413.4
94363,9440706.9
78204,7822501.2
71588,7161052.2
68579,6868611.7
19174,1923170.6
90646,9071481.7
81430,8147920
99428,9947775.8
60815,6089911.5
95591,9569415.3
47497,4761272.9
65725,6582022
21360,2139458.1
56559,5661049
45440,4550279.2
13112,1318665.3
68276,6829756.2
64518,6455071
56093,5619471.8
84653,8467089.7
96169,9620987.9
57789,5787699.8
93091,9317741.3
87190,8724894.3
38998,3910733.6
97134,9718663.9
39309,3939850.1
70751,7084089.3
63086,6312576.3
25472,2552592.3
3514,357856.3
99134,9919472.8
82653,8270829.2
3723,378299
28232,2827201.7
46838,4691794
90562,9066552.2
562,65326.3
5603,566684.2
61704,6176111.2
49579,4967775.6
59885,5995883
72109,7220099.5
41965,4204881
94216,9432083.6
39166,3924397.8
9923,995743.4
49374,4944387
76316,7634333.5
26089,2615548.3
98045,9818036.5
69594,6963010.1
56966,5701030.2
64795,6489157.6
39574,3969486.8
49014,4908129.4
17034,1717170.6
18742,1879684.5
98794,9886677.1
72207,7230004.6
54881,5494411.8
12873,1288333
66263,6628369
26965,2703481.2
9433,944025.5
95293,9534163.3
86619,8663060
8677,875920.6
83153,8326391.4
81892,8204629.5
21293,2131214.7
43636,4373848.7
1254,127840.8
96953,9703052.4
92877,9293826.3
37312,3735539
44075,4416478.5
55845,5593543
68565,6862474.6
87484,8750467.5
89220,8928266.4
31525,3161366.2
52579,5263918.3
30803,3085897.4
82120,8223358.8
71171,7127415.1
579,63718.4
89204,8921053.4
5904,595108.8
92629,9263965.3
77553,7763278.5
3542,363918.8
10749,1085899
38021,3817885.1
97193,9723642.9
13309,1337541.4
10708,1076965.8
77460,7753079.8
94133,9415634.2
99869,9990641.1
66370,6638720.2
74780,7479141.5
89925,8999987.2
28808,2888357
28640,2870927
15517,1554406.1
11059,1113128.1
86183,8624347
19408,1953014.3
26958,2706761.1
45859,4595196.8
55845,5588845.9
43304,4337442.9
79511,7953040.7
88501,8853507.2
75616,7571050.6
18368,1837769.2
5375,550909
6707,673817.1
92190,9225418.5
25432,2550518.1
37793,3786136.6
60854,6092125.9
91531,9157941.7
68876,6891640
7608,764900.9
68717,6877356.4
65723,6578284.8
80039,8008148
62744,6279042
33624,3371675.6
7939,806234.5
62854,6289045.6
51757,5177725.2
32497,3253783.8
32267,3235159.9
92490,9254979.9
72677,7274269.9
68744,6883722.3
87436,8753875.5
80776,8086132
30472,3053446.1
52141,5218700.9
51777,5186005.7
40280,4036659.2
79457,7949180.2
93568,9362309.7
656,68528.6
28997,2906243.2
97147,9722196.5
69411,6945253.3
38190,3828288.2
81473,8154129
23682,2381051.7
81448,8146243.6
16127,1615094.5
61486,6155982.5
96526,9657380.5
55287,5529453.7
86820,8683419.2
93373,9348395
33098,3318507.1
69898,6994429.2
11401,1152914.3
66705,6672336.7
38947,3900872.8
65205,6523874.4
19339,1939172.3
23971,2402438.5
50944,5099151.3
43283,4336072.2
29323,2938369
81362,8144502.4
8941,902785.2
34967,3501658.9
66555,6664457
85985,8608190.5
85645,8570147.8
39215,3927273.4
56643,5673199.8
60479,6049532.6
20348,2037902.1
66371,6646262.2
31291,3134903.2
7330,740586.4
41502,4155333.6
23027,2309849.3
53371,5346532.3
26997,2712687.1
16806,1686882.8
44304,4436179.2
66563,6665417.5
89812,8986041.2
39302,3933732.6
44799,4489422.3
36268,3633523.7
86676,8672062.9
83120,8313030.5
25341,2544899.4
25105,2515100.6
54090,5418306.6
80610,8071729.7
65507,6557760.4
27204,2726114.7
79025,7908018.4
3452,355370.1
21550,2164424.3
11657,1170585.2
28103,2815163.3
47957,4801705.7
63519,6358243.6
76021,7607661
88259,8832355.8
82787,8289297.4
56517,5657851.9
29096,2913547.6
36216,3622946.9
5139,525841.8
25487,2562661.2
35733,3573868.3
16735,1677084
56202,5629550.1
12426,1253371
33984,3402691
98651,9870164.4
5117,517775.8
56800,5683058.9
90904,9093802.9
26923,2698265.4
15734,1579608.3
17513,1761977.6
14052,1411943.3
19727,1984798.6
77423,7749477.6
65904,6596494.2
29001,2912635.4
32361,3240276.8
93174,9325575.7
71192,7129401.1
68128,6817710.9
98923,9897661.5
72196,7225665.3
99278,9932606.4
30896,3092891.4
50293,5038042.4
18229,1832795.1
79224,7926948.8
91975,9198849.2
36387,3642700.3
32136,3227676.2
20995,2103067.5
94361,9442418
53019,5306854.4
8609,867508.2
64245,6430465.2
28192,2820880
14933,1500885
54323,5442454.5
92204,9226065.8
3314,336316.4
17466,1751126.5
17389,1744561.8
23444,2349143.9
24097,2416228.1
59850,5990534.6
88387,8845142.4
17671,1777405.1
8537,859540.8
19183,1919702.4
74178,7424829.6
10562,1058582.4
77339,7741650.8
9842,987460.9
39477,3948983.3
22482,2256703.7
26592,2667272.2
27008,2714052.3
48768,4887404.6
81967,8208953.3
94845,9494690
22451,2250405
89087,8914578.7
4881,493342.7
31484,3158232
42616,4272292.6
99840,9988738.2
67360,6742928.3
70010,7008509.1
23228,2324503.3
67055,6712487.1
39758,3983187.1
47618,4765943.6
39897,3998497.9
49729,4984739.1
86564,8664807.4
7426,748575.3
97110,9718256.3
83738,8379855
77716,7773638.6
88251,8828611.1
38800,3883353.3
54789,5480117.5
99099,9915651.5
77018,7704215.5
69707,6977217.5
84211,8426333.6
59752,5987095.5
37815,3783946.5
18681,1876356.1
28285,2840774.6
59773,5978589.9
87566,8759575.8
58801,5891738.6
6454,646692.6
87590,8764908.1
25532,2555050.6
15791,1583248.6
32737,3278517.5
74097,7411597.3
24995,2511825.9
13591,1367021
77100,7719293.4
21189,2126521.4
28195,2826549.5
92363,9242507.3
31752,3181933.7
94966,9505250
35493,3558407.7
78152,7819761.5
13874,1393115.2
74893,7490630.5
36314,3638453.8
34804,3484349.1
33783,3384758.3
47739,4782451.7
39108,3915608
36823,3687131.2
88221,8828225.4
78977,7906006.4
99680,9978509.7
5658,577145.9
15526,1555821.3
62964,6298222
89172,8919647.6
111,14431.3
43467,4350497.8
35112,3515831.2
6600,667067.4
46709,4680113.6
6856,689679.7
7148,723077.4
53062,5313492
43159,4318950.4
40705,4080567.1
86419,8645299.6
37225,3729838.5
13912,1399630.5
12228,1227403.1
873,92386.5
77472,7749318.1
55812,5584760.1
56730,5674735.3
33002,3307651.5
3929,398525.3
66744,6681155.1
92759,9279850
4117,424791
65476,6554554
50404,5042499.1
85421,8543272.6
54226,5426007.9
56287,5637555
84340,8437869.7
57577,5759307.3
27451,2747145.5
79814,7987492.4
53894,5396620.9
36095,3617203.5
93290,9335722.1
16478,1651205.9
68482,6853208.1
23614,2368476
73692,7375143.2
46227,4632832.3
57454,5753949.8
18929,1899066.9
20572,2059597.4
18012,1804873.1
59361,5942427
85444,8553656.2
64265,6430203.8
1986,207433
16999,1700539.6
68912,6902784
59986,6004309.8
45426,4543837.4
28347,2843096.1
15124,1514981.2
72495,7255630
39097,3915258.1
45958,4597561.2
11898,1191000
54901,5499856.4
18198,1828162.9
98149,9820073.8
94491,9456801.8
63261,6327015.5
77990,7809156.7
4827,486479.3
50472,5055489.1
51798,5185741.4
29431,2950835.7
52915,5302289.6
47831,4792760.2
24511,2454663.5
33612,3364167.5
52223,5232399.3
98796,9885975.7
2770,285402.7
58108,5822178.8
1933,194307.1
78046,7810522.5
81425,8154947.2
74709,7476997.3
58527,5858721.3
90505,9055749.1
32842,3291228.2
49531,4955365.5
97472,9756768.4
41117,4123695.4
32850,3296112.2
25762,2580119.1
69179,6921389.3
1333,139934.6
91107,9113493.8
96843,9688919.1
24378,2441961.6
8988,905757.6
1549,165820.9
79081,7918094.3
54077,5410654.2
7249,732666.8
99095,9915571.6
11292,1132623.8
36436,3650349.5
35727,3578110.5
82736,8276711.7
50024,5010562.4
38535,3854588.9
20820,2088001.4
20614,2070677.9
4776,486403.2
44487,4453518.9
5528,564350.1
84165,8420418
86326,8635482.1
37868,3793089.4
62328,6238922
76184,7623937
96352,9643641.9
831,91333.5
59764,5981705
33976,3405161.5
71627,7172359.9
53500,5350627.8
32085,3216632.9
48144,4820543.5
32939,3300978.3
74743,7476064.3
44436,4444815.2
21834,2189064.7
71104,7112359.8
36654,3673319.2
40195,4024544
57072,5716738.7
4750,478917.2
43712,4372014.6
73733,7377738.5
46731,4683103.7
46864,4690234.2
6881,693986.6
88838,8892157.3
90350,9041614.5
88408,8842527.4
37017,3709665
40035,4010245.1
49740,4987445
50296,5038241.3
47237,4736122.3
53536,5356837.8
68348,6841098.5
3790,383898.1
31906,3194626
51672,5176324.2
31990,3204947.8
12099,1216298.1
29366,2941676.7
429,49802.6
65413,6545051.4
83090,8315777.4
16218,1630148.5
64943,6495254
1947,198209.3
4009,406778.5
41404,4147112
34469,3450552.7
16254,1630892
63941,6396123.4
65582,6563957.3
49407,4947076.8
17847,1796189.1
73769,7385023.4
40912,4100574.2
30632,3071259.9
92329,9242250.4
94457,9453238.7
45739,4576141.5
31774,3180672.8
272,30703.1
92618,9267692
97566,9765060.4
74348,7438478.8
34035,3407854.1
25078,2514434.8
80023,8011758.1
4141,421086.1
87245,8726378.1
15981,1600688.4
66944,6698622.7
71437,7150458.1
33742,3385270.3
37677,3776536.2
3760,382598.5
1668,168399.4
74500,7452595.7
88272,8835369.7
42230,4228536.9
21346,2144809.6
62388,6244189.2
9196,926114
3939,404238.1
5132,520566.8
52820,5289930.5
56694,5674217.2
21648,2177627.1
11513,1160638.8
86850,8685896.3
84311,8444031.2
70139,7021733.1
38691,3877340.9
4769,488123.4
4456,451747.5
66727,6675463.7
21856,2190424.3
73542,7361356.1
13423,1344222.7
91361,9138709.4
8583,868189.5
67671,6769786.8
74235,7424923.4
37531,3757051.6
66610,6662840
88869,8893331.1
56102,5620090.4
98114,9817419.9
82310,8240688.5
6601,674121.6
39130,3921493.4
26848,2689927.2
77975,7801482.9
78739,7883763.7
59704,5974678.9
1634,166341.4
83954,8396809
6381,639687.3
16817,1694147.8
88402,8848110.7
54789,5484239.7
12020,1212214.1
16602,1664806.2
81800,8188934.1
211,24058.9
21106,2117995.6
53833,5388850.1
96246,9631618.9
62199,6222956.1
67216,6729066.6
82395,8246501.7
89880,8998164.2
42686,4271554.5
68043,6814850.2
88821,8886403.6
74641,7465378
32121,3220114.3
43665,4375632.4
22849,2286370.4
51021,5108595.1
25316,2535882.9
77346,7738601
18346,1839603.8
72368,7245229.2
18014,1810349.5
56391,5641537.2
30007,3008473.3
70179,7027779.1
4813,495134.2
80331,8037047.5
68153,6822830.3
90954,9102269
24168,2420503.7
10781,1085988
70810,7086297.1
92505,9259024.7
4768,483681.6
23668,2372045.6
27093,2718663.6
11519,1160066.6
90122,9017994.4
85198,8520917.7
75571,7562964.9
61478,6151688.8
64180,6425560.2
71527,7159280.8
77855,7797856.8
54169,5424360.7
74689,7476071.6
12426,1246872.8
59509,5956829.4
5340,538173.1
10082,1016018.8
35763,3578936.3
81375,8144015.3
74875,7493537.9
14623,1468584.5
46282,4635687.9
11124,1125532.5
20634,2066809.2
73473,7354795
9130,921139.2
10342,1043513.6
30291,3030131.7
52756,5290006.8
56155,5617383.2
45587,4563744
21070,2112717.9
18603,1871116.7
85134,8514100.1
74689,7484096.8
28825,2887905.9
4680,472741
35706,3574742.3
24321,2440786.3
36321,3638628.3
85415,8550149.8
8731,880713.5
80634,8065315.1
30631,3070674
56065,5614119.8
49574,4967356.7
75408,7545062.4
735,84567.5
925,104727.8
22714,2278508
99053,9914114.3
65914,6599320.9
76613,7665959
1862,193540
27600,2764902
71241,7135011.1
67247,6733795.3
79073,7913819.2
9208,922791.4
51875,5193634.4
92445,9249510.7
13470,1350039.5
29722,2977107.1
18104,1816871.9
98701,9879541.2
30239,3029749.6
77857,7788400.2
22737,2278169.6
24896,2494839.9
98793,9885562.4
14224,1427508.1
65001,6504375.3
84479,8454598
49415,4943067.9
75177,7519419.5
95630,9572960.1
40911,4100225.2
71151,7117551.4
48392,4841545.2
76649,7667431.3
5390,547066
44938,4510650.7
50595,5067161.6
43776,4387370.7
70110,7015646
40760,4080383.1
39524,3953344.5
6597,670292.4
19674,1978538.1
57415,5752675.2
2143,220656.8
37302,3734886.4
64964,6498171.2
67691,6772663.5
727,77725.4
70068,7015755.4
61771,6181734.6
62878,6289361.8
64505,6459212.8
95116,9518909.7
39418,3950046
47022,4709643.6
36778,3692148.2
95702,9577615.3
86793,8682439.4
12584,1266802.2
54520,5457270.7
4099,415756.3
75948,7601880.6
89305,8938801.1
26506,2660579.5
6921,693484.9
8346,839157
90050,9007562.4
33341,3342152.3
17467,1751070.1
67672,6773654.5
46771,4687350.1
33700,3377757.5
95076,9513379.9
68535,6857533.1
87567,8763657
47807,4790133.2
24942,2502371.3
19702,1974353
7001,709874
26872,2692017.1
24081,2418822.3
40992,4107719.8
48102,4815224.9
90219,9024572.8
58935,5902606.8
99277,9935775
90528,9063314.4
61867,6190959.6
61877,6194435.1
62187,6220397.4
82176,8225804.9
36528,3664294.1
61942,6201486.8
97430,9745071.9
60226,6035968.6
20346,2039146.6
65982,6607360.2
31886,3192104.1
98348,9838800.1
80722,8075401.9
15588,1563887.5
41797,4182295.7
26599,2665969.5
32874,3290324.1
86619,8670749.8
22205,2225365.9
58657,5867038.3
23552,2363314.2
93202,9325154.9
48478,4852762.3
27969,2809123.4
17015,1702646.6
25066,2516535.3
31651,3166991.2
62001,6204127.2
71532,7159102
45285,4537104.8
59099,5917182.6
73048,7316030.9
2501,255027.8
11620,1169300.2
55228,5533494.2
83411,8346545.3
44721,4475605.3
16360,1641010.4
17306,1741614.4
49820,4987130.6
92241,9234830.9
64318,6446168.2
62785,6281861.1
71517,7160579.9
48401,4846713
40839,4092414
44219,4436813.1
61455,6150227
31862,3198138
34137,3425405.7
85661,8570393.3
60988,6106833
31308,3138606.1
91419,9147142.2
46317,4638805.5
20810,2087901.4
72269,7237251.8
38856,3890014.8
51212,5129933.7
31246,3127463.8
75354,7546076.9
69352,6945828.6
36673,3673398.3
83421,8348850.5
75593,7567839.3
60653,6076327.8
17699,1775017.3
11587,1166616.1
23262,2328515.8
60022,6013402.1
60759,6079351.6
10798,1086266.3
13163,1327820.4
99750,9982515.1
78980,7903451.8
71251,7132789.5
60656,6074331.4
18854,1896031.6
20282,2029680.1
87580,8763378.4
76238,7625604.1
82707,8278043.1
78114,7818981.9
85405,8555783.5
92885,9293817.3
74947,7500281.4
81609,8167029.5
82641,8272783.1
16411,1652454
73237,7326285.3
55821,5583521.8
38171,3826368.2
86433,8644331.5
21136,2124234.3
48162,4822052.5
22238,2227703.6
66813,6689557.3
79256,7931579.3
45383,4542972.9
33974,3403907.6
2017,210585.6
8318,832684.1
78791,7886106
95878,9591246.8
79499,7955951.3
71601,7164956
31995,3203127.8
5475,551668.8
91703,9173404.8
9881,996563.3
49904,4995940.1
61529,6154223
17052,1706550.3
79361,7946598.9
30633,3071938.4
14535,1455259.7
64918,6494744.1
52424,5252384.9
1144,118555.8
76654,7667673.2
70474,7048195.7
33369,3337636.7
79065,7912800.8
16599,1665461.9
64654,6467876.1
33177,3326989.7
63711,6372039.7
98857,9898892.5
56134,5619428.9
76021,7603621
31258,3127112.1
30442,3049370.8
33207,3334198
2138,217519.8
22593,2262197.7
64253,6431182.6
54936,5505207.1
1430,148835.8
79934,8002735.6
52618,5270796.8
39626,3972452.6
82252,8233956
30373,3044199.1
50576,5059529.8
88955,8898280.2
42933,4302362.3
34176,3421425.9
47097,4716535.1
10641,1069818.1
30888,3095632.6
77165,7719488.8
23061,2312106.9
10197,1025552
35259,3527026.3
7155,724105
9552,956627.1
6061,613117.7
9664,968805.2
34070,3416611.4
61445,6157121
43188,4320637.6
98846,9892058.3
92292,9238491.2
64926,6504452.9
25373,2541919.8
72859,7289714.1
34487,3452462.8
29752,2982668
57203,5722619.3
89873,8997133.1
33601,3367765.3
180,19638
27571,2767842.8
18757,1880601.8
60734,6075765.4
50327,5036872.5
61049,6113701.6
92594,9265539.6
85772,8579037.1
77461,7756205.6
91560,9162963.5
14536,1464600.6
75504,7558113
24025,2406060.3
13760,1382162.1
77009,7706407.2
91287,9138828
47722,4774661.8
41250,4126032.9
44638,4466312.2
76640,7669425.6
85104,8516196.5
35647,3567681.8
36219,3634081.3
80329,8040769
80958,8098151.8
47995,4801423.1
45690,4578301.2
22802,2282203.1
63272,6333289.2
62137,6220991.3
465,52762.9
58529,5859182.2
93440,9347335.9
80489,8056228.2
29543,2961309.5
1102,115594.1
47649,4766437.2
44129,4416603.9
90874,9094822.9
11027,1103790.1
17618,1765108.4
69182,6925021.3
4348,435301.8
19336,1935699.6
82819,8293339.5
27265,2727791.8
26061,2608428.3
91482,9153595.3
13853,1387448.1
16055,1608022.7
74175,7421888.3
7658,767255.6
39682,3971367
11401,1144477.2
8370,842743
89671,8967749.4
66391,6650282.4
8139,819245.9
68180,6824641.8
21982,2203909.4
54456,5446902.4
12198,1228783.2
32527,3263461.3
10676,1079940.3
96433,9650853.6
71484,7153673.5
99217,9923434.8
18523,1860031.1
53978,5399675.2
67825,6787554.1
82292,8242155.9
75848,7591705.7
97520,9752798.2
59571,5958531.6
35967,3607974.2
50614,5066290
6348,640585.2
77454,7755247.6
91290,9136100.7
67226,6733312.5
44966,4509078.9
45455,4550968.1
21671,2168225.7
19325,1937569.9
55326,5543245
77197,7728302.7
20195,2026607.1
89075,8916325.7
92412,9247709.6
88598,8860919.5
72399,7241380.4
71236,7129055.7
30463,3058364.8
35863,3591772.1
7486,760180.9
84740,8482053.2
23513,2357581.5
46226,4638847.6
38742,3878002.2
14261,1431647.3
81492,8154513
44475,4452792.5
4617,466004.5
93608,9364080
98788,9884496.4
17085,1724807.8
92837,9289481.6
30136,3018980.3
22663,2271081.8
36477,3649873.1
32294,3237695.4
48367,4837589.1
27495,2756763.1
527,67622.2
58551,5862215
7199,724979.9
30204,3021287.2
34210,3425977.4
89872,8994332.7
28600,2869556.7
94317,9434101.8
59292,5929920.6
18747,1883573.3
939,98229.7
26090,2613900.5
37424,3750232
31040,3108830.3
41661,4172132.8
9601,963424.6
30736,3078402.4
65870,6594705
74907,7494845.9
19812,1983779.8
50707,5081669
40282,4029489.8
41739,4180917.7
53243,5330973.6
38633,3868669.4
57886,5798125
5177,523333.3
38392,3840837.9
1405,148540.9
10727,1077355.5
53852,5388256.6
21413,2149706.3
3587,367846.1
73878,7399649.3
14859,1499598
65107,6518542.1
16388,1647875.8
41431,4149160.6
8698,880449
66442,6650604.5
12968,1303596.5
49274,4932274.6
84612,8466374.1
48736,4885719.4
4167,422514.7
62601,6263982
68824,6892716
36842,3689692.1
17585,1762749.7
7139,724579.8
23147,2316843.5
84182,8429665
61995,6208532.3
6575,661451.3
2638,271564.2
23987,2399604.4
15769,1579069
4276,440518.4
98566,9871617.6
35745,3580358.6
63825,6384963.1
93508,9357738.2
1753,182644.9
50019,5009275.2
82325,8241164.7
34403,3441145.6
88240,8830770.8
43759,4384655.9
2111,216518.4
50799,5080967.7
24559,2459871
22422,2252826.9
52599,5266896.5
32472,3252820
10931,1098819.5
15434,1547287.5
56546,5659030.2
11922,1202680.9
93733,9378278.3
72636,7271337
19793,1988236.7
75334,7534445.6
20854,2093083.9
9126,918377.3
73441,7352484.4
88646,8870135.7
1392,143541
96455,9649451.9
36417,3645546.7
42688,4280627.1
36468,3652217.1
49940,5005731.1
28924,2895663.2
55858,5591888.9
97704,9774003.2
79171,7926950.6
17434,1751426.3
87587,8763935.2
16727,1681450.3
2813,284702.1
99031,9908496.1
70681,7069493.4
80697,8078150.3
36268,3631024.3
78115,7812679.1
13929,1400300.1
2624,268725.5
5630,574843.3
28579,2866447.5
4638,471304.4
86916,8696846.7
31066,3108946.9
78946,7900382.5
51408,5148173.7
63315,6333065
32130,3217288.4
533,62166.4
32979,3307651.1
18545,1865230.4
73591,7363024
48045,4816515.8
80686,8071938.8
89991,9002207.5
79229,7930035
87678,8772251
98661,9870323.6
83750,8378829
97550,9765889.6
43400,4350109.4
30468,3049485.4
14692,1477101
23106,2311601.9
60287,6036180.6
71787,7182473.8
15839,1591526
68522,6853535.8
17818,1787351.1
94186,9424530.2
92033,9207595.9
29600,2969388.2
83260,8331439.5
53904,5391993.7
47691,4776385.5
40196,4023335.8
42035,4216631.4
37560,3762350.5
29278,2935308
96803,9683741.6
20067,2010324.3
52638,5276387.8
47252,4726810.9
7515,752692
84630,8464747.7
72150,7223417.8
76956,7699229.5
6885,692409.9
8188,825389.4
46785,4687315.7
40737,4076965.2
51242,5133121.1
35691,3577017.2
98705,9874587.1
25831,2597123.5
76174,7628022.7
61734,6180305.4
53424,5343224.9
23754,2379379.7
24396,2445049.5
80349,8042314.3
79583,7966719
73863,7397144.2
37195,3724125.3
51058,5109865.9
9705,975399.9
67558,6766804.3
21667,2175975.7
39654,3970955.7
9372,938856.6
53448,5354891.3
43998,4406193.2
92326,9239788.7
80678,8073048.2
34060,3414055.8
83173,8322256.8
58698,5876589.1
72343,7242431.6
74922,7500490.7
19528,1962530.3
42969,4301496.4
68028,6810499.5
8676,873296.3
61140,6120785.8
3041,306019.3
31231,3132434.2
47315,4744142.1
92963,9309080.1
22714,2276626.9
94062,9410749
23248,2331235.3
51308,5134188.8
69867,6997995.1
75211,7528953.6
71008,7104062.7
85766,8578114.7
44561,4460766.2
14954,1505542.2
72194,7222517.2
71931,7200839.2
98946,9901008.7
42708,4277753.2
16037,1605352.9
19510,1960391.8
47783,4786040.4
12430,1250208.7
40439,4045359.1
95889,9590909.8
77174,7719743.2
40184,4025868.5
37534,3763767.6
43585,4364529
38935,3900522.4
59918,6000859
68723,6873850.5
32721,3275735.1
64674,6472604.2
86022,8609199.8
63737,6387164.4
5322,541599.3
63871,6397636.5
65560,6563603.3
89,10313.5
71024,7112979.2
71040,7108408.6
50650,5074074.5
66759,6683970.6
98514,9855635
7312,737475.6
2676,277181.5
60763,6079816.2
49904,4998671.4
54907,5496088.2
3709,375675.4
26117,2617456.3
8626,863829.4
74079,7412552.2
27810,2792637.2
40638,4064776.7
60063,6010731.5
93811,9385931
12555,1265496.3
30862,3092729.8
36334,3640478.7
86087,8609947.7
69567,6962236.3
18785,1885931.4
20660,2072127.3
62277,6236152.9
46917,4701755.8
30248,3028964.4
50102,5014163.5
45149,4522816.1
30603,3071424.1
79214,7922328.4
62718,6275591.9
27281,2731771.4
41418,4145160.4
97489,9753797.5
51812,5192250.8
34498,3458156.8
95097,9513855.5
44251,4434233.7
47583,4762269.2
93184,9321499.2
1254,128928.1
95328,9538747
7388,750538.8
34555,3467129.3
61310,6132679.6
20714,2077129.3
94704,9480933.7
13353,1338753.1
57475,5753644.7
84795,8481583.2
70465,7052303.2
68270,6835596.8
26389,2646987.3
57552,5759074.3
84291,8432314.8
60059,6008916
91513,9152366.2
70544,7055619.2
16565,1663375.5
75865,7595183.7
29758,2982078.1
95566,9564576.2
1090,118270.3
98319,9837654.4
18693,1876877.5
21781,2187037.1
33662,3370242
94420,9453347
53313,5334996.5
54060,5414753
67709,6782857.4
85740,8579832
28659,2869081.3
30217,3033408.4
58165,5819124.1
4014,404625.7
13523,1358157.5
49772,4985835.7
85904,8594924.6
22541,2264203.1
39132,3920808.8
32785,3284948.1
69831,6990205.5
80301,8042286.1
10802,1086000.8
87853,8789947.1
86424,8654131.8
44595,4460946.8
60056,6011032.5
30896,3097036.8
54484,5456741.1
16571,1663083.3
87858,8786967
19869,1992188.1
54298,5432285.7
8191,823318.1
79950,7997513.7
73332,7339665
31669,3174122.8
97412,9747182.2
63163,6324361.8
43907,4392043.7
64260,6427856.8
42585,4266978
35108,3515504.9
12127,1214434.8
63669,6372430.1
24278,2430050
18937,1899216.1
82865,8296881.1
58599,5862285
85101,8517678.5
95649,9567841.2
2448,251247
31539,3158408
96853,9689548.7
64718,6476248.3
5263,530890.4
1115,129053.4
35568,3558401.8
98423,9843291.1
78772,7887820.5
6592,666733.4
22773,2283953.9
4800,489132.5
65322,6543253.5
29310,2932138
70742,7091010.3
60239,6032661.8
35693,3579115.2
8395,842343.9
81718,8179978.5
79368,7940744.3
35420,3543382
33267,3329395.8
57971,5800901.3
17686,1777384
59159,5921171.7
75700,7571506.3
92384,9239195.4
87425,8748652.4
18040,1813007.6
68992,6907585.5
10141,1020755.7
83647,8367526.3
94846,9492403.4
42105,4211221.5
49833,4991168.7
35825,3587596.2
69428,6944939.3
77287,7734572.4
13166,1323421.9
46131,4619824.5
37111,3720632.1
46540,4656975.9
32369,3242795.3
2192,226924.9
22752,2284238.8
43252,4326741
64697,6474788.5
93168,9321665.2
94681,9476231.8
27903,2800107.7
2943,302523.5
80746,8077153.3
13449,1356395.6
66907,6703560.2
83377,8342685.3
77849,7789805.2
92759,9280104.2
47283,4734429.2
96593,9665702.9
71226,7127541.5
49136,4919606.6
67434,6749956.7
55324,5535750.4
43410,4346921.6
54919,5497882.6
3880,394027.3
7028,711682.5
31433,3152681.6
83521,8360843.7
60797,6088961.2
86284,8632859
44966,4497556
18932,1897312.1
91250,9129722.7
92563,9262042.3
48319,4839740.8
27565,2760622.9
38455,3851261
66180,6619700.3
43037,4310516.5
49365,4941743.6
7364,746098
49588,4963749.8
51957,5199371.1
31383,3144398.8
97271,9738138.1
74271,7430269.2
37217,3729864
61295,6135795.5
53067,5312209.1
45732,4583088.1
73470,7356027.1
75839,7595476.9
19658,1969247.5
67974,6797812.1
14195,1421839.1
12624,1268100.1
12739,1278581
50567,5058199.3
25079,2515722.8
14856,1490234.8
48408,4844150
9423,944455
82614,8269246.2
15726,1580718.3
78671,7868709.3
20197,2027294
30713,3079646.1
83019,8307344.3
34639,3474105.7
19606,1972219.9
54753,5482557
35750,3587011.1
40776,4083372.5
76938,7697356
22421,2245981.6
78379,7845253.2
28804,2884048.8
2434,253611.3
23281,2329260.4
92417,9242684.1
82560,8258817.2
24936,2498112
3261,333334.3
86526,8668619.3
81673,8171876.3
17901,1791955.1
86179,8622983.3
84465,8455710.3
37916,3798906.4
20852,2096217.3
86258,8632872.8
25784,2579008.5
27925,2805117.1
59522,5959601.6
31741,3186350.4
37491,3756011.6
74283,7441067.7
1251,128837.4
6389,645862.1
92090,9210284
85562,8560277.7
90722,9075929.9
66159,6622247.1
71481,7153828.7
20166,2022517.2
14635,1471115.7
9180,926287.1
45330,4538131.8
39486,3955805.7
85448,8548169.3
54941,5500531
46317,4634439
36842,3686933.3
40101,4023279.9
38586,3866990.2
14274,1432787
63860,6392454.7
34891,3496198
98433,9851666
98827,9886586.4
52100,5212486.8
19185,1926146.6
58027,5807819.5
93409,9342104.3
28193,2830504.8
24936,2503388.5
5579,567203
87479,8752889.4
60824,6086663.5
54888,5494594.7
46865,4690710
41143,4116195.3
61847,6190109.4
16016,1611775.6
30159,3021149.3
32597,3269431.3
91824,9191892.1
90097,9020358.3
85854,8592747.1
6556,665259.7
83808,8396265.2
41301,4138612.7
51517,5155871.8
94856,9488018.4
3818,383235.1
24297,2432581.2
80656,8072208.2
84254,8436781
96140,9615267.7
4261,433557.6
9502,957812.5
46390,4645999
77989,7809037.7
36563,3668071.2
27492,2749560.2
63720,6380496
88328,8836891
10559,1059700.1
36799,3680514.8
52899,5297388.6
67697,6775896.3
82372,8241290.2
93197,9325361.9
68703,6874684.7
44626,4468759.4
48809,4884591.2
61152,6121942.7
25230,2528241
55153,5521415.7
15320,1541104.1
62064,6210682.3
84285,8439379.3
35067,3515220.2
70945,7099572.1
69348,6937939.6
23705,2381470
53359,5340229.8
52801,5286434.9
79109,7917767.1
6305,640701.2
19739,1979188.1
72838,7285684.8
94639,9472276.1
43503,4357290
36489,3653934.6
67397,6749164.3
22136,2218930.7
66819,6694413.9
39688,3974008.3
66670,6669170.4
66274,6632910.5
67125,6717281.3
72239,7226199.3
71846,7185293.9
73190,7331191.1
20258,2033594.1
79176,7919191.6
54927,5494599.7
62960,6305088.3
7002,710140.5
65029,6507042.1
71876,7194841.9
81468,8152781.9
80823,8088333.4
57132,5724484.4
29528,2954357.6
80759,8087126.9
94540,9460696.2
48070,4812736.3
8962,906747.8
41738,4176013.9
62314,6241387.7
50668,5071084.6
2725,280421.4
88205,8827584.8
51785,5191640.3
52284,5236681.3
77411,7746795.8
50875,5097157.1
5640,567329.8
4371,440119
98257,9828903.1
90499,9057504.7
622,63977
40777,4085326.3
1008,102749.5
57718,5781612.3
17167,1722105.4
46131,4616542.3
40567,4065377.1
77151,7718218.6
94943,9497260.1
31179,3126446.8
80693,8078843.8
16145,1624354.8
9678,971236.8
73554,7358902.4
6914,697528.6
2995,303184.9
68245,6827724.5
52649,5272349.4
39040,3905700.9
33936,3406131.8
18762,1880746.1
40952,4104641.4
90404,9048377.4
94947,9501779
81866,8192664.7
49909,4994456.6
31042,3111504.7
35810,3589881.1
2985,301138.1
63693,6375077.5
94754,9481349
15162,1521757.2
32956,3305549.3
96224,9627880
86806,8683516.1
42537,4256423
77045,7708578.3
76912,7695798.5
33814,3390442.4
4052,416251.2
634,66144
32325,3237949.9
59348,5939099.5
40148,4023820.3
62064,6216761.7
23172,2319447.5
80277,8038200.9
62236,6224903.1
58110,5814953.3
99952,9998411
9780,982222.2
26230,2630871.5
44509,4454810.5
94182,9426417.5
28309,2838029.9
98710,9877813.4
6362,644794.4
21857,2191307.6
60064,6014103.5
41526,4163200.4
65163,6521655.8
38355,3840740.2
8020,810755.2
95780,9583143.1
63267,6335282.7
69314,6940209
37781,3781636
77210,7729101.9
50792,5089100.1
98934,9902124.3
74265,7437378.4
93180,9324362.6
4809,484933.3
91673,9170900.1
13027,1306637.1
40010,4006702.2
86019,8611760.4
65427,6544509.3
52202,5225648
85345,8541574.5
7472,753639.1
60167,6023926.4
822,86104.4
17889,1797252.2
78122,7815968.8
39831,3989679.3
67947,6798431
90265,9026973
21522,2157060.8
79298,7935780.7
6481,660339.7
87204,8729160.7
19526,1962173.9
61527,6157867.7
52141,5215581
45370,4545472.1
38511,3852614.5
54462,5458103.1
83847,8386564.8
70213,7025651.1
22328,2243514.8
72870,7293420.7
34980,3507649.6
73136,7325694.6
90087,9015048.5
16714,1675672.8
52455,5250717.1
10817,1087354
95367,9539232
94018,9414111.4
38947,3897019.6
46976,4705156.6
34673,3473056.1
17392,1745197.1
43359,4341769.1
32309,3242419.2
88352,8844632.7
50878,5089157.6
60886,6090272.5
63792,6381705
85215,8526942
80998,8107792.2
29250,2935648.5
37941,3796341.3
11242,1127009
91558,9158541.2
87819,8782664.6
10035,1006634.5
57676,5769101.1
20297,2035832.2
68006,6812540
48994,4904547.2
66738,6680395.5
22855,2289561.7
21196,2124683.4
36702,3678080
76612,7670470
22974,2300702
16348,1640404.8
50109,5019832.8
41759,4181321.5
19572,1969866.7
712,80879.9
88172,8818402.8
46944,4699401.5
79649,7976501.9
27488,2756731.4
10972,1105258.7
17797,1792290.2
16252,1630793.8
71603,7169029
87022,8707681.2
62289,6233774.8
5825,598186.6
85225,8527022.3
5820,592006
90539,9069445.2
35233,3536738
98559,9862559.1
58056,5809089.8
91207,9126333.4
67923,6799955.8
12641,1272159.2
35691,3582171.6
48627,4871835
5183,521772.3
16631,1667835.3
18144,1819929
10586,1066983.1
64235,6431380.2
88584,8867048.1
2310,234237.2
55217,5526674.7
64539,6457482.2
90947,9103454.4
68837,6889494.7
60721,6073407.5
51459,5149505.2
12820,1283027.8
20734,2077771.5
91988,9206879.6
40286,4035154.3
10719,1076789.8
17783,1778779.3
72065,7210625.5
58626,5866206.3
13147,1326980.7
90304,9044776
80780,8088913.6
82301,8232053.2
78039,7804837
92783,9281484.6
67134,6719369.2
27792,2786854.7
96637,9667457.8
36877,3695191.8
88120,8816378.9
4385,445694.6
75903,7594699
1171,126268.7
44615,4465651.2
65543,6559662.8
17246,1728544.7
7236,725656.3
32078,3209311.2
82184,8221783.1
6686,675399
18536,1856793.4
52683,5274308.7
32286,3233772.8
34796,3483606.1
26669,2671083.9
47606,4763586.1
91435,9153666.9
889,92858.9
67511,6759802.6
52655,5266351
82432,8245134.5
75680,7572315.9
28543,2859167
66851,6691843
49031,4910323
71630,7169854.6
25362,2545732.5
87412,8745542
41057,4106731.4
93325,9346064
40330,4034416.8
5134,519772.4
93443,9349955.5
55558,5564448
61694,6172206.1
32713,3278723
9428,944839.1
92032,9212773.2
28091,2815613.5
54706,5475756
97429,9751706.1
7808,789027.8
60265,6033313
57850,5789083.3
72554,7268379.4
6966,700650.8
79957,8003950
3629,369764.1
8732,876270.1
56514,5652969.1
20533,2056508.9
16625,1664023.4
12313,1240834.8
68052,6805894.2
35383,3548725.9
8977,905128.5
79356,7940419.1
67639,6768972.2
21145,2119485.7
26009,2606754.7
68580,6863504.7
88780,8887352.6
72114,7215802
89756,8980810.8
1770,183765.5
20109,2017287.6
61067,6110904.3
30690,3072879.5
12161,1218405.5
47364,4739985.9
57066,5711304.1
97760,9780377.1
47476,4761612
32176,3220156.9
98547,9865243.1
86171,8621486.1
65711,6579419.2
73585,7359509.9
26665,2671587.1
69094,6919039.8
27538,2761292
64922,6500624.3
74600,7461192.4
56595,5664278.4
18037,1805824.9
56587,5670619.6
20105,2017609.9
46322,4632807.5
31301,3142338.8
91952,9207839.5
92948,9297047.7
66812,6687761.6
76424,7647871.1
14823,1484434.3
26682,2675367.1
12995,1305488.6
94789,9484024.2
34703,3476698.6
9691,978280.6
84118,8416992.6
39272,3936310
51037,5107476.8
17325,1737822.7
39104,3920958.7
11247,1129896.8
87000,8700807.8
99999,10006771.2
55888,5594957.1
75296,7535664.5
83512,8358211.5
22825,2289049.8
58287,5837331.6
91441,9155265.3
57564,5758203.9
82280,8235158.9
62646,6273246.5
50133,5019119.3
69719,6982744.3
81840,8186999.6
7851,793981.2
76564,7662557.9
2095,213708.1
13287,1335371.3
94457,9455820.1
96573,9664738.3
97898,9794464.1
18642,1865856.3
52259,5236500.3
68362,6840206.6
66395,6647572.6
10590,1060141.3
51271,5133444.8
91436,9151236.7
68072,6812764.9
12172,1218235.7
34750,3478934.3
52832,5292504.3
87683,8774909.3
25145,2521346.8
18426,1854935.6
9381,943600.8
81658,8171711.8
10028,1009529.2
76352,7641804.6
21247,2136110.4
84805,8486115.4
8928,896505.8
14762,1484350.2
53454,5349280.6
35409,3546437.2
53161,5320392.3
12760,1284972.5
42826,4287076.8
58394,5848843.1
95143,9517871
46532,4661805
42272,4228013.9
42981,4300680.4
62384,6242453.5
81653,8166002.5
63278,6332923.1
95307,9537644.4
72545,7260052.1
66777,6685851.8
61001,6105043.3
65790,6589425.1
35948,3596039.8
54929,5498846.5
18397,1846201
4623,468494.9
58433,5848135.8
79767,7981643.3
58036,5809016.7
6051,612527.5
22703,2273445.8
29319,2939576.1
53722,5383626.1
32218,3225722.5
93288,9334856.2
30402,3043179.2
75632,7573328.2
34592,3467169.6
34304,3434850.3
21112,2121485.9
40266,4028831.9
93533,9356028.7
78672,7877999.5
47833,4791653.8
22142,2220957.5
19819,1984840
69967,6997746.2
28555,2860957.8
25881,2596473.4
81624,8169425.4
73943,7405498.5
78101,7814923.5
22162,2223268.4
72836,7289126.9
56614,5662574.7
838,92181.3
25946,2600384.9
17250,1734432.1
19387,1940788
36503,3659340.7
61752,6181908.8
25136,2520958.1
95989,9610818.7
27665,2771481.1
79169,7918220
69642,6974699.6
28727,2877589.1
88940,8896898.3
82978,8299837.7
22374,2244101.2
7169,722385.3
91380,9144773.5
20799,2084113.7
28446,2852653
81618,8170899.9
44513,4457308.4
66436,6650734.1
55482,5558268.6
23376,2346829.2
48380,4842254.7
38765,3882491.3
2484,252179.2
5624,566535.4
71541,7159919.5
98857,9889895.6
6948,698524.7
16284,1638521.9
60261,6032370.6
92304,9234228.6
32071,3213146.8
76454,7647961
70210,7025129.1
75584,7567791.6
41669,4176148.5
8940,899258.1
79628,7967880.3
52979,5304197
75414,7551847.9
91515,9157101.7
68767,6880980.4
90111,9014247.8
1967,207245.9
21843,2186457.8
45049,4519980
925,97785.8
53956,5401835.1
3343,344710.4
25942,2601765.1
51171,5125181.1
82629,8267316.2
78721,7875331.7
82900,8295028.3
79399,7946835.6
87078,8714830.2
65246,6529755.8
48271,4835629.8
61311,6137635.8
742,81336.5
55164,5526826.7
37448,3754453
34208,3428754.3
21442,2145503.8
69290,6932336.9
15299,1542950
30203,3029401.9
74069,7417780.3
780,82916.5
85060,8507007.8
47143,4728886
40194,4022680.5
74411,7450324.7
3527,358050.9
85185,8522775.5
68772,6885105.8
6281,636186.6
8319,834891.9
39572,3960690.1
61787,6182153
71117,7116581
42903,4297348.1
68847,6888091.9
55035,5513804.1
76485,7652091.2
27521,2754134.2
63072,6311417.8
60454,6054212.3
43204,4322877.5
70279,7035681.5
99303,9940504.8
52952,5303295.9
40139,4017300.1
26960,2699467.4
21726,2173491.6
18098,1813099.8
23519,2358426.2
50949,5097163.6
80834,8089908.3
77743,7780280.1
97124,9725279
80459,8050098.1
59237,5932547.2
43579,4361420.9
10484,1051974.6
19907,1996937
68643,6870485
67457,6757663.3
44593,4465177.5
56339,5642801.2
74817,7490782.6
51109,5114433.7
63601,6368141.6
72926,7295797.1
1562,167143.6
2536,258795.8
44175,4418372.5
4069,411451.3
73082,7318776.7
37718,3772814.4
47386,4746476.2
33871,3394030.8
45406,4545686.8
66434,6644460.9
23684,2370875.3
47177,4726802.2
61661,6168562.4
449,50344.1
66648,6670719.9
48757,4879405.7
23558,2359701
56223,5629298.6
14137,1425174.1
59386,5942766
34826,3488059.1
12785,1284860.9
72587,7265382.8
69804,6984611.7
63915,6396088.2
24415,2442299.9
91007,9101688.4
24023,2405911.8
66716,6678899.3
44653,4473832.2
91013,9111320
14725,1484099.7
61115,6116454.1
90925,9094635.7
54717,5478930.9
53708,5378041.6
55413,5551048.8
74875,7495681.7
65844,6587579.8
28613,2862135.7
99458,9957307.4
69399,6940277.3
51237,5130743.7
29276,2928782.7
50938,5103724.4
39614,3968931.1
5758,581130
60562,6061364.4
28048,2806887.8
92649,9270413.5
16354,1645035.9
50418,5047372.6
20075,2010227
54729,5479404.1
34767,3481346.7
31388,3145817.5
37134,3718807.5
14011,1408285.2
87589,8769157.6
40993,4102780.7
92811,9293471.4
26867,2690300
49170,4923152.1
77081,7711931.5
66959,6699322
82458,8250503.1
85615,8572770.9
61803,6187398.5
93190,9322069.8
79240,7928275.4
86184,8625590.3
57097,5715926.1
683,76430.9
22255,2239467.2
43586,4366236.5
55472,5553013.8
58253,5832546.4
46308,4639736.9
65961,6600131.7
77262,7732674
48399,4847310.7
75402,7545050.3
54750,5481119
25968,2601762.2
28993,2902643.8
28605,2866459.3
68184,6823394.8
98283,9833681.3
95238,9530991.9
67519,6754271.4
33608,3365171.8
22851,2287033.1
69165,6919982.9
15321,1533279.4
74477,7454179.4
17668,1771537.5
19794,1985050.2
21294,2140798.7
56753,5682190.2
35753,3580868.7
14118,1418040.1
39307,3937946.9
21477,2152653.2
52264,5230980.6
61350,6139665.5
71993,7211507.2
60450,6051258.6
42791,4281322.8
9289,934488.8
84888,8489801.7
45867,4594103.9
72100,7226586.5
13381,1340414.3
27690,2772656
18149,1829948.2
85154,8518699.4
10851,1095539.9
19214,1925120
93450,9350673.1
25051,2506485.7
54300,5442438.1
22241,2225712
26853,2689625.5
42360,4239495.2
50710,5071797.1
7512,758423.9
28956,2898953.1
71001,7104645.8
96364,9648728.5
74315,7435387.2
4487,456380
75066,7519416.1
81374,8143861
92490,9250743.5
24686,2474395.5
81548,8161315.6
83789,8382124.2
82407,8244581.9
15763,1581323.4
56191,5629430.7
93324,9343406.4
75039,7512308.1
24270,2436202.5
19277,1936026
48799,4886995.7
86184,8624330.2
21217,2127258.5
90679,9072340.9
75873,7588881.5
58091,5813567.4
89396,8949480.3
87867,8788119.4
62655,6270255.7
55840,5587969.2
28720,2876831.3
79783,7983955.3
68260,6829892.6
4113,416148.3
29556,2962632
90300,9037944.8
80439,8046219.9
89245,8930367.7
42540,4264337.9
2978,307536.1
43038,4307230.6
65201,6522337.7
16200,1621661.1
24095,2409945.7
10503,1058224.5
90338,9040287.5
58402,5848466.1
7431,749725.3
55047,5512488.3
78897,7901129.7
52123,5219801.7
41157,4119982.5
12838,1286311.4
18285,1835040.3
33435,3349314
77618,7768108.9
64044,6406275.1
69788,6980862
5208,526474.3
69952,7001508.6
9613,969559.9
79915,7994470.5
99636,9969033
37822,3785912.1
33726,3376333.2
97854,9792071.1
80266,8030275.2
48875,4892360.9
35019,3510681.1
55020,5503232.1
29256,2933216.1
26943,2697365.4
11050,1107198.3
47413,4743556.5
20002,2015304.7
60216,6031741.2
83275,8331662.9
80150,8022700.1
38057,3809962.7
53449,5352469.4
33785,3380715.2
9463,956197.1
94370,9445972.3
44698,4473490.3
75743,7580464.4
17622,1767131.5
62662,6271685.3
17346,1740674
88899,8893227
72447,7257991.2
40555,4061001.3
91095,9115770.8
69810,6986464.3
27533,2761258.9
75271,7537873.2
42010,4206362.7
2169,221299.2
29004,2905549.2
32966,3303709.1
14859,1492436.2
33640,3367992.5
73808,7388725.2
30807,3083235.8
14243,1430473.6
82190,8221240.9
31968,3203508.5
23558,2359810.6
81063,8113870.8
9542,962999.8
39699,3977888.5
50788,5087258.8
41681,4173046.1
3798,385544.4
31044,3106033.9
46291,4633898.8
15727,1577602.7
67555,6758958.8
1903,193030.7
67271,6737040.1
39217,3932893.7
62532,6261175.8
36239,3634312
11987,1203183.8
32862,3296039.3
10983,1100529.1
94294,9439785.4
11157,1120482
59018,5907138.1
84807,8482192.8
31585,3165163.6
44670,4470923.2
16951,1701160.1
5892,601283.5
24971,2501574.4
56217,5629960.1
6138,617184.8
37582,3769640.9
18848,1887019.3
12107,1211581.1
71523,7159041.2
88328,8840872.2
22304,2235124
90523,9058136.1
91987,9208316.3
57719,5779467.7
87073,8719452.5
1878,195927.5
47184,4724350.1
45511,4558309.3
98450,9848719.9
38551,3867229.2
1359,145834.6
76903,7694030
67496,6752379.9
39756,3980007.9
25643,2571876.1
14043,1415900.4
82311,8239353.2
9333,939398.5
36563,3657222.1
33427,3351101
52552,5262997.6
1294,142745.1
19382,1943992.4
62805,6288112.9
76045,7605336
11660,1169525.9
65965,6607805.8
18243,1826399.5
45620,4572312.2
95620,9564517.1
44159,4422962
56819,5688459.7
45681,4575079.3
45885,4598304.1
42781,4280444.5
48919,4896296.6
4846,486151.5
31160,3125704.3
7033,708252.1
72797,7286052
59068,5910960.7
10737,1083375.6
5798,586009
63396,6347194.8
12196,1223454.7
45271,4533164.6
53885,5392191.3
21006,2101763.4
99184,9920683.6
27569,2765641.9
11064,1108539.2
60299,6035836.4
43337,4334979.3
6738,680185.3
7939,806926.1
33316,3340809
28193,2833176.1
60768,6083121
405,54382.3
78229,7831558.1
38892,3898426.8
16834,1691557.9
98767,9881688.7
19931,1998436.4
94165,9425553.3
3166,322863.6
14307,1438756.9
74927,7494035.3
46132,4624268.3
93683,9369675.9
22136,2217451.2
22334,2239252.7
94723,9476464.6
525,56225.4
44111,4421849.2
50839,5088531.5
81019,8108376.1
36137,3619989
56439,5650606
1937,201865.9
93001,9310693.2
67233,6731477.8
55682,5575110.4
97897,9799105
66836,6692953.7
78235,7835672.9
32419,3253478.1
54995,5507408
7133,723366.9
48223,4826979.6
28354,2842100
63613,6370994.7
40812,4088680.8
40736,4087187.4
93690,9372359.5
50276,5030850.8
21294,2133300.1
99074,9914551.1
24979,2508814.1
41441,4156420
97857,9790445.7
65931,6595633.7
39077,3908929.5
95690,9573812.1
82236,8231424.8
36539,3664156.4
99491,9957075
32185,3221329.8
59183,5924125.4
11006,1107901.5
24025,2415923.9
92120,9219455.1
63342,6349697.7
91418,9152058.2
99151,9918352
31429,3151080.1
92781,9284649.6
7719,777314.3
46313,4638363.8
53973,5404423.3
95748,9577750.1
64615,6469341.9
10876,1089783
38315,3839110
16733,1674111.9
17417,1743942
45946,4601566.1
32143,3219151.7
23409,2345459.2
58559,5856579.6
88182,8830006.4
12315,1240599.7
19520,1960957.8
79262,7927560.9
33550,3366345.9
45179,4519301.5
8677,877121.4
52517,5254743.7
53762,5387288.1
79553,7964369.6
9367,944409.6
20349,2039634.6
34433,3453087.9
1451,148347.6
21527,2157776.2
45209,4526043.8
93318,9340167.8
31437,3148110.3
4742,485143
48648,4875007.1
89003,8911885.2
25182,2526249.3
38890,3898194.1
8682,876659.1
17332,1742502.9
75671,7574463.3
5991,602374.1
46463,4653602.9
99774,9983069.1
60244,6031860.3
78747,7887317.2
47635,4774793.1
6591,663660.4
12997,1312665.7
16146,1619608.6
94792,9484212
2382,244305.7
71528,7159665
16249,1627810.9
34910,3499187
32396,3247610.7
50205,5023160.6
10697,1075136
50436,5051967.3
89215,8927554.6
88746,8880447.7
81582,8166678.9
17241,1730302.1
81401,8149175.1
41659,4171071.8
62268,6230294.9
91618,9166381.3
37151,3718557.2
17705,1780034.3
93558,9366616.4
3086,323109.6
30247,3034212.5
26580,2666936.7
21316,2138919.9
77646,7770618.8
39806,3990034.4
91624,9168443.3
96329,9643766.1
36580,3664202.8
50013,5014166
3763,381105.3
93256,9333157.1
85705,8575077.6
10714,1076250
10540,1059468.8
53326,5340791
96685,9682268.2
82158,8227135
24972,2511380.7
8746,880925.8
38449,3852125.9
36187,3624960
6518,653208.2
33785,3383514.4
20556,2057988.4
89198,8925638
39664,3973483.7
14401,1445095.6
49382,4945454.5
86571,8658306.7
10727,1077784.2
86688,8672319.8
79410,7949040.1
74330,7434095.1
1754,185004.3
93571,9365745.8
70380,7047022.6
40006,4012759.1
66327,6636303
86204,8625334.1
62752,6281821.7
49183,4922034.5
20755,2083312.7
82626,8278341.1
72993,7303799.6
91745,9177089.1
47803,4785479.5
26162,2622100.1
64717,6484598.8
69426,6948093.6
7954,803694
17341,1741766.1
36138,3619052.8
73072,7310814.9
83352,8341664
32337,3239612.1
30566,3061321.4
89114,8919368.1
3190,322180.4
77807,7781711.5
69665,6967594.8
5475,557404.7
872,94371.3
91187,9123299.7
96711,9677596
39289,3933825
3448,351335.1
24623,2469572.3
80995,8104164.9
62239,6233248.3
58413,5852813
26484,2654798.7
93466,9347751.7
71146,7123165.7
69133,6922630.2
16205,1621809.3
43815,4387387.5
21396,2150994.8
52416,5259907.2
95012,9505478.9
11617,1171852.6
96459,9655536.1
38443,3854728.1
47982,4808638.4
89500,8955536.1
50396,5044139.5
7759,784516.5
68925,6906463.1
67391,6749765.6
63567,6362145.3
25133,2516676
27823,2791784.1
3411,350289.9
44227,4424786.9
35849,3594490
64430,6453925.9
57581,5766399
55901,5594909.5
692,78924.4
27461,2755288.3
43496,4360682.1
8214,828785.5
57557,5762136.7
90070,9017234.3
10482,1055477
41440,4150108.8
82469,8250061.5
14774,1483681.4
5758,579242.8
51501,5154868.2
29396,2947040.5
68947,6899120.6
49617,4964077.5
27831,2788302.9
22348,2243084.2
67396,6744101.6
71930,7197994.8
51837,5187272.6
1220,134474.4
85238,8525952.8
20110,2021327.5
90178,9023404.9
2308,237020.8
64783,6488470
63345,6337954
4802,490922.8
82506,8260448.9
91525,9158303.2
97684,9772177.6
85990,8605325.9
88140,8828417.1
41086,4116465.7
70872,7092845.3
50015,5009733.8
90488,9056651.2
60050,6008607.2
57897,5792780.2
45339,4541883.3
41167,4121602.2
63648,6373960.5
18726,1876721.9
72938,7299819.7
8090,811168.1
20869,2101176
57300,5732956.2
19430,1949922.4
22924,2294397.6
50593,5066402.1
69667,6976846.6
23552,2359256.2
54029,5411241.8
82948,8299141.2
4398,442758
51781,5184433.1
55671,5574713
83281,8332688.5
49795,4983282.3
51482,5153891.4
34236,3429690.2
64005,6405309.4
72449,7252083.3
52771,5284748.6
68106,6818219
99907,9994473.9
42253,4228711.8
82295,8236958.5
77466,7753678.9
33625,3367500.4
31612,3164839.1
82524,8259448.5
68038,6807415.1
68144,6825041.1
89946,9002540.6
95546,9565439.5
39742,3977539.4
210,28028
99431,9946390.1
6036,610661.5
60937,6099170.2
84651,8469947.7
94474,9455097.1
51243,5134128.7
35586,3570719.9
89519,8957404.4
75340,7545012.8
68762,6887470.1
50539,5063590.6
38148,3824209
43613,4364937.3
86257,8638974
4194,423479.9
70519,7063851.4
55616,5571452.7
57041,5710382
39007,3912800.9
20869,2092339.1
27036,2708288
90536,9059110.2
97882,9792988.9
35287,3535222.3
91311,9137559.1
60596,6063866.2
73365,7340329.1
55281,5531300.4
42265,4234147.9
39595,3974677.3
83790,8383752
62977,6305166.9
49810,4988534
44782,4488135.3
79066,7908197.9
45091,4523785
16063,1612339.6
28920,2901901.7
29431,2945626.3
80671,8068598.1
98648,9875795.7
23336,2336967.8
65779,6583911.6
26508,2663765.1
82117,8217020.4
27949,2803182.1
58847,5886368.5
84311,8442220.1
9749,980609.8
1932,201541
83358,8341911.5
72006,7209550
80394,8045936.2
39132,3924407
89169,8927281.1
86467,8650673.4
54648,5478307.3
5856,598716.2
28722,2881430.1
54563,5461061.4
17847,1791186.6
69806,6986562
70178,7025331
68311,6836540.2
4258,430099.3
67140,6722509
14608,1468435.1
61185,6121085.8
1888,199583.8
92130,9223934.4
24516,2458884.5
55727,5575798.5
55558,5559731.1
98924,9901248.1
61279,6134906.3
19463,1957103.6
4449,451954.6
84634,8473995.2
75868,7591848.7
81639,8165695.9
49116,4923159.3
29711,2981766.9
77339,7736919.6
93471,9355268.6
42078,4218276.8
83730,8373982.5
93650,9375981.5
45125,4522380.9
36987,3703916.3
64425,6443543.5
13601,1371932.7
71595,7164867.7
19440,1951851
43251,4326826.1
90447,9048782.9
70636,7073600.1
51999,5207606.7
29498,2961653.8
59392,5944482.4
26656,2681384.1
84221,8426342.4
83175,8330590.5
72843,7288205.9
827,89927
36690,3674806.4
66847,6688898.1
22381,2245020
93244,9328474.1
70728,7079449
8300,837253.5
16859,1690521.6
71373,7141743.1
52871,5287746.8
4263,430459
83742,8380708
17505,1762789.3
14050,1413507.8
77370,7743358.1
6791,680406.8
77027,7705249.6
98843,9888362.6
94172,9424252.7
66518,6658518.5
27442,2748800.8
49592,4963740.6
89887,8994730.1
12865,1294048
33781,3392580.3
40933,4100223
81301,8137029.7
67761,6785841.7
20744,2087930.4
65934,6602264.4
50877,5097460.2
33055,3308068
75572,7572270.3
13914,1398582
80604,8063954.1
29613,2964803.2
81112,8117647.5
45860,4591104.9
261,29996.6
68825,6888057.5
26916,2696491.3
46421,4646143.1
59816,5982821.9
11149,1124971.9
71042,7108064.6
11875,1191250.8
63664,6373958.3
57431,5752664.5
52078,5212915.3
70757,7078138.1
30556,3062451.2
16809,1685229.8
5456,557575.2
12130,1222904.2
12551,1257504.2
61557,6163797.1
12939,1298332.6
85576,8558422.8
8064,811290.2
50599,5067362.6
53496,5354040.1
86405,8643680.5
18231,1832629.3
76918,7694890.1
40214,4028553.5
94801,9487999.1
20040,2015414.9
49942,5003821.8
52974,5304662.4
62710,6279618.1
66389,6644576.3
40619,4066846.3
59738,5975675.2
60842,6087203.8
95875,9597732.8
44803,4483091
40633,4069305.2
43359,4340729.1
98131,9822005.2
7101,715591.2
54469,5455583.9
67580,6765906.5
69893,6991116.7
31704,3174667.4
40557,4061491.8
75293,7535976.1
87596,8772432.6
77252,7730648.1
45963,4607265.9
36048,3614178.6
16058,1612601.9
50678,5071621.2
34835,3489669.7
80249,8034277.8
93670,9372029
73734,7374998.1
5058,514459
24957,2506130.5
7764,777955.8
93664,9371580
53104,5314198.6
57990,5802883.2
84308,8433276.5
48559,4864445.8
59971,6000649.8
29004,2908364.1
45524,4562413.3
18844,1887200.6
61141,6121399.7
21261,2131594.8
95602,9566578.8
8708,879427.7
91342,9143600.9
7789,784603.8
56726,5683041.8
40784,4085952.8
9448,952004
6570,667714
23213,2327859.8
26444,2649524.7
23320,2337805.3
92782,9287161
86163,8621912
10128,1021009.4
9861,990552
70435,7048486.3
67843,6786741.8
2871,298537.8
9008,907736.9
40037,4012108.5
11260,1131709.8
41212,4128709.3
91743,9181611
45738,4583032.1
636,73625.1
37171,3723277.4
11646,1169371.7
5620,566525.6
19373,1949240.7
32794,3279960.6
28373,2842729.3
89823,8987070.2
64533,6454096
17515,1754203.2
24040,2412253.5
48289,4835241.5
17513,1754716
20401,2047409.4
6009,610176.9
85104,8517206.4
65886,6592196.2
79096,7917449.5
95098,9510300.2
54336,5442172.5
85300,8536653.2
40906,4094554.8
82585,8265084.4
73021,7311448.2
57044,5713004.2
78882,7893540.4
56013,5611203
60863,6091262.5
83520,8359050.2
71848,7189666.7
69067,6911055
79653,7972109.3
16977,1706568.9
13594,1365330.9
4711,478449.7
89124,8919357.3
62599,6268809.2
74572,7463538.3
56197,5625138.6
66687,6675401
47519,4759722.6
21581,2166100.7
16956,1705161.8
56148,5617858.7
85429,8546147.4
84058,8415755.4
18604,1861172.3
90179,9023038.9
60135,6024974.1
45506,4556396.6
95730,9583824.1
51121,5123563.7
63915,6395585.9
9629,968526.4
68837,6887892.3
39239,3933198.2
58917,5898396.6
46921,4697734.1
65555,6565694.1
2355,246001
21851,2188090.4
19677,1979423
39661,3974103
20967,2108465.5
9057,906900.7
46301,4637166.8
92238,9237221.8
41880,4192229.4
44459,4452340.4
10821,1086242.8
24560,2457903.9
864,89905.9
23212,2327333.5
31459,3155046.5
80206,8027224.4
48926,4896578
9109,923884.7
48403,4841127.6
12011,1208645.8
6470,656687.2
55872,5591474.8
37213,3734467.6
55851,5592415.4
48395,4845798.1
27946,2797128.9
12066,1207916.2
59109,5914617.3
57801,5787838.9
1448,154560
40571,4058935.4
85030,8509868.9
26690,2677484.6
97110,9717346.8
77591,7767753.2
10109,1018391
3712,378944
61485,6150376.8
39818,3990192.9
24064,2414680.5
76818,7688569.6
96767,9680781.7
7184,724159.8
63062,6307914.3
33793,3386082
26089,2615439.9
9223,927886.6
64717,6479615.8
1513,155010.2
89008,8911947.5
4803,485590.6
64128,6418143.9
47956,4800729.6
96915,9695754
98025,9813291.5
95148,9522550.8
93283,9333627.6
80837,8089906.3
64869,6492457.6
44750,4479097.8
55840,5588693.5
40934,4096884.8
32951,3300626.2
99552,9964331.3
62093,6222279.4
72445,7249734.3
83352,8348414
65494,6562471.4
11084,1113370.8
81974,8207704.3
81262,8132826.1
78453,7859262.7
5598,562211.4
58852,5892490.2
32389,3247575.7
57798,5783464.7
45947,4595814.9
74390,7441689.3
56711,5673734.4
10048,1006643.1
68783,6885739.4
27586,2762137.1
74190,7425893.7
77724,7779385.5
78851,7891785.8
88521,8857964.8
72527,7256618.5
10987,1106231.7
81531,8158198
67870,6793060.7
68738,6884205
48452,4853030.7
51040,5107385.6
71549,7163168.6
60828,6089951.8
59348,5938039.2
26861,2687627.3
43278,4340381.1
41494,4155958.7
27881,2797847.5
8114,817743.7
92373,9247617.6
95337,9543247.7
5246,532545.8
52337,5243778.9
14894,1495322.8
87840,8785859.3
47765,4781324.7
99510,9951800.2
21364,2145401.6
58774,5884531.1
80922,8105660.2
62302,6239702
98032,9812466.9
42363,4238826
21536,2165059.6
86732,8680037.6
49305,4939975.6
48820,4890832.7
23407,2350099.7
14611,1468749.4
17368,1745031.1
77927,7796739.1
71436,7149795.4
82643,8274608.3
65273,6533559.9
58871,5893000
93506,9355304.4
81600,8163638.8
12716,1278601.2
46422,4645311.6
18106,1813621.5
22390,2242019.1
64982,6501591.2
6824,690852
69942,7000444.8
28247,2837586.6
83564,8366616
86720,8676437.9
53978,5399425.1
78993,7905911.7
19537,1960626
81330,8134552.6
55115,5522593.9
83615,8367434.1
24176,2424926
87186,8725843.6
76718,7678291.3
34686,3478751.8
1372,141991.4
85391,8547440.7
88190,8825664
29465,2948873
36475,3653259
14807,1488467.6
13176,1326833.6
33747,3379216.1
72586,7260767.7
6040,611596.5
17791,1786416.6
37542,3760359.4
4991,510147
35375,3547723.1
68760,6886258.9
43667,4376408.3
28472,2857049.8
45916,4603170.9
39110,3915015.8
54484,5453182.6
88828,8887849.4
37875,3791076.6
33709,3378877.7
4574,463922.2
38713,3888712.8
48796,4884112.8
98350,9843345.2
5675,570150.4
13079,1312452.1
80282,8034878.4
27842,2797107.1
94351,9442916.8
12903,1297674.5
85474,8552671.8
48033,4807525.4
13344,1342649.1
86663,8667440.2
22387,2243743.8
44247,4426084.2
35226,3527233.2
70293,7035614.1
94396,9443018.4
69665,6972179.9
14948,1505852.1
82610,8265361.1
89173,8921642.9
48805,4888277.2
50077,5009343.6
32616,3266801.3
2750,287478.8
27532,2763972.6
44924,4493620
23378,2344668.6
64441,6448195.1
74760,7486764.1
70794,7084340.4
44528,4457099.5
58628,5868912.1
45692,4572466.1
67417,6743688
68731,6879026.5
81573,8164179.6
15859,1591965.8
34071,3416473.5
82131,8222305.2
2695,275276.6
51891,5189836.8
82469,8252420.9
31785,3187741.6
81147,8119401.6
13024,1309075.7
35160,3527556.4
56284,5632964.9
1095,112264.3
60250,6031090.9
49114,4919199.5
66289,6635346
62940,6299150.1
90220,9025281.4
13984,1402812.2
27961,2797091.9
90626,9064610.7
59735,5984019.9
75841,7594188.6
15417,1549279.2
41381,4142103.6
45301,4535094.1
8305,832871.4
39032,3907832.8
36223,3627823.8
6127,620272.3
42903,4295529.1
18485,1853308.9
71296,7132660.3
33296,3335730.8
63259,6330378.1
28584,2865308.3
88258,8833655.5
83639,8374057.6
51721,5175060.2
90253,9026845.1
26659,2668012.1
99985,10004278.3
61235,6128731
31451,3153350.5
14366,1442920.9
96237,9631795.5
51391,5145855.8
61448,6148309.1
16789,1681437
67527,6758641.5
86472,8649820.7
45521,4558227.9
23782,2385528.4
36704,3682620.7
59718,5984334.8
88548,8861525.2
91270,9143432.9
71414,7143211
65653,6571168.2
62770,6279209.8
88346,8837282.7
48817,4888333
59213,5929279.1
65160,6519621.6
86045,8605790.1
6820,692421.1
33704,3375891.6
10460,1049039
92256,9231273.4
85490,8554109.3
74012,7410308.8
53155,5324888.7
41573,4165283.6
46413,4652547.2
99932,9994093.4
47715,4772829.2
41565,4164038.1
98213,9829274.5
79435,7952569.5
9517,953039.8
5329,539067.4
79988,8007659.9
34800,3489284.3
40505,4056422.3
22034,2208860.4
15610,1563268.9
10175,1021635.3
51528,5153572.9
76014,7606246.5
3048,313086.6
9035,907584.6
43501,4361707
14865,1492518.9
74409,7452174.4
97863,9794827.2
68115,6812481.4
51107,5123101.6
55804,5594137.1
49431,4950904.3
42385,4244666.6
36569,3658624.2
82006,8204443.5
31241,3131372.7
65531,6565552.4
87886,8796722.6
21792,2182502.1
20175,2022153.1
72871,7292041.8
47582,4771608.7
63961,6404321.2
40816,4088073.4
27899,2799475.8
74571,7462659.8
71469,7154294
94313,9433714.1
34511,3453372.6
56999,5709030.7
23450,2351048.3
43001,4311748.7
48825,4884350
15728,1582527
4840,490232.3
79603,7964199.1
26328,2639712.9
93656,9372651.7
16771,1682658.4
35285,3533836.8
50747,5078303.1
28452,2849892.7
97763,9781005.4
75461,7556204.1
50931,5101339.8
83028,8314727.5
86084,8611089.2
99506,9956712.9
87669,8770848.8
16971,1705102.4
16856,1698227.3
92853,9292239.5
58332,5848290.6
46219,4631239.2
4780,485037.3
75095,7513525.9
19796,1984461.5
41867,4199195.4
46187,4630712.8
7631,769449.9
50384,5041905.5
2041,210233.4
19606,1961926.4
77646,7770073.6
79401,7941702.6
79380,7943681.4
77337,7739167.1
30551,3063018.9
9758,976405.4
71370,7139541.3
42167,4223638
68826,6884918
9529,959254.9
40869,4094441.5
58938,5905161.6
58528,5855444
18491,1854892.7
28739,2878087
8242,841275.3
72120,7218350.5
70274,7032807.7
34477,3453950.1
78088,7809475.4
46899,4698499.6
34428,3450922.2
28168,2831367.9
61839,6189722.9
31657,3166331.6
43717,4381556.2
54715,5472607.7
23623,2368635.7
23759,2380283.6
25275,2531559.1
13323,1344350.9
87763,8777041.4
2905,301329.8
8403,847532.4
79594,7962250.7
19773,1982544.8
41110,4116694.5
55660,5576601.1
6051,610578.4
22907,2296157.7
58679,5874828.1
55023,5510997
51124,5114003.8
97422,9744055.6
66057,6615509.3
81319,8139384
12492,1264869.7
86634,8666233.9
23073,2309877.1
99171,9924776
81458,8151151.2
92661,9276448.1
43026,4305570.2
20259,2028945.8
60589,6062827.3
27328,2739562.2
88399,8845285.6
90474,9048417.6
11062,1116815.9
6639,670298.4
98731,9883764.5
94556,9461299
25681,2572151.9
76347,7639752.5
56609,5665792.2
28825,2886304.1
78018,7806848.2
87873,8793354.7
69080,6911181.4
14945,1501436.5
95312,9536803.5
15167,1525393.6
89775,8983705.7
44718,4478514.8
68339,6839127.3
52532,5256504.5
4882,491123.7
78852,7896437.9
48214,4823541.3
90764,9082052
90957,9099516.3
15348,1538968.8
75112,7516112.4
50664,5075617.6
93176,9325657.2
14194,1429956.3
79133,7919804.3
25954,2606155.7
88639,8869723.8
60513,6056822.4
66759,6680456.6
7392,745873.7
87718,8779276.2
87111,8721856.4
37340,3737836.3
70062,7019332.8
18441,1849321.3
51650,5173330
19686,1975347.9
3796,380273.9
50148,5027305.9
24628,2469754.8
38936,3898567.5
55059,5512765.8
99372,9949480.8
59728,5982206.1
18795,1889475.8
9641,972497.6
54050,5411419.9
71195,7126909.7
38758,3879708.1
56577,5663240.2
94122,9414686.9
65062,6507002
44317,4440293.6
58304,5836868.6
52169,5223905.7
98856,9898436
85462,8554218.6
51703,5179465
8021,811991.6
30415,3047736.5
82377,8241348.4
5135,517460
57738,5777659.1
8108,821804.2
75489,7556389.6
71332,7141075.5
34827,3489107.7
97586,9763040.5
81070,8114602.9
64963,6502097.6
23417,2346324
16576,1667807.6
75520,7559921.2
70420,7049805.9
78694,7886042.6
26681,2675051.4
10902,1096338.6
84952,8503506.8
67972,6804439
44002,4406097.7
51539,5155289.6
41702,4171457.4
87159,8721274.8
77304,7741198.9
50168,5022293.3
96656,9666332.1
85768,8585566.1
76707,7680085.7
10359,1041647
3160,322507.3
83015,8310321.6
13659,1373742.5
62751,6284421.5
63354,6339390.9
26486,2654347.1
58029,5806004.7
18022,1805173.2
31005,3101945.8
4794,484773.8
90763,9079021.4
21272,2133856.4
53895,5391102.2
7113,721332.4
55490,5562772.8
91623,9175404.3
94081,9411954.5
13176,1326496.7
30587,3068624.4
13019,1305988.4
50578,5070180.1
40364,4043483.1
13851,1387301.8
96134,9620433.9
32974,3300049.5
65164,6520948.5
44206,4430871.9
37717,3779961.8
79724,7974507.3
81055,8117507.7
63297,6336856.1
84392,8446849.2
35894,3596400.9
48691,4873423.1
35272,3537699.3
24634,2467773.1
63533,6356386.6
84288,8431708.4
77271,7734866
62556,6265865.4
46903,4693749.8
47553,4766558
63209,6328708.7
7772,786743.9
22533,2257079.9
17238,1727943.7
8872,893632
49770,4987248
28703,2871699.9
45234,4530621.7
95296,9535271.6
83220,8325254.1
2442,248869.9
61905,6200309.5
3951,407002.2
77963,7801793.4
27947,2800892.3
22585,2260762.1
64468,6452783.8
54272,5431596.2
1677,172086.1
88629,8868226.7
62942,6299991.5
96145,9618797.7
54859,5486707.3
32985,3299999.5
99362,9945650.8
25486,2555004.8
28220,2832735.1
63119,6324403
7628,771290.1
7936,802470.4
23198,2326468.9
10683,1071100.5
43402,4344251.9
10683,1072185.4
68577,6862389.4
14984,1507691.7
27803,2788829.5
92899,9297472.4
64078,6411825.6
25388,2547048
97199,9725164.7
53351,5339199.6
74954,7496261.1
90531,9057018.1
40469,4052522.7
65132,6519815.2
93634,9370714.5
56917,5694889.7
89869,8994067.9
28748,2880426
59643,5976883.5
3951,404207.6
11813,1189156.1
9773,981494.6
81875,8192107.2
76669,7670105.1
35962,3601900.6
63382,6351347
82984,8298997.6
56004,5605555.6
29835,2995285.5
2033,207490.2
50306,5042108.2
9698,972465
33795,3390988.4
23841,2385994.4
91701,9174276.4
1658,168970
13868,1390606.8
61403,6146343.4
79563,7964408
18874,1893891.9
83945,8400215.4
18183,1823516
19645,1971089.9
51744,5181732.7
24859,2492272.3
10478,1055816.1
75788,7585467.5
61361,6138782.2
77283,7732214.6
88673,8871019
32510,3256418.1
27333,2735397.9
5853,592333.6
53842,5385104.3
15662,1573827.8
67103,6716138
93906,9400748.6
91857,9188779.5
79132,7918754.7
64213,6422841.6
6486,656911
70768,7081550.6
53869,5395151.2
82557,8262789.3
48107,4815768
36934,3700225.7
460,47967.6
38321,3842187.8
84311,8438142.4
17466,1753239.1
24478,2449805.4
34455,3453476.3
18464,1854224.6
38798,3888211.2
55485,5555218.3
5767,583642.6
36683,3676170.6
55850,5586343
14871,1491001.6
60861,6095914.7
19219,1926624.4
41700,4175901.1
13296,1336777.3
21479,2157779.8
76699,7678118.2
29755,2981844.3
2121,218834.6
1956,196856
38470,3857901.8
25963,2606507.8
1314,133536.8
86046,8610597.5
50550,5060805.6
25594,2564288.7
95011,9504611.5
20470,2048310.8
66041,6607179
6192,626148.7
45524,4557896.3
13767,1380386.9
32769,3283212.1
47831,4786919.1
58752,5881679.7
92075,9216323.5
91711,9178971
56421,5647730.8
23449,2351391.7
78124,7817265.8
70753,7083236.1
50380,5047474.3
86387,8643504.8
18161,1823328.5
41992,4205820.6
56420,5646520.1
78620,7865911.9
10919,1100481.4
64101,6415461.3
54200,5422645.4
77260,7733589.7
55015,5502830.6
10212,1032298.8
69055,6913685.8
54369,5444916.4
89338,8936753.4
75363,7542240.7
1565,160603.5
52568,5267684.7
21833,2185600.1
77654,7773631.7
5537,563383.3
70596,7065331.9
9947,997753.4
47757,4777071.3
57044,5710088.1
74139,7417297.2
54043,5408152.6
95549,9560988
57662,5773073.3
2671,272272.9
36417,3652839.7
65583,6562118.1
82927,8299669.4
4733,474915
96943,9705501.2
3814,386744.7
72959,7297849.8
96594,9660809.8
61073,6110676.1
73888,7403575.9
24150,2427187.5
64949,6502211.9
12179,1224992.2
91725,9175749.6
15415,1547708.7
58576,5866480.8
49140,4924574.6
30397,3055190.2
76846,7686437.6
72829,7290006.8
62008,6206633.5
153,22499.2
97952,9802960.2
27729,2778832
17874,1793943.8
21459,2149347.9
73097,7319620.1
83038,8309431.1
49388,4949238.9
40086,4014081
75102,7512707.2
21973,2198209.5
4221,423295.9
35661,3569832.9
66612,6664920.2
29402,2941520.3
64937,6498696.6
9632,975297.5
56513,5658870.5
76324,7634053.9
27445,2751364.6
86383,8648031
53822,5394409.1
28655,2876205.4
86990,8702130.1
73553,7362215.9
79875,7993442.6
70124,7017698.4
55992,5608196
4962,503297.8
62859,6292755.5
63990,6407670.3
70041,7009466.9
5702,576089.5
85306,8534440.6
5378,545933
89549,8967748.6
98554,9866707.7
34946,3500553.4
97419,9746318.1
51796,5189796.8
23560,2364937
27681,2779327.6
77385,7743828.6
54563,5458840.2
73975,7401901.6
26268,2631701.2
41602,4161555.9
66331,6634006.7
24386,2443941.4
13904,1398346
2206,223821
26017,2603509.9
40691,4074610
32413,3252165.4
86139,8615540.1
93351,9338401.4
54183,5421212
3605,362853.7
39881,3994434.8
68399,6851767.1
75387,7547628.8
86986,8701153.6
14982,1504671.2
5902,601531.4
16268,1627917.7
40506,4051267.6
74701,7474987.1
19778,1980095.2
77226,7730743.6
82333,8236936.7
37986,3805643.1
41330,4139270.2
87627,8766795.5
31856,3191751.8
76480,7651622.4
26907,2701055.3
45452,4546984.2
2475,254501.2
90996,9112369
5537,560359.2
96173,9623811.5
33545,3361070.6
341,35371.3
21514,2153602.9
1726,176425.9
44403,4448474
83841,8390030.5
59036,5905107
1440,146708.4
