SquareMeters,NumberOfRooms,HasYard,NumPrevOwners,Attic,HasGuestRoom
75057,63,1.0,5.0,6084,6
70919,11,1.0,10.0,1290,10
29710,96,1.0,8.0,4716,2
61798,46,0.0,1.0,8006,0
6313,53,1.0,6.0,8642,0
60375,50,0.0,9.0,5057,9
69421,45,0.0,2.0,4985,9
89086,4,0.0,10.0,2972,9
68603,60,0.0,9.0,7023,2
12448,59,0.0,2.0,4762,0
37945,85,0.0,8.0,7570,5
34867,42,0.0,5.0,4868,1
16547,85,1.0,5.0,3447,10
58218,14,1.0,6.0,3235,10
28790,88,0.0,2.0,9630,10
92822,54,1.0,10.0,6951,5
89217,75,1.0,4.0,9333,8
65822,14,0.0,7.0,6662,5
617,21,1.0,4.0,9336,3
37171,98,0.0,5.0,723,9
82918,54,0.0,10.0,4203,8
4130,26,1.0,6.0,9141,7
95145,60,1.0,9.0,6839,4
58864,11,0.0,3.0,9803,9
94363,61,0.0,9.0,2239,7
78204,16,0.0,8.0,1136,9
71588,89,0.0,7.0,5378,5
68579,67,1.0,2.0,7099,4
19174,44,0.0,3.0,6766,9
90646,21,0.0,1.0,4738,3
81430,82,1.0,6.0,2909,4
99428,94,0.0,6.0,3046,3
60815,2,0.0,10.0,7559,5
95591,90,1.0,5.0,1139,10
47497,18,1.0,5.0,3996,6
65725,75,0.0,9.0,6832,9
21360,8,1.0,7.0,3286,4
56559,23,1.0,4.0,1223,4
45440,74,0.0,10.0,7129,0
13112,74,1.0,9.0,1105,9
68276,71,0.0,4.0,7020,10
64518,90,0.0,6.0,3638,6
56093,94,1.0,10.0,6187,2
84653,83,0.0,8.0,299,1
96169,51,0.0,3.0,9920,7
57789,60,1.0,6.0,7192,5
93091,33,1.0,9.0,8404,8
87190,99,1.0,7.0,5913,0
38998,68,1.0,3.0,6035,2
97134,61,1.0,4.0,5077,7
39309,80,1.0,3.0,6462,7
70751,87,1.0,8.0,2319,7
63086,91,0.0,2.0,7398,10
25472,23,0.0,3.0,5106,9
3514,8,0.0,6.0,5840,2
99134,67,1.0,9.0,9674,2
82653,31,0.0,6.0,2348,3
3723,75,1.0,10.0,9834,3
28232,6,0.0,10.0,8322,1
46838,49,0.0,8.0,9273,6
90562,47,1.0,1.0,8224,4
562,95,0.0,5.0,1092,10
5603,75,1.0,10.0,6398,5
61704,20,1.0,6.0,3805,6
49579,99,1.0,10.0,6666,8
59885,28,1.0,4.0,7183,3
72109,81,1.0,8.0,1567,8
41965,87,0.0,4.0,7371,7
94216,32,1.0,9.0,4231,3
39166,68,0.0,5.0,5967,7
9923,41,0.0,10.0,1899,7
49374,38,0.0,6.0,5269,10
76316,99,0.0,1.0,262,2
26089,30,1.0,2.0,7946,9
98045,21,1.0,10.0,3182,3
69594,47,0.0,3.0,128,5
56966,77,0.0,7.0,4039,2
64795,53,1.0,10.0,4387,7
39574,37,1.0,1.0,4867,1
49014,54,0.0,3.0,5627,2
17034,50,1.0,2.0,5877,5
18742,10,0.0,1.0,9056,6
98794,80,0.0,2.0,6710,8
72207,46,1.0,2.0,760,3
54881,24,0.0,10.0,6763,2
12873,1,0.0,5.0,8515,5
66263,51,0.0,7.0,7982,8
26965,29,1.0,6.0,6704,6
9433,84,0.0,3.0,3404,7
95293,80,0.0,4.0,8860,5
86619,36,0.0,4.0,2877,8
8677,63,0.0,1.0,579,3
83153,43,0.0,7.0,1912,9
81892,7,1.0,10.0,2785,6
21293,25,0.0,1.0,3384,9
43636,13,1.0,1.0,9943,5
1254,23,0.0,3.0,2943,1
96953,70,1.0,9.0,3973,7
92877,22,1.0,3.0,5905,8
37312,40,0.0,4.0,3060,4
44075,60,1.0,2.0,1188,8
55845,73,0.0,2.0,294,9
68565,89,0.0,2.0,6951,6
87484,77,0.0,1.0,654,6
89220,31,1.0,9.0,6571,8
31525,25,0.0,1.0,5465,0
52579,55,1.0,6.0,2129,7
30803,39,1.0,10.0,8633,6
82120,31,1.0,4.0,9314,0
71171,22,1.0,1.0,103,4
579,8,0.0,2.0,7544,7
89204,69,0.0,1.0,8696,6
5904,56,0.0,7.0,8978,1
92629,62,0.0,8.0,1667,3
77553,96,0.0,10.0,4969,8
3542,16,1.0,8.0,5570,10
10749,68,1.0,7.0,6098,8
38021,76,1.0,2.0,915,0
97193,47,0.0,2.0,843,5
13309,20,1.0,8.0,7675,5
10708,84,0.0,6.0,118,10
77460,95,0.0,9.0,7172,2
94133,93,0.0,5.0,803,10
99869,63,0.0,7.0,5049,10
66370,15,0.0,3.0,5636,7
74780,86,0.0,2.0,1338,1
89925,25,0.0,7.0,8115,6
28808,71,1.0,10.0,1103,3
28640,68,0.0,2.0,7148,1
15517,54,0.0,9.0,8916,4
11059,42,0.0,9.0,2984,0
86183,10,1.0,10.0,8395,0
19408,71,1.0,6.0,3514,5
26958,32,1.0,2.0,919,0
45859,4,0.0,2.0,3239,9
55845,54,0.0,7.0,6103,7
43304,52,0.0,2.0,6444,9
79511,16,0.0,5.0,764,5
88501,53,0.0,3.0,279,8
75616,74,1.0,10.0,1227,9
18368,21,0.0,9.0,5404,10
5375,33,1.0,3.0,7106,3
6707,72,0.0,4.0,5004,0
92190,11,1.0,10.0,3753,2
25432,58,1.0,7.0,3243,7
37793,34,0.0,4.0,9413,0
60854,27,1.0,7.0,2872,1
91531,85,1.0,8.0,5229,1
68876,40,1.0,7.0,5567,2
7608,98,1.0,7.0,4430,4
68717,60,0.0,10.0,9447,4
65723,52,1.0,6.0,1872,4
80039,64,0.0,4.0,1720,1
62744,34,0.0,9.0,8558,4
33624,60,1.0,1.0,8882,1
7939,23,1.0,4.0,9245,9
62854,33,0.0,6.0,7510,10
51757,81,0.0,1.0,3378,4
32497,56,0.0,7.0,6207,1
32267,51,1.0,8.0,6809,2
92490,40,1.0,3.0,3435,2
72677,78,1.0,10.0,2431,10
68744,89,1.0,5.0,1368,3
87436,65,1.0,5.0,7593,6
80776,37,0.0,8.0,8122,8
30472,87,1.0,7.0,4036,1
52141,65,0.0,1.0,8866,5
51777,6,1.0,1.0,7721,8
40280,72,1.0,7.0,7269,6
79457,58,1.0,4.0,5374,6
93568,51,1.0,5.0,2275,7
656,98,0.0,3.0,932,10
28997,16,1.0,3.0,5924,5
97147,4,0.0,9.0,9304,0
69411,45,1.0,2.0,6724,3
38190,42,0.0,5.0,7363,0
81473,12,1.0,3.0,6267,2
23682,31,1.0,10.0,9969,4
81448,44,0.0,10.0,7801,8
16127,73,0.0,8.0,4172,6
61486,18,1.0,4.0,5658,7
96526,1,0.0,5.0,6972,6
55287,83,0.0,1.0,1665,3
86820,16,0.0,1.0,6761,1
93373,79,1.0,7.0,6912,4
33098,24,1.0,10.0,9677,5
69898,71,0.0,1.0,2650,3
11401,44,1.0,6.0,5418,3
66705,50,0.0,6.0,8258,9
38947,88,0.0,4.0,3415,8
65205,6,1.0,1.0,4422,5
19339,2,1.0,3.0,9342,4
23971,18,1.0,1.0,7696,7
50944,19,0.0,4.0,819,1
43283,59,0.0,8.0,3881,10
29323,58,1.0,8.0,8783,8
81362,72,0.0,7.0,2565,6
8941,4,0.0,5.0,4065,1
34967,30,1.0,4.0,4297,1
66555,56,1.0,10.0,8138,4
85985,4,1.0,1.0,5117,6
85645,49,1.0,3.0,5116,0
39215,18,1.0,10.0,5647,7
56643,14,1.0,4.0,8746,7
60479,97,0.0,6.0,5865,4
20348,57,0.0,10.0,1777,2
66371,49,0.0,5.0,3616,9
31291,16,1.0,8.0,9644,8
7330,54,0.0,9.0,5927,4
41502,81,0.0,9.0,3928,7
23027,52,1.0,5.0,5746,6
53371,41,0.0,2.0,1530,6
26997,44,1.0,1.0,80,1
16806,10,1.0,6.0,2749,0
44304,87,0.0,10.0,6303,5
66563,56,1.0,7.0,6929,3
89812,74,0.0,7.0,3059,8
39302,41,0.0,6.0,4989,4
44799,32,0.0,5.0,4727,6
36268,23,0.0,2.0,4511,4
86676,22,0.0,2.0,7836,3
83120,8,0.0,1.0,9939,9
25341,85,1.0,1.0,3406,0
25105,8,0.0,7.0,471,3
54090,61,1.0,7.0,8989,0
80610,64,0.0,1.0,8636,2
65507,43,0.0,3.0,1788,2
27204,73,1.0,10.0,6135,1
79025,88,1.0,9.0,6689,7
3452,7,0.0,8.0,9422,1
21550,89,1.0,7.0,4046,10
11657,88,0.0,5.0,4985,0
28103,84,1.0,1.0,3358,1
47957,13,1.0,1.0,6563,5
63519,91,1.0,2.0,5368,10
76021,71,1.0,5.0,9613,0
88259,8,0.0,2.0,9058,5
82787,69,1.0,10.0,8936,6
56517,45,0.0,5.0,7822,8
29096,51,0.0,2.0,2171,0
36216,15,0.0,3.0,8881,1
5139,71,1.0,5.0,6548,2
25487,54,1.0,10.0,6098,2
35733,25,0.0,9.0,5810,3
16735,92,0.0,9.0,182,1
56202,3,0.0,5.0,4928,5
12426,33,1.0,2.0,262,9
33984,100,0.0,10.0,7452,3
98651,32,0.0,10.0,131,10
5117,58,1.0,3.0,3784,6
56800,87,0.0,9.0,2005,9
90904,25,0.0,10.0,4006,9
26923,55,0.0,1.0,3340,2
15734,35,1.0,3.0,9480,8
17513,81,0.0,5.0,801,8
14052,47,0.0,6.0,8215,5
19727,58,1.0,5.0,2920,7
77423,58,1.0,1.0,866,9
65904,84,0.0,1.0,3922,0
29001,49,1.0,10.0,8164,5
32361,44,1.0,10.0,3216,3
93174,36,0.0,8.0,2493,1
71192,8,0.0,7.0,1576,5
68128,39,0.0,5.0,8783,10
98923,61,0.0,8.0,9134,0
72196,50,1.0,6.0,3606,1
99278,10,0.0,5.0,3920,2
30896,94,0.0,4.0,6784,0
50293,82,1.0,6.0,2929,1
18229,24,0.0,3.0,2166,4
79224,87,0.0,7.0,4915,0
91975,49,0.0,4.0,7865,10
36387,4,1.0,9.0,7796,2
32136,96,1.0,7.0,2390,4
20995,5,1.0,2.0,5667,5
94361,77,1.0,10.0,3279,7
53019,41,1.0,5.0,7180,4
8609,35,1.0,5.0,7554,4
64245,59,1.0,2.0,8736,5
28192,64,0.0,4.0,1048,1
14933,56,1.0,1.0,316,7
54323,79,0.0,5.0,8177,1
92204,27,1.0,4.0,2590,10
3314,3,1.0,8.0,169,0
17466,80,0.0,6.0,4415,1
17389,98,1.0,1.0,9714,3
23444,72,0.0,1.0,4186,4
24097,42,0.0,1.0,7433,1
59850,12,1.0,8.0,2845,10
88387,59,1.0,3.0,9635,3
17671,45,1.0,6.0,3910,3
8537,59,1.0,8.0,3491,7
19183,18,0.0,10.0,5616,3
74178,54,1.0,5.0,6167,9
10562,38,1.0,7.0,1842,1
77339,55,0.0,4.0,8625,8
9842,92,1.0,1.0,2586,10
39477,84,0.0,7.0,9193,5
22482,95,0.0,1.0,1563,8
26592,72,0.0,9.0,1414,10
27008,9,0.0,4.0,2156,7
48768,37,1.0,6.0,9038,6
81967,13,1.0,4.0,2916,1
94845,37,1.0,2.0,6419,0
22451,98,0.0,9.0,2551,2
89087,2,0.0,7.0,8734,1
4881,78,0.0,3.0,7884,6
31484,95,1.0,10.0,1825,0
42616,83,0.0,4.0,2319,1
99840,13,1.0,5.0,5206,4
67360,55,0.0,8.0,4975,6
70010,92,1.0,9.0,7179,1
23228,16,0.0,2.0,1392,3
67055,85,1.0,8.0,6604,9
39758,19,1.0,5.0,9859,0
47618,53,1.0,6.0,8714,4
39897,78,1.0,5.0,1567,9
49729,3,1.0,10.0,4051,0
86564,12,1.0,2.0,4281,1
7426,29,0.0,6.0,568,5
97110,72,0.0,1.0,4241,8
83738,35,0.0,6.0,2170,2
77716,85,0.0,1.0,4964,5
88251,56,0.0,6.0,2546,6
38800,99,0.0,4.0,6725,0
54789,36,0.0,8.0,7969,9
99099,42,1.0,9.0,1739,9
77018,26,0.0,10.0,8672,6
69707,67,1.0,8.0,8149,3
84211,28,0.0,5.0,1242,2
59752,83,0.0,5.0,7609,0
37815,67,0.0,8.0,7152,0
18681,89,1.0,3.0,5526,5
28285,28,1.0,1.0,8084,1
59773,42,0.0,5.0,9213,10
87566,38,1.0,8.0,5281,6
58801,69,1.0,3.0,378,1
6454,29,0.0,2.0,3205,2
87590,42,1.0,2.0,4058,1
25532,94,0.0,1.0,4906,3
15791,20,1.0,1.0,5340,7
32737,24,0.0,1.0,8248,10
74097,11,0.0,5.0,9731,7
24995,59,1.0,10.0,5027,3
13591,18,1.0,6.0,5983,4
77100,83,1.0,7.0,3127,8
21189,23,0.0,7.0,8668,3
28195,80,0.0,6.0,5675,5
92363,66,0.0,9.0,186,5
31752,69,1.0,3.0,7808,7
94966,64,1.0,6.0,263,1
35493,27,1.0,5.0,5585,2
78152,6,0.0,1.0,6251,3
13874,91,1.0,7.0,6859,4
74893,14,0.0,6.0,5764,7
36314,100,1.0,7.0,1273,5
34804,35,0.0,6.0,3601,3
33783,24,1.0,4.0,8369,4
47739,40,0.0,4.0,7432,0
39108,64,1.0,10.0,2300,5
36823,16,0.0,1.0,5586,9
88221,94,0.0,10.0,4823,5
78977,96,0.0,2.0,2583,3
99680,12,1.0,5.0,9590,2
5658,56,1.0,6.0,7786,1
15526,11,0.0,4.0,8571,1
62964,16,0.0,10.0,1247,4
89172,65,0.0,9.0,3283,4
111,32,0.0,4.0,2795,7
43467,34,1.0,3.0,2690,6
35112,98,0.0,1.0,8759,10
6600,61,0.0,1.0,5113,8
46709,69,0.0,9.0,7379,3
6856,55,1.0,9.0,9026,6
7148,50,0.0,3.0,4720,0
53062,91,1.0,1.0,7543,3
43159,96,0.0,3.0,1888,10
40705,74,1.0,9.0,894,9
86419,3,0.0,7.0,176,9
37225,64,1.0,9.0,552,0
13912,15,1.0,4.0,9320,8
12228,84,1.0,9.0,1473,6
873,11,0.0,5.0,9736,1
77472,32,0.0,2.0,8767,3
55812,95,1.0,4.0,4683,8
56730,16,0.0,5.0,528,9
33002,61,1.0,3.0,5746,6
3929,61,1.0,4.0,5682,9
66744,40,1.0,5.0,6510,10
92759,25,0.0,10.0,6371,9
4117,95,1.0,9.0,8229,0
65476,3,0.0,5.0,8397,6
50404,92,0.0,1.0,4243,0
85421,62,0.0,3.0,9662,5
54226,21,0.0,5.0,1732,8
56287,87,0.0,2.0,7785,1
84340,37,1.0,8.0,8458,0
57577,17,0.0,1.0,1481,1
27451,80,0.0,3.0,3608,9
79814,41,0.0,1.0,6416,0
53894,15,1.0,2.0,3841,3
36095,34,1.0,4.0,1245,3
93290,54,1.0,4.0,8805,6
16478,5,1.0,9.0,6919,9
68482,51,1.0,9.0,4808,6
23614,53,1.0,4.0,5240,8
73692,80,1.0,6.0,5513,7
46227,32,1.0,8.0,5911,3
57454,35,0.0,4.0,7710,7
18929,79,1.0,4.0,4616,0
20572,37,1.0,10.0,3570,3
18012,30,0.0,8.0,4795,5
59361,29,0.0,8.0,5831,0
85444,35,0.0,1.0,3582,5
64265,50,1.0,6.0,3500,7
1986,44,1.0,8.0,2454,10
16999,65,0.0,10.0,7189,10
68912,26,1.0,1.0,2493,8
59986,57,1.0,1.0,7458,10
45426,64,0.0,7.0,151,6
28347,40,0.0,7.0,4414,1
15124,68,0.0,5.0,4072,3
72495,90,0.0,8.0,9491,8
39097,32,0.0,6.0,6754,1
45958,17,0.0,10.0,5699,0
11898,67,0.0,5.0,4894,8
54901,65,0.0,9.0,6057,10
18198,25,0.0,2.0,6223,2
98149,91,0.0,10.0,7622,5
94491,76,1.0,4.0,3514,10
63261,94,0.0,5.0,4300,5
77990,97,1.0,2.0,6670,10
4827,90,0.0,3.0,7138,8
50472,71,1.0,10.0,9426,3
51798,99,0.0,1.0,6885,3
29431,69,1.0,7.0,9600,9
52915,63,1.0,9.0,9576,8
47831,78,0.0,8.0,2899,5
24511,39,0.0,5.0,7894,4
33612,29,0.0,1.0,4116,7
52223,81,1.0,7.0,8361,10
98796,32,0.0,6.0,3894,6
2770,36,1.0,5.0,2988,3
58108,25,0.0,1.0,4395,3
1933,57,0.0,8.0,2689,9
78046,5,0.0,4.0,5277,3
81425,17,1.0,7.0,1683,8
74709,32,1.0,7.0,6267,9
58527,27,0.0,4.0,5877,2
90505,36,0.0,5.0,2202,3
32842,93,1.0,3.0,8895,3
49531,5,0.0,3.0,1554,6
97472,83,1.0,3.0,4437,9
41117,93,1.0,7.0,8024,3
32850,49,1.0,4.0,4895,1
25762,91,0.0,10.0,2448,6
69179,60,0.0,4.0,4151,4
1333,53,0.0,9.0,2538,6
91107,30,0.0,7.0,8521,2
96843,25,1.0,10.0,148,6
24378,27,0.0,9.0,3523,4
8988,51,1.0,2.0,1125,0
1549,65,0.0,1.0,8727,9
79081,20,0.0,9.0,2741,7
54077,1,0.0,10.0,6939,0
7249,79,0.0,1.0,7433,9
99095,77,0.0,8.0,5861,7
11292,68,0.0,2.0,7285,4
36436,85,0.0,1.0,6587,2
35727,78,1.0,2.0,1049,5
82736,15,0.0,3.0,956,8
50024,73,1.0,10.0,6654,0
38535,52,0.0,8.0,6534,5
20820,50,0.0,3.0,3335,4
20614,15,1.0,4.0,5714,5
4776,91,1.0,5.0,8011,2
44487,98,0.0,9.0,5790,7
5528,47,1.0,8.0,9298,5
84165,62,1.0,4.0,2630,8
86326,18,0.0,4.0,5790,8
37868,21,0.0,2.0,1846,8
62328,54,1.0,8.0,6501,8
76184,58,0.0,9.0,8458,6
96352,25,1.0,8.0,1023,8
831,46,0.0,3.0,1113,4
59764,78,0.0,8.0,5212,3
33976,71,1.0,3.0,8993,9
71627,52,0.0,6.0,3729,3
53500,26,0.0,5.0,6783,6
32085,94,0.0,3.0,2650,2
48144,72,0.0,8.0,5174,1
32939,18,0.0,1.0,1486,10
74743,10,0.0,1.0,2936,7
44436,20,0.0,10.0,7874,2
21834,73,0.0,9.0,2063,1
71104,57,0.0,1.0,4468,4
36654,43,0.0,3.0,4922,8
40195,56,0.0,1.0,3115,6
57072,13,1.0,7.0,4959,7
4750,51,0.0,6.0,7729,3
43712,6,0.0,9.0,1344,9
73733,43,1.0,7.0,7979,10
46731,76,0.0,6.0,7311,1
46864,3,1.0,8.0,6193,8
6881,69,1.0,7.0,3121,10
88838,41,0.0,3.0,8278,7
90350,80,0.0,7.0,3934,7
88408,37,0.0,3.0,8838,0
37017,26,0.0,7.0,1052,6
40035,37,1.0,4.0,7210,0
49740,99,1.0,8.0,4690,5
50296,62,1.0,1.0,6296,6
47237,31,1.0,6.0,1376,0
53536,62,0.0,8.0,1470,0
68348,75,0.0,9.0,9343,4
3790,7,0.0,8.0,3282,3
31906,15,0.0,3.0,2749,9
51672,89,0.0,10.0,2856,10
31990,100,0.0,6.0,7846,0
12099,53,0.0,8.0,9320,10
29366,22,0.0,3.0,9159,9
429,83,0.0,5.0,1264,0
65413,96,0.0,5.0,3629,5
83090,56,1.0,7.0,1640,2
16218,66,1.0,10.0,548,8
64943,100,0.0,2.0,483,9
1947,6,0.0,10.0,2035,6
4009,37,1.0,9.0,1820,4
41404,2,0.0,8.0,9838,8
34469,70,0.0,6.0,9672,4
16254,27,1.0,9.0,186,6
63941,22,0.0,5.0,7407,4
65582,39,0.0,2.0,5857,10
49407,4,0.0,9.0,7813,5
17847,99,1.0,7.0,7689,0
73769,84,1.0,7.0,4278,6
40912,4,1.0,9.0,4000,8
30632,43,0.0,5.0,2103,7
92329,97,0.0,6.0,6535,5
94457,63,1.0,9.0,9491,9
45739,67,1.0,1.0,2146,7
31774,3,1.0,5.0,5011,0
272,79,0.0,9.0,2630,9
92618,66,1.0,2.0,6920,5
97566,74,1.0,3.0,8492,6
74348,61,0.0,1.0,6156,1
34035,90,0.0,5.0,4387,2
25078,90,0.0,5.0,2225,0
80023,30,1.0,7.0,2764,3
4141,55,1.0,2.0,909,2
87245,63,0.0,2.0,6224,9
15981,9,0.0,7.0,2172,2
66944,3,1.0,4.0,5075,10
71437,100,1.0,6.0,9061,9
33742,65,1.0,9.0,9272,2
37677,5,1.0,5.0,973,8
3760,92,0.0,10.0,1139,5
1668,74,0.0,2.0,6615,10
74500,68,0.0,9.0,3341,5
88272,79,1.0,8.0,1243,2
42230,5,0.0,10.0,9183,8
21346,36,1.0,8.0,5489,6
62388,33,1.0,8.0,7307,4
9196,17,0.0,9.0,4963,9
3939,40,1.0,6.0,8560,6
5132,54,1.0,1.0,5389,2
52820,58,1.0,10.0,248,7
56694,26,0.0,4.0,3036,10
21648,13,1.0,10.0,1715,9
11513,88,1.0,4.0,4854,2
86850,86,0.0,3.0,4384,6
84311,87,1.0,10.0,4324,10
70139,57,1.0,2.0,2078,8
38691,59,1.0,6.0,8502,6
4769,15,1.0,10.0,2093,9
4456,65,1.0,10.0,8645,2
66727,25,0.0,3.0,569,4
21856,5,1.0,6.0,3619,5
73542,93,0.0,7.0,6635,3
13423,62,0.0,6.0,711,10
91361,89,0.0,6.0,945,8
8583,64,1.0,1.0,4576,4
67671,96,0.0,10.0,1761,5
74235,80,0.0,9.0,3927,0
37531,25,1.0,3.0,6261,8
66610,8,0.0,7.0,1202,10
88869,11,0.0,7.0,1895,5
56102,64,1.0,1.0,6292,1
98114,73,1.0,10.0,3127,0
82310,95,1.0,10.0,673,10
6601,52,1.0,6.0,927,4
39130,3,0.0,10.0,2622,6
26848,77,1.0,8.0,865,1
77975,28,1.0,10.0,8536,10
78739,4,1.0,3.0,8138,6
59704,32,0.0,8.0,157,5
1634,10,0.0,9.0,5899,6
83954,71,0.0,8.0,143,9
6381,56,0.0,1.0,7504,2
16817,53,0.0,2.0,7012,0
88402,75,0.0,3.0,9712,0
54789,5,1.0,10.0,6027,2
12020,56,1.0,2.0,5416,2
16602,31,0.0,8.0,7057,1
81800,16,0.0,6.0,6438,8
211,10,0.0,5.0,1039,1
21106,58,1.0,10.0,3590,2
53833,77,0.0,8.0,3220,1
96246,62,1.0,3.0,6455,7
62199,61,0.0,9.0,2759,8
67216,72,1.0,6.0,316,3
82395,4,1.0,5.0,1725,3
89880,93,1.0,10.0,4737,4
42686,61,0.0,5.0,1445,1
68043,34,0.0,10.0,28,0
88821,1,0.0,9.0,8434,9
74641,91,0.0,10.0,6351,4
32121,41,1.0,10.0,5744,7
43665,51,0.0,10.0,3646,5
22849,54,0.0,7.0,5229,8
51021,1,0.0,6.0,4943,3
25316,99,1.0,3.0,2275,3
77346,34,0.0,1.0,6179,4
18346,7,0.0,4.0,2351,9
72368,74,1.0,3.0,2219,10
18014,85,1.0,5.0,7725,3
56391,99,1.0,4.0,5379,2
30007,48,1.0,3.0,7327,6
70179,50,0.0,4.0,9880,2
4813,2,1.0,6.0,9376,4
80331,49,0.0,6.0,3504,4
68153,45,1.0,3.0,9191,5
90954,57,1.0,1.0,2717,5
24168,18,0.0,3.0,4171,4
10781,21,1.0,9.0,1688,0
70810,37,1.0,7.0,3127,5
92505,51,1.0,10.0,8449,0
4768,93,0.0,5.0,9010,3
23668,11,0.0,7.0,1084,10
27093,14,1.0,6.0,8108,2
11519,71,0.0,1.0,7809,9
90122,35,0.0,8.0,7305,3
85198,59,0.0,7.0,8880,10
75571,63,1.0,5.0,5256,0
61478,48,1.0,4.0,4703,10
64180,36,1.0,6.0,770,4
71527,3,1.0,5.0,284,5
77855,59,1.0,7.0,7871,2
54169,76,1.0,8.0,593,4
74689,44,1.0,3.0,7185,8
12426,53,1.0,6.0,4855,7
59509,6,1.0,5.0,2540,3
5340,86,0.0,10.0,7363,2
10082,3,1.0,8.0,6289,5
35763,54,1.0,7.0,460,3
81375,67,1.0,3.0,4753,5
74875,7,0.0,4.0,5865,1
14623,98,1.0,4.0,8939,1
46282,17,1.0,2.0,8674,6
11124,67,1.0,4.0,8771,7
20634,23,0.0,8.0,6038,6
73473,60,1.0,5.0,1608,10
9130,37,1.0,10.0,5767,2
10342,83,1.0,3.0,3600,1
30291,10,0.0,8.0,7717,7
52756,76,1.0,3.0,8343,10
56155,23,0.0,8.0,594,1
45587,15,1.0,6.0,345,3
21070,90,0.0,9.0,9486,3
18603,8,1.0,4.0,1445,5
85134,29,0.0,8.0,8601,3
74689,60,1.0,9.0,3670,6
28825,74,1.0,7.0,5456,5
4680,6,1.0,1.0,5922,8
35706,65,1.0,2.0,4918,7
24321,59,1.0,2.0,5226,8
36321,97,1.0,10.0,937,9
85415,55,1.0,5.0,9334,6
8731,90,1.0,10.0,7290,3
80634,46,0.0,7.0,5555,8
30631,13,0.0,2.0,943,8
56065,35,1.0,3.0,2532,7
49574,45,0.0,5.0,2897,2
75408,30,0.0,7.0,2594,4
735,66,1.0,6.0,8989,4
925,94,1.0,5.0,3525,4
22714,2,0.0,4.0,1845,0
99053,20,1.0,6.0,5549,1
65914,5,1.0,8.0,9990,6
76613,71,1.0,3.0,5931,3
1862,48,0.0,3.0,8624,3
27600,13,0.0,5.0,1612,9
71241,42,0.0,1.0,3969,7
67247,59,0.0,5.0,6497,3
79073,21,0.0,4.0,8427,2
9208,58,0.0,4.0,8968,6
51875,4,1.0,7.0,3150,4
92445,92,1.0,2.0,1114,4
13470,35,0.0,10.0,6041,1
29722,96,0.0,1.0,6088,5
18104,76,0.0,2.0,7407,0
98701,69,1.0,6.0,7051,4
30239,27,1.0,2.0,6671,0
77857,14,0.0,10.0,437,3
22737,17,1.0,5.0,8462,5
24896,93,0.0,4.0,8672,4
98793,70,0.0,4.0,8325,2
14224,76,1.0,7.0,9669,2
65001,18,1.0,6.0,2386,8
84479,4,0.0,4.0,4058,7
49415,61,0.0,2.0,294,4
75177,82,0.0,1.0,3117,1
95630,42,1.0,10.0,2659,4
40911,43,1.0,10.0,9423,8
71151,17,0.0,10.0,7894,1
48392,44,0.0,7.0,5032,8
76649,77,0.0,3.0,3412,10
5390,52,1.0,7.0,1111,6
44938,58,1.0,6.0,7451,4
50595,75,0.0,8.0,1253,9
43776,14,0.0,1.0,4449,4
70110,98,1.0,4.0,6132,7
40760,79,0.0,5.0,8537,3
39524,5,0.0,1.0,3364,7
6597,10,1.0,4.0,945,10
19674,84,1.0,1.0,8988,9
57415,41,1.0,8.0,694,8
2143,62,0.0,4.0,9402,2
37302,91,0.0,9.0,87,8
64964,53,0.0,9.0,726,10
67691,28,0.0,5.0,8576,10
727,18,1.0,4.0,9110,7
70068,31,1.0,4.0,1743,0
61771,94,0.0,8.0,6348,9
62878,95,0.0,6.0,424,3
64505,89,0.0,1.0,5007,9
95116,62,1.0,2.0,1122,3
39418,53,0.0,4.0,5993,7
47022,14,1.0,4.0,5303,3
36778,61,1.0,10.0,2737,6
95702,29,1.0,3.0,2189,4
86793,38,1.0,2.0,3629,6
12584,20,1.0,3.0,8350,10
54520,29,0.0,5.0,8461,6
4099,40,1.0,9.0,8741,7
75948,55,0.0,4.0,3622,0
89305,48,1.0,1.0,4535,8
26506,95,0.0,3.0,6376,1
6921,53,0.0,1.0,5529,4
8346,6,0.0,1.0,3558,0
90050,66,0.0,10.0,7548,0
33341,35,0.0,1.0,9374,8
17467,30,1.0,3.0,5090,3
67672,30,1.0,3.0,8764,6
46771,18,0.0,4.0,5702,1
33700,69,0.0,7.0,8146,3
95076,10,1.0,6.0,1619,8
68535,72,0.0,7.0,610,7
87567,2,1.0,5.0,4409,8
47807,31,1.0,5.0,2299,5
24942,7,1.0,8.0,6778,10
19702,27,1.0,2.0,2850,5
7001,85,0.0,8.0,5633,0
26872,88,1.0,2.0,3737,9
24081,54,1.0,9.0,694,10
40992,23,1.0,7.0,2315,7
48102,15,1.0,4.0,527,10
90219,48,1.0,9.0,8708,3
58935,21,1.0,7.0,974,5
99277,35,1.0,8.0,6662,10
90528,50,0.0,8.0,8759,2
61867,58,1.0,6.0,6613,4
61877,97,0.0,9.0,3479,1
62187,58,0.0,10.0,1773,2
82176,61,1.0,2.0,1050,8
36528,9,0.0,10.0,1545,9
61942,5,0.0,3.0,1385,3
97430,86,0.0,10.0,1371,8
60226,79,1.0,4.0,9557,5
20346,93,0.0,8.0,4171,0
65982,64,1.0,4.0,9728,6
31886,81,1.0,7.0,2809,5
98348,93,0.0,9.0,8362,10
80722,21,0.0,6.0,9407,1
15588,76,0.0,4.0,1928,4
41797,63,0.0,2.0,3429,0
26599,50,0.0,4.0,6735,3
32874,24,0.0,5.0,9276,9
86619,23,1.0,9.0,5810,7
22205,71,1.0,9.0,193,7
58657,94,0.0,3.0,9572,5
23552,18,0.0,6.0,2310,4
93202,11,1.0,4.0,574,0
48478,59,0.0,6.0,1102,2
27969,73,1.0,9.0,3714,0
17015,82,0.0,6.0,4010,4
25066,8,1.0,1.0,579,3
31651,14,0.0,1.0,7311,4
62001,13,0.0,2.0,4442,1
71532,54,1.0,9.0,7103,6
45285,12,1.0,2.0,6392,8
59099,62,0.0,3.0,1659,0
73048,22,1.0,7.0,4393,3
2501,79,0.0,2.0,3031,0
11620,60,1.0,8.0,9393,5
55228,45,0.0,9.0,1711,9
83411,4,0.0,4.0,580,1
44721,100,0.0,3.0,2349,8
16360,9,0.0,10.0,7700,10
17306,60,1.0,9.0,5131,10
49820,15,0.0,9.0,6127,5
92241,40,1.0,3.0,5495,10
64318,1,1.0,3.0,5111,10
62785,11,1.0,6.0,1510,5
71517,54,0.0,9.0,2837,8
48401,39,0.0,2.0,8420,4
40839,78,1.0,9.0,2511,2
44219,15,1.0,5.0,4242,1
61455,61,1.0,8.0,6020,1
31862,2,1.0,1.0,7351,10
34137,50,1.0,8.0,2589,1
85661,8,1.0,8.0,9323,10
60988,68,0.0,1.0,7206,3
31308,56,0.0,3.0,6205,4
91419,55,1.0,9.0,6556,2
46317,95,0.0,3.0,204,2
20810,97,0.0,8.0,1128,4
72269,72,1.0,9.0,9819,0
38856,67,0.0,4.0,187,5
51212,83,0.0,2.0,465,5
31246,13,0.0,6.0,5932,1
75354,2,0.0,2.0,8157,8
69352,30,1.0,10.0,7834,0
36673,31,1.0,9.0,5467,4
83421,32,1.0,7.0,6081,8
75593,62,1.0,10.0,609,10
60653,8,1.0,1.0,7329,10
17699,64,0.0,3.0,374,6
11587,41,1.0,1.0,2130,9
23262,71,0.0,8.0,2396,9
60022,52,1.0,8.0,4475,2
60759,17,0.0,4.0,2866,7
10798,27,1.0,9.0,3505,6
13163,46,1.0,3.0,9175,2
99750,4,1.0,5.0,1496,2
78980,10,1.0,9.0,2129,0
71251,22,1.0,7.0,2165,9
60656,82,1.0,7.0,6322,4
18854,40,1.0,9.0,9065,6
20282,18,0.0,1.0,9522,6
87580,59,0.0,5.0,8987,2
76238,6,0.0,4.0,1896,2
82707,79,1.0,8.0,8269,2
78114,81,0.0,4.0,7038,0
85405,63,1.0,5.0,2349,8
92885,73,0.0,10.0,1753,1
74947,40,1.0,8.0,9180,3
81609,100,0.0,8.0,5622,4
82641,31,0.0,5.0,6775,4
16411,46,1.0,10.0,7629,2
73237,15,1.0,8.0,6765,1
55821,55,0.0,5.0,1962,6
38171,51,1.0,1.0,4011,4
86433,56,0.0,5.0,5351,5
21136,17,1.0,8.0,2765,5
48162,83,0.0,6.0,4703,3
22238,82,1.0,7.0,4728,8
66813,65,1.0,5.0,2281,10
79256,48,0.0,10.0,2329,9
45383,78,1.0,2.0,5987,4
33974,38,0.0,6.0,6315,0
2017,80,1.0,10.0,8177,6
8318,24,0.0,9.0,9699,3
78791,82,1.0,10.0,5831,5
95878,2,0.0,6.0,9166,0
79499,39,1.0,7.0,2016,4
71601,42,0.0,8.0,5261,2
31995,54,1.0,7.0,7321,0
5475,37,0.0,5.0,4370,10
91703,28,0.0,5.0,478,3
9881,87,1.0,8.0,9647,8
49904,72,0.0,6.0,7263,3
61529,28,0.0,1.0,5835,7
17052,58,0.0,2.0,2247,0
79361,12,1.0,10.0,4568,2
30633,34,0.0,2.0,793,7
14535,100,0.0,3.0,1414,2
64918,91,0.0,1.0,4642,2
52424,100,0.0,7.0,4354,10
1144,29,0.0,10.0,1139,8
76654,71,0.0,6.0,7573,7
70474,12,0.0,4.0,4069,8
33369,70,0.0,6.0,9071,9
79065,8,0.0,8.0,5503,8
16599,97,0.0,7.0,9786,4
64654,32,0.0,5.0,1777,7
33177,16,1.0,8.0,3127,3
63711,42,0.0,2.0,8751,5
98857,4,1.0,2.0,8943,5
56134,49,0.0,9.0,5456,8
76021,95,0.0,1.0,1780,2
31258,7,0.0,1.0,5276,10
30442,48,0.0,9.0,4550,7
33207,66,1.0,8.0,8204,10
2138,60,0.0,5.0,662,2
22593,20,0.0,3.0,6594,2
64253,94,1.0,5.0,7165,7
54936,39,1.0,3.0,2513,5
1430,13,0.0,4.0,5969,5
79934,57,1.0,3.0,6093,4
52618,19,1.0,3.0,3346,8
39626,79,1.0,10.0,1003,6
82252,65,0.0,9.0,6947,6
30373,42,1.0,3.0,6108,3
50576,44,0.0,1.0,8014,1
88955,73,1.0,5.0,5299,0
42933,15,1.0,8.0,3656,4
34176,97,0.0,1.0,8401,3
47097,78,1.0,7.0,6265,2
10641,15,0.0,10.0,3156,3
30888,52,0.0,2.0,2623,9
77165,76,0.0,1.0,3477,10
23061,28,0.0,2.0,4157,0
10197,54,1.0,6.0,3989,1
35259,69,0.0,9.0,6789,4
7155,93,0.0,10.0,641,5
9552,29,0.0,8.0,5442,2
6061,21,1.0,4.0,8248,0
9664,77,0.0,10.0,1704,2
34070,43,0.0,7.0,273,4
61445,70,1.0,5.0,7647,5
43188,8,0.0,9.0,1176,3
98846,61,0.0,6.0,1040,10
92292,55,1.0,3.0,9873,3
64926,67,1.0,5.0,1166,10
25373,73,1.0,7.0,1510,2
72859,97,0.0,2.0,230,8
34487,36,1.0,5.0,786,5
29752,86,0.0,9.0,753,7
57203,49,0.0,3.0,6456,4
89873,84,1.0,10.0,330,4
33601,15,1.0,6.0,2929,6
180,63,0.0,2.0,3119,10
27571,98,0.0,1.0,4349,2
18757,75,0.0,8.0,771,2
60734,48,0.0,6.0,8086,1
50327,82,0.0,10.0,5441,3
61049,96,0.0,1.0,3761,1
92594,8,0.0,2.0,9224,1
85772,6,0.0,1.0,7382,9
77461,73,1.0,10.0,1365,2
91560,35,1.0,7.0,2686,6
14536,79,0.0,1.0,1248,8
75504,19,1.0,1.0,841,1
24025,1,0.0,3.0,3280,4
13760,10,1.0,10.0,1611,6
77009,38,1.0,5.0,4447,3
91287,45,1.0,8.0,2544,0
47722,24,0.0,5.0,3216,9
41250,28,0.0,6.0,5881,7
44638,18,0.0,5.0,1184,9
76640,59,0.0,9.0,9639,5
85104,96,0.0,10.0,4500,7
35647,72,0.0,6.0,522,4
36219,37,1.0,6.0,1829,3
80329,47,0.0,4.0,5787,3
80958,42,1.0,1.0,6923,4
47995,56,0.0,2.0,6867,7
45690,93,1.0,6.0,3533,8
22802,89,0.0,4.0,3329,8
63272,72,1.0,4.0,9599,7
62137,80,1.0,8.0,7667,10
465,54,1.0,2.0,8046,0
58529,29,0.0,2.0,9112,8
93440,60,1.0,3.0,8664,7
80489,24,0.0,3.0,2237,2
29543,27,0.0,5.0,4494,8
1102,45,1.0,6.0,7583,6
47649,30,0.0,5.0,3408,7
44129,16,0.0,7.0,8426,10
90874,72,1.0,4.0,730,1
11027,5,0.0,2.0,1291,0
17618,87,0.0,2.0,3288,6
69182,34,1.0,5.0,8975,9
4348,54,0.0,8.0,3905,1
19336,9,0.0,6.0,7999,5
82819,12,0.0,2.0,853,10
27265,100,0.0,3.0,1939,6
26061,95,0.0,3.0,6484,9
91482,86,1.0,2.0,4388,6
13853,71,0.0,2.0,4258,0
16055,90,0.0,1.0,7371,0
74175,44,1.0,4.0,3771,7
7658,93,0.0,8.0,2485,9
39682,100,0.0,5.0,6822,5
11401,61,0.0,6.0,1554,2
8370,43,0.0,6.0,5159,1
89671,71,0.0,5.0,2312,0
66391,55,1.0,10.0,3420,8
8139,88,0.0,8.0,2218,6
68180,72,0.0,8.0,4127,2
21982,35,1.0,6.0,4570,8
54456,90,0.0,8.0,4930,6
12198,30,0.0,8.0,3252,3
32527,56,0.0,2.0,2594,6
10676,67,0.0,7.0,585,0
96433,18,1.0,10.0,7225,9
71484,11,0.0,2.0,1030,10
99217,26,0.0,2.0,9699,3
18523,38,1.0,2.0,7616,9
53978,16,0.0,3.0,1176,9
67825,8,0.0,5.0,1002,4
82292,53,1.0,1.0,904,9
75848,52,1.0,5.0,578,9
97520,73,0.0,2.0,6469,2
59571,61,0.0,8.0,3883,8
35967,25,1.0,9.0,6939,7
50614,86,1.0,7.0,7441,5
6348,12,0.0,1.0,7586,1
77454,80,1.0,10.0,8432,7
91290,22,1.0,2.0,2521,7
67226,25,1.0,9.0,8704,8
44966,99,1.0,3.0,2525,10
45455,81,1.0,1.0,954,5
21671,71,0.0,9.0,1958,6
19325,58,0.0,8.0,9675,2
55326,33,1.0,6.0,8671,7
77197,69,1.0,5.0,2841,0
20195,76,0.0,4.0,9564,8
89075,8,1.0,2.0,1716,5
92412,89,1.0,5.0,9311,8
88598,59,0.0,3.0,486,3
72399,61,0.0,2.0,9518,7
71236,77,1.0,10.0,5735,1
30463,59,1.0,10.0,1510,3
35863,54,0.0,4.0,518,4
7486,95,1.0,2.0,3013,9
84740,32,0.0,4.0,1846,5
23513,11,0.0,5.0,1522,10
46226,25,1.0,8.0,1316,8
38742,100,1.0,8.0,6396,1
14261,66,1.0,3.0,8809,10
81492,74,0.0,9.0,1404,0
44475,84,0.0,9.0,7651,1
4617,71,0.0,7.0,5627,3
93608,21,0.0,2.0,101,6
98788,27,1.0,9.0,5002,3
17085,57,1.0,4.0,7240,4
92837,32,1.0,8.0,7286,10
30136,74,0.0,7.0,3913,4
22663,24,0.0,1.0,630,3
36477,8,0.0,3.0,4590,3
32294,18,1.0,6.0,7744,8
48367,88,0.0,7.0,1422,4
27495,69,1.0,6.0,3582,6
527,91,1.0,2.0,961,6
58551,60,0.0,9.0,3133,7
7199,74,1.0,4.0,2477,10
30204,85,0.0,3.0,637,5
34210,56,0.0,7.0,3579,9
89872,49,1.0,9.0,4912,4
28600,73,1.0,10.0,6324,0
94317,74,0.0,10.0,4088,5
59292,59,0.0,8.0,3061,8
18747,91,1.0,5.0,7308,4
939,72,1.0,1.0,5250,9
26090,6,1.0,1.0,9611,9
37424,33,1.0,7.0,5854,10
31040,15,1.0,10.0,1155,1
41661,26,0.0,6.0,390,4
9601,67,0.0,9.0,7867,6
30736,93,1.0,7.0,4876,2
65870,73,0.0,9.0,5389,9
74907,9,0.0,7.0,9969,0
19812,24,0.0,3.0,7905,3
50707,39,1.0,1.0,2239,6
40282,43,0.0,5.0,3212,1
41739,34,0.0,5.0,7768,8
53243,22,1.0,8.0,6625,0
38633,75,1.0,5.0,1088,3
57886,54,1.0,5.0,4029,2
5177,73,1.0,6.0,9677,2
38392,75,0.0,3.0,62,4
1405,74,0.0,8.0,4135,9
10727,23,0.0,7.0,7338,9
53852,89,0.0,1.0,4020,2
21413,58,1.0,6.0,1817,6
3587,84,1.0,3.0,202,3
73878,12,1.0,4.0,8769,5
14859,84,1.0,4.0,5337,7
65107,49,1.0,6.0,2397,0
16388,82,1.0,7.0,3975,5
41431,19,1.0,10.0,1253,9
8698,5,1.0,1.0,43,4
66442,81,0.0,7.0,1268,1
12968,46,1.0,9.0,16,8
49274,96,0.0,5.0,8291,5
84612,6,0.0,9.0,5294,6
48736,97,1.0,3.0,6075,0
4167,78,0.0,1.0,3714,10
62601,99,0.0,10.0,3544,6
68824,39,1.0,9.0,4853,7
36842,6,1.0,5.0,3787,2
17585,4,0.0,6.0,1035,10
7139,37,1.0,3.0,7418,1
23147,56,0.0,2.0,8036,6
84182,55,1.0,4.0,8389,5
61995,31,1.0,6.0,4834,4
6575,77,0.0,4.0,6568,3
2638,100,0.0,9.0,7304,6
23987,81,0.0,2.0,1549,3
15769,14,0.0,2.0,1974,2
4276,4,1.0,10.0,6233,1
98566,16,1.0,7.0,4190,6
35745,19,1.0,5.0,8356,7
63825,100,0.0,10.0,3253,10
93508,64,1.0,7.0,7773,4
1753,92,0.0,5.0,6968,10
50019,29,0.0,4.0,9345,8
82325,77,1.0,5.0,2627,4
34403,53,0.0,7.0,6500,2
88240,57,0.0,10.0,2569,5
43759,97,1.0,1.0,4447,6
2111,79,1.0,1.0,735,0
50799,42,0.0,5.0,1945,5
24559,49,1.0,5.0,4583,4
22422,53,1.0,8.0,9372,1
52599,49,0.0,9.0,127,3
32472,91,1.0,1.0,6976,5
10931,5,0.0,1.0,9560,7
15434,21,0.0,2.0,3913,6
56546,30,0.0,10.0,6226,10
11922,54,1.0,6.0,7536,10
93733,81,1.0,8.0,8958,8
72636,61,1.0,7.0,3592,8
19793,64,1.0,4.0,7097,3
75334,29,0.0,2.0,1294,8
20854,26,1.0,10.0,6635,3
9126,27,0.0,1.0,5306,7
73441,90,1.0,2.0,569,2
88646,45,0.0,6.0,1791,4
1392,4,1.0,7.0,1362,3
96455,47,0.0,1.0,2664,5
36417,27,1.0,8.0,7091,0
42688,88,1.0,2.0,2353,10
36468,53,0.0,3.0,2119,3
49940,50,0.0,6.0,2440,2
28924,10,1.0,3.0,107,8
55858,57,0.0,7.0,8326,9
97704,92,1.0,1.0,7239,5
79171,10,1.0,6.0,7757,6
17434,74,1.0,10.0,6453,3
87587,13,1.0,8.0,3995,5
16727,83,0.0,9.0,7310,5
2813,46,0.0,9.0,1705,10
99031,2,1.0,2.0,7002,1
70681,68,0.0,7.0,8851,0
80697,92,0.0,4.0,1261,3
36268,26,0.0,10.0,9867,7
78115,43,0.0,5.0,5200,3
13929,49,0.0,7.0,2929,5
2624,36,0.0,8.0,5260,4
5630,66,1.0,4.0,600,8
28579,55,0.0,9.0,7242,8
4638,25,0.0,1.0,4557,7
86916,12,1.0,1.0,8804,9
31066,100,0.0,8.0,975,2
78946,23,1.0,9.0,4223,3
51408,58,0.0,10.0,7475,2
63315,45,0.0,9.0,3998,7
32130,63,0.0,1.0,2817,9
533,84,1.0,5.0,133,6
32979,65,1.0,10.0,8161,3
18545,10,1.0,2.0,1066,8
73591,82,0.0,6.0,3494,0
48045,89,1.0,8.0,4437,10
80686,74,0.0,7.0,1813,3
89991,84,0.0,4.0,804,7
79229,38,0.0,1.0,144,10
87678,22,1.0,4.0,744,5
98661,77,0.0,3.0,6316,5
83750,22,0.0,1.0,6184,10
97550,58,1.0,5.0,6736,2
43400,41,1.0,9.0,5182,7
30468,43,0.0,3.0,3727,10
14692,86,1.0,4.0,5245,6
23106,92,0.0,9.0,3606,3
60287,25,0.0,1.0,3084,5
71787,80,1.0,3.0,1510,8
15839,93,1.0,1.0,5171,7
68522,29,0.0,1.0,3187,5
17818,88,0.0,3.0,2567,3
94186,56,0.0,5.0,7498,0
92033,42,1.0,7.0,7844,6
29600,63,1.0,6.0,7134,8
83260,93,1.0,9.0,7659,8
53904,1,0.0,7.0,8710,2
47691,77,1.0,8.0,6137,9
40196,80,1.0,9.0,3242,6
42035,39,1.0,7.0,6886,3
37560,49,0.0,5.0,7243,7
29278,81,1.0,9.0,246,4
96803,94,0.0,6.0,841,9
20067,7,1.0,9.0,3955,9
52638,2,1.0,2.0,8300,4
47252,84,0.0,3.0,362,7
7515,1,0.0,10.0,206,3
84630,33,0.0,5.0,8557,4
72150,83,1.0,1.0,5392,7
76956,68,0.0,8.0,1403,2
6885,97,1.0,5.0,4997,10
8188,74,0.0,8.0,5308,3
46785,21,0.0,6.0,1607,3
40737,40,0.0,8.0,9049,5
51242,73,1.0,6.0,2992,5
35691,75,0.0,9.0,7819,0
98705,21,1.0,10.0,6795,7
25831,13,1.0,7.0,1716,9
76174,76,1.0,7.0,2935,7
61734,24,1.0,1.0,6375,9
53424,16,0.0,2.0,7765,0
23754,69,0.0,7.0,6066,1
24396,73,0.0,1.0,1782,6
80349,70,1.0,4.0,9842,9
79583,26,1.0,9.0,3016,4
73863,93,1.0,7.0,7686,3
37195,19,1.0,9.0,8453,5
51058,63,0.0,4.0,5374,2
9705,86,0.0,3.0,3717,4
67558,89,1.0,7.0,4480,1
21667,88,1.0,4.0,7089,3
39654,100,0.0,4.0,4240,3
9372,49,0.0,9.0,9453,10
53448,20,1.0,4.0,5759,3
43998,41,1.0,2.0,5713,2
92326,37,1.0,8.0,31,4
80678,15,1.0,7.0,291,7
34060,75,1.0,7.0,9706,5
83173,20,0.0,1.0,7398,6
58698,67,1.0,5.0,4685,5
72343,10,1.0,5.0,9452,3
74922,65,1.0,5.0,1456,4
19528,76,1.0,1.0,3103,2
42969,41,0.0,10.0,3120,8
68028,53,1.0,8.0,281,9
8676,44,0.0,9.0,9210,5
61140,96,0.0,8.0,3827,8
3041,95,0.0,5.0,6028,10
31231,65,0.0,3.0,2666,5
47315,58,1.0,5.0,2112,2
92963,37,0.0,2.0,3262,0
22714,17,0.0,2.0,6202,1
94062,11,0.0,2.0,8887,0
23248,3,1.0,10.0,9939,2
51308,68,1.0,10.0,2946,9
69867,34,1.0,10.0,379,2
75211,34,1.0,4.0,2029,9
71008,1,0.0,9.0,1956,8
85766,60,0.0,1.0,4432,4
44561,8,0.0,6.0,9281,5
14954,40,1.0,2.0,2646,3
72194,86,0.0,1.0,464,8
71931,30,1.0,1.0,9156,1
98946,31,0.0,3.0,775,3
42708,68,1.0,8.0,9456,9
16037,47,0.0,1.0,3534,6
19510,23,1.0,5.0,5309,1
47783,17,1.0,7.0,5343,0
12430,55,1.0,6.0,6176,9
40439,54,0.0,4.0,1546,6
95889,5,0.0,5.0,8367,9
77174,29,0.0,4.0,3367,10
40184,1,1.0,8.0,6502,9
37534,54,1.0,2.0,9183,0
43585,48,1.0,5.0,2484,6
38935,41,1.0,5.0,5869,7
59918,77,0.0,4.0,706,4
68723,83,0.0,6.0,731,6
32721,57,1.0,4.0,3856,3
64674,56,1.0,9.0,7858,5
86022,19,1.0,3.0,9025,2
63737,60,1.0,9.0,6064,8
5322,71,1.0,6.0,7784,7
63871,13,1.0,1.0,8973,10
65560,13,1.0,4.0,5024,3
89,33,0.0,4.0,1258,9
71024,8,1.0,5.0,9097,1
71040,58,1.0,7.0,4479,7
50650,47,1.0,6.0,9164,1
66759,9,1.0,10.0,4891,6
98514,93,0.0,9.0,6642,3
7312,64,1.0,10.0,6680,8
2676,7,1.0,4.0,9483,4
60763,78,1.0,4.0,9794,8
49904,92,0.0,9.0,4176,0
54907,91,0.0,8.0,5680,8
3709,41,1.0,3.0,3857,0
26117,1,1.0,10.0,6453,1
8626,75,0.0,4.0,3187,0
74079,67,0.0,4.0,5687,4
27810,99,1.0,5.0,2844,3
40638,20,0.0,10.0,9785,10
60063,84,1.0,4.0,9021,0
93811,39,1.0,8.0,2045,0
12555,8,1.0,7.0,4385,10
30862,36,0.0,4.0,3903,0
36334,63,1.0,10.0,5804,5
86087,39,0.0,10.0,3329,9
69567,77,0.0,5.0,5872,3
18785,27,0.0,1.0,8718,9
20660,6,1.0,9.0,2127,4
62277,35,1.0,6.0,5846,2
46917,47,0.0,5.0,7959,5
30248,57,0.0,4.0,1332,10
50102,41,1.0,2.0,91,7
45149,7,0.0,2.0,2206,0
30603,57,1.0,5.0,150,5
79214,84,0.0,6.0,8946,0
62718,2,0.0,1.0,6701,4
27281,16,0.0,5.0,6528,3
41418,66,0.0,9.0,6075,10
97489,92,0.0,10.0,8712,10
51812,43,1.0,1.0,9785,2
34498,32,0.0,6.0,2943,10
95097,10,1.0,8.0,5828,6
44251,1,0.0,9.0,2912,10
47583,48,0.0,10.0,8486,1
93184,78,0.0,5.0,4450,9
1254,38,0.0,1.0,6342,7
95328,59,1.0,10.0,2131,9
7388,75,0.0,4.0,1814,7
34555,35,1.0,10.0,5925,2
61310,49,0.0,5.0,3866,10
20714,61,1.0,5.0,9087,9
94704,55,1.0,7.0,6903,4
13353,17,1.0,3.0,7675,6
57475,67,0.0,3.0,7868,2
84795,41,0.0,8.0,9145,4
70465,10,1.0,6.0,8544,6
68270,37,1.0,9.0,2943,0
26389,85,0.0,10.0,4543,9
57552,99,1.0,6.0,7991,4
84291,7,0.0,10.0,9349,9
60059,60,1.0,10.0,5788,0
91513,50,0.0,2.0,2070,10
70544,4,0.0,6.0,886,6
16565,91,0.0,6.0,7323,1
75865,10,0.0,7.0,8659,0
29758,34,1.0,1.0,9022,10
95566,7,1.0,5.0,6556,2
1090,30,1.0,7.0,9366,4
98319,91,0.0,2.0,2517,5
18693,18,1.0,9.0,9672,4
21781,65,1.0,1.0,7252,2
33662,46,1.0,6.0,2488,7
94420,34,1.0,6.0,5486,10
53313,19,1.0,4.0,5123,4
54060,5,1.0,8.0,2260,10
67709,22,1.0,5.0,7424,8
85740,22,1.0,6.0,1586,3
28659,58,0.0,2.0,861,10
30217,36,1.0,5.0,1199,1
58165,26,1.0,9.0,4531,10
4014,11,1.0,7.0,8381,7
13523,59,1.0,8.0,4187,7
49772,90,0.0,7.0,3274,8
85904,65,1.0,10.0,6307,9
22541,99,1.0,5.0,4606,10
39132,43,0.0,2.0,4598,6
32785,27,0.0,3.0,6575,7
69831,71,0.0,2.0,5800,0
80301,1,1.0,6.0,6910,9
10802,34,0.0,6.0,2765,4
87853,26,0.0,9.0,6821,4
86424,86,1.0,9.0,6811,6
44595,29,0.0,7.0,2652,7
60056,75,0.0,7.0,2535,7
30896,27,1.0,3.0,2708,5
54484,38,1.0,6.0,618,6
16571,50,0.0,5.0,510,10
87858,18,0.0,9.0,7529,8
19869,99,0.0,4.0,6108,3
54298,90,1.0,2.0,7857,3
8191,10,1.0,2.0,6799,7
79950,89,0.0,3.0,9708,8
73332,42,0.0,8.0,7068,5
31669,8,1.0,7.0,2875,7
97412,27,0.0,9.0,1684,2
63163,93,0.0,6.0,493,7
43907,29,0.0,3.0,3185,3
64260,38,0.0,5.0,9900,7
42585,74,1.0,9.0,9515,1
35108,94,1.0,5.0,7315,8
12127,22,0.0,4.0,915,2
63669,45,0.0,9.0,1174,4
24278,59,0.0,8.0,3508,5
18937,50,1.0,3.0,4159,5
82865,32,0.0,6.0,9394,7
58599,96,0.0,9.0,8153,3
85101,91,1.0,3.0,9450,10
95649,3,0.0,7.0,669,10
2448,87,1.0,8.0,9533,4
31539,62,0.0,6.0,9833,7
96853,91,0.0,8.0,3999,6
64718,54,0.0,6.0,659,1
5263,64,1.0,3.0,1324,9
1115,97,1.0,6.0,6156,1
35568,6,0.0,9.0,5246,8
98423,8,0.0,4.0,2547,9
78772,64,1.0,1.0,4244,1
6592,59,0.0,6.0,3677,7
22773,16,1.0,10.0,4394,0
4800,51,0.0,5.0,24,1
65322,24,1.0,3.0,7739,3
29310,74,0.0,4.0,5197,9
70742,95,1.0,1.0,1971,2
60239,37,1.0,5.0,5238,5
35693,67,0.0,4.0,7911,4
8395,94,0.0,6.0,5529,10
81718,46,1.0,2.0,7677,7
79368,63,1.0,5.0,7686,2
35420,86,0.0,4.0,1948,1
33267,84,0.0,6.0,8565,0
57971,35,0.0,1.0,8577,0
17686,100,1.0,9.0,161,3
59159,62,0.0,3.0,3602,7
75700,25,0.0,1.0,2230,3
92384,95,0.0,9.0,1421,6
87425,60,0.0,8.0,6079,4
18040,80,1.0,1.0,3408,4
68992,99,1.0,9.0,7012,8
10141,66,1.0,3.0,9931,6
83647,83,0.0,9.0,2696,9
94846,26,0.0,6.0,419,8
42105,72,0.0,7.0,2111,5
49833,93,0.0,4.0,3053,6
35825,25,1.0,5.0,8481,2
69428,8,0.0,1.0,1812,9
77287,55,1.0,2.0,8884,5
13166,33,0.0,3.0,6606,8
46131,38,1.0,6.0,7497,10
37111,54,1.0,4.0,6396,7
46540,26,0.0,7.0,2401,3
32369,98,0.0,1.0,5077,2
2192,69,1.0,1.0,3627,2
22752,14,1.0,10.0,6506,4
43252,4,0.0,1.0,331,1
64697,9,0.0,6.0,9560,0
93168,74,0.0,9.0,923,10
94681,15,0.0,3.0,4556,0
27903,21,1.0,5.0,1491,0
2943,1,1.0,2.0,8588,9
80746,36,0.0,3.0,1538,7
13449,81,1.0,9.0,7141,7
66907,24,1.0,4.0,8145,6
83377,43,0.0,5.0,2463,7
77849,12,0.0,9.0,48,8
92759,90,1.0,8.0,4523,9
47283,43,1.0,1.0,6508,10
96593,95,1.0,7.0,645,7
71226,52,1.0,4.0,7032,4
49136,9,1.0,3.0,1455,9
67434,67,1.0,6.0,7239,2
55324,87,0.0,7.0,9303,5
43410,68,1.0,4.0,8672,9
54919,13,1.0,3.0,2998,0
3880,24,1.0,6.0,9128,6
7028,35,1.0,10.0,1094,9
31433,31,1.0,5.0,2822,7
83521,59,1.0,7.0,7518,3
60797,97,1.0,2.0,1845,6
86284,100,1.0,4.0,7741,3
44966,52,0.0,10.0,6140,8
18932,36,0.0,9.0,8156,10
91250,88,0.0,3.0,2750,3
92563,2,1.0,8.0,5790,6
48319,59,0.0,4.0,8014,0
27565,79,1.0,9.0,4636,3
38455,44,0.0,7.0,7247,1
66180,6,0.0,5.0,5651,10
43037,78,0.0,10.0,2540,5
49365,94,1.0,9.0,8087,3
7364,45,1.0,10.0,8690,6
49588,36,0.0,7.0,6974,9
51957,65,0.0,8.0,2522,3
31383,68,1.0,1.0,6864,5
97271,53,0.0,4.0,1674,3
74271,67,1.0,3.0,718,9
37217,90,1.0,7.0,9985,6
61295,43,0.0,1.0,688,0
53067,14,0.0,4.0,3151,2
45732,86,1.0,2.0,2299,9
73470,43,1.0,2.0,47,9
75839,41,1.0,9.0,4872,5
19658,53,0.0,9.0,1625,1
67974,48,0.0,7.0,166,4
14195,3,0.0,6.0,8066,2
12624,45,0.0,4.0,5844,10
12739,100,0.0,8.0,3597,2
50567,50,0.0,3.0,7647,6
25079,10,1.0,6.0,1060,0
14856,3,0.0,1.0,3199,5
48408,85,1.0,5.0,4329,5
9423,51,0.0,9.0,6254,9
82614,37,1.0,1.0,4179,1
15726,33,0.0,4.0,9031,5
78671,86,0.0,6.0,1318,5
20197,64,1.0,7.0,2859,6
30713,97,0.0,9.0,4515,6
83019,10,0.0,2.0,5524,5
34639,25,1.0,2.0,8680,5
19606,82,1.0,10.0,1788,5
54753,100,1.0,1.0,9972,9
35750,84,1.0,4.0,1335,8
40776,63,1.0,7.0,4245,9
76938,62,0.0,6.0,3276,7
22421,30,0.0,6.0,6562,10
78379,4,1.0,2.0,7147,8
28804,79,0.0,2.0,963,10
2434,16,1.0,5.0,890,3
23281,86,0.0,3.0,4835,7
92417,91,0.0,10.0,1223,9
82560,46,0.0,8.0,4525,4
24936,67,0.0,4.0,973,10
3261,7,1.0,4.0,5379,2
86526,50,1.0,8.0,6436,6
81673,47,0.0,2.0,4500,3
17901,47,0.0,1.0,1519,6
86179,26,0.0,4.0,1124,5
84465,47,1.0,1.0,4033,8
37916,26,1.0,8.0,5143,2
20852,100,1.0,2.0,4175,8
86258,100,1.0,7.0,410,8
25784,73,0.0,1.0,1794,8
27925,99,1.0,7.0,7178,3
59522,13,1.0,5.0,7925,9
31741,97,0.0,10.0,9099,3
37491,53,1.0,7.0,2715,3
74283,72,1.0,4.0,8122,5
1251,58,0.0,7.0,4200,4
6389,11,0.0,7.0,1733,4
92090,7,0.0,7.0,8355,5
85562,99,0.0,10.0,9105,2
90722,46,1.0,7.0,2598,8
66159,81,0.0,7.0,1874,9
71481,48,0.0,3.0,9808,5
20166,8,0.0,9.0,4,0
14635,58,0.0,8.0,3653,2
9180,33,1.0,3.0,6618,2
45330,28,1.0,7.0,3200,3
39486,33,1.0,5.0,2104,4
85448,35,0.0,3.0,4496,7
54941,21,0.0,2.0,1318,1
46317,20,0.0,6.0,2790,0
36842,15,0.0,1.0,113,6
40101,82,1.0,4.0,5161,5
38586,18,1.0,6.0,4866,2
14274,66,0.0,9.0,5257,3
63860,52,1.0,9.0,2513,9
34891,65,0.0,4.0,5828,4
98433,15,1.0,8.0,7205,2
98827,89,0.0,4.0,1865,2
52100,3,1.0,5.0,4074,9
19185,89,1.0,2.0,1414,8
58027,9,0.0,9.0,6632,7
93409,38,0.0,6.0,7771,2
28193,90,1.0,4.0,2224,0
24936,52,0.0,7.0,8153,8
5579,97,0.0,9.0,8839,0
87479,74,0.0,3.0,433,10
60824,96,1.0,10.0,8628,0
54888,66,0.0,8.0,1071,2
46865,18,1.0,3.0,7858,1
41143,70,0.0,1.0,7314,5
61847,85,0.0,9.0,9945,2
16016,35,1.0,6.0,1636,6
30159,16,1.0,6.0,1534,6
32597,81,1.0,7.0,2244,4
91824,65,1.0,4.0,6849,2
90097,38,1.0,2.0,1312,10
85854,62,0.0,8.0,3208,6
6556,57,1.0,5.0,154,6
83808,55,1.0,6.0,631,3
41301,83,1.0,1.0,7771,4
51517,32,0.0,3.0,4322,7
94856,7,1.0,2.0,9379,6
3818,4,0.0,1.0,7735,3
24297,73,1.0,10.0,7685,8
80656,29,1.0,8.0,1814,4
84254,41,1.0,7.0,6500,10
96140,47,0.0,7.0,8569,5
4261,94,0.0,9.0,2283,10
9502,8,1.0,1.0,7629,10
46390,27,1.0,5.0,5122,7
77989,66,1.0,7.0,182,10
36563,95,1.0,5.0,8651,0
27492,38,0.0,10.0,9065,3
63720,18,0.0,1.0,5973,2
88328,35,0.0,3.0,5965,6
10559,13,1.0,9.0,7298,5
36799,62,0.0,6.0,7603,0
52899,33,0.0,3.0,6340,1
67697,71,0.0,7.0,9826,5
82372,55,1.0,6.0,9864,7
93197,76,0.0,9.0,2660,4
68703,16,1.0,9.0,927,9
44626,46,1.0,8.0,8088,10
48809,16,0.0,4.0,4852,9
61152,84,1.0,1.0,8240,7
25230,26,1.0,5.0,6381,0
55153,50,1.0,9.0,1854,0
15320,44,1.0,2.0,8766,10
62064,15,0.0,4.0,2600,2
84285,95,1.0,9.0,1402,10
35067,47,1.0,4.0,3002,2
70945,92,1.0,2.0,6671,1
69348,68,0.0,10.0,9886,10
23705,8,1.0,6.0,3813,8
53359,28,0.0,6.0,3286,5
52801,60,1.0,6.0,9340,5
79109,84,1.0,8.0,4020,8
6305,86,0.0,4.0,6046,0
19739,67,0.0,6.0,19,5
72838,60,0.0,4.0,7033,1
94639,10,1.0,10.0,6959,7
43503,94,1.0,8.0,6325,2
36489,98,0.0,9.0,7357,5
67397,53,1.0,2.0,4018,5
22136,28,0.0,5.0,3362,1
66819,4,1.0,10.0,4775,3
39688,69,0.0,7.0,7469,6
66670,26,0.0,2.0,5210,2
66274,25,0.0,7.0,8030,2
67125,40,0.0,9.0,4546,6
72239,23,0.0,3.0,7142,0
71846,42,0.0,7.0,7325,4
73190,67,1.0,2.0,9717,10
20258,100,0.0,9.0,8924,4
79176,5,0.0,7.0,2510,4
54927,67,0.0,6.0,211,7
62960,39,1.0,1.0,2650,0
7002,78,1.0,2.0,9291,6
65029,14,0.0,10.0,4371,6
71876,43,0.0,10.0,6259,9
81468,19,0.0,5.0,1958,0
80823,23,0.0,9.0,951,6
57132,74,1.0,8.0,6361,10
29528,60,0.0,4.0,8986,10
80759,34,1.0,8.0,3938,2
94540,98,1.0,1.0,1873,2
48070,2,0.0,7.0,1755,2
8962,89,1.0,5.0,3046,2
41738,48,0.0,8.0,2916,2
62314,96,1.0,2.0,6315,0
50668,4,1.0,10.0,7911,5
2725,13,1.0,2.0,3744,1
88205,20,1.0,1.0,9933,0
51785,24,1.0,2.0,984,9
52284,59,0.0,3.0,9421,2
77411,3,1.0,8.0,2257,8
50875,65,1.0,1.0,4362,7
5640,2,1.0,2.0,2956,0
4371,73,1.0,2.0,5276,7
98257,19,0.0,2.0,1595,3
90499,27,1.0,7.0,268,3
622,81,0.0,2.0,9958,2
40777,39,1.0,7.0,2249,9
1008,4,0.0,6.0,6306,6
57718,14,1.0,4.0,7703,1
17167,90,0.0,3.0,7933,6
46131,39,0.0,9.0,7161,0
40567,56,1.0,3.0,606,8
77151,59,0.0,3.0,8951,9
94943,96,0.0,10.0,7628,1
31179,87,1.0,5.0,3901,3
80693,79,1.0,4.0,2813,2
16145,57,1.0,10.0,791,8
9678,10,1.0,9.0,7722,5
73554,81,0.0,2.0,7101,4
6914,33,0.0,1.0,5850,10
2995,85,0.0,3.0,9684,10
68245,23,0.0,1.0,3022,9
52649,43,0.0,7.0,3248,7
39040,42,0.0,8.0,5752,3
33936,95,1.0,8.0,4743,9
18762,97,1.0,5.0,7616,6
40952,58,1.0,10.0,2886,0
90404,26,1.0,4.0,3857,4
94947,30,1.0,2.0,9807,9
81866,45,1.0,5.0,4155,8
49909,3,0.0,6.0,889,2
31042,52,1.0,3.0,1060,0
35810,65,0.0,9.0,695,4
2985,53,1.0,2.0,564,1
63693,2,1.0,9.0,1292,5
94754,53,0.0,10.0,4076,5
15162,41,1.0,4.0,1305,6
32956,2,1.0,8.0,4489,2
96224,16,0.0,10.0,4172,7
86806,78,0.0,9.0,1807,0
42537,43,0.0,2.0,7712,4
77045,29,0.0,4.0,6920,9
76912,77,1.0,2.0,2174,2
33814,70,0.0,6.0,8963,4
4052,14,1.0,3.0,4181,0
634,64,0.0,6.0,4559,3
32325,98,0.0,1.0,5166,3
59348,69,0.0,8.0,8363,3
40148,80,0.0,10.0,9584,4
62064,33,1.0,1.0,198,6
23172,83,0.0,5.0,1185,2
80277,78,1.0,9.0,1722,7
62236,45,0.0,6.0,2590,8
58110,7,1.0,3.0,7325,4
99952,41,1.0,7.0,7588,9
9780,95,0.0,7.0,8941,10
26230,91,1.0,6.0,2280,0
44509,50,1.0,3.0,7761,6
94182,78,0.0,2.0,5065,3
28309,57,0.0,2.0,265,7
98710,68,1.0,5.0,7396,4
6362,94,1.0,2.0,2967,3
21857,93,1.0,4.0,8580,5
60064,57,1.0,4.0,972,1
41526,16,1.0,1.0,600,2
65163,42,0.0,1.0,6845,8
38355,80,1.0,7.0,2855,3
8020,80,0.0,2.0,6951,7
95780,86,0.0,3.0,8968,0
63267,74,1.0,6.0,5333,3
69314,16,1.0,7.0,8349,1
37781,12,0.0,9.0,376,4
77210,59,1.0,3.0,1418,5
50792,60,0.0,5.0,6411,8
98934,70,0.0,3.0,6596,10
74265,33,1.0,10.0,4358,6
93180,87,1.0,1.0,6556,9
4809,39,0.0,7.0,4187,6
91673,4,0.0,2.0,5015,4
13027,58,0.0,7.0,8116,10
40010,53,0.0,1.0,966,7
86019,21,0.0,9.0,1854,9
65427,85,0.0,7.0,5817,8
52202,5,0.0,4.0,4988,7
85345,61,1.0,3.0,7949,1
7472,14,0.0,3.0,9826,10
60167,16,1.0,3.0,7250,8
822,31,0.0,9.0,4972,0
17889,58,1.0,9.0,2305,0
78122,61,0.0,5.0,1289,7
39831,51,1.0,7.0,6173,2
67947,11,0.0,10.0,168,5
90265,45,0.0,1.0,6002,6
21522,93,0.0,8.0,4540,4
79298,57,0.0,3.0,4962,4
6481,86,1.0,10.0,325,9
87204,87,0.0,1.0,8458,4
19526,16,0.0,2.0,6845,0
61527,63,0.0,6.0,7911,0
52141,9,0.0,4.0,3429,6
45370,56,1.0,5.0,5701,9
38511,71,0.0,3.0,768,3
54462,3,1.0,5.0,9800,7
83847,31,0.0,3.0,7600,9
70213,9,0.0,8.0,9959,2
22328,37,1.0,6.0,4912,6
72870,25,1.0,7.0,5684,7
34980,16,1.0,8.0,6895,3
73136,77,1.0,9.0,5017,4
90087,29,0.0,3.0,3342,8
16714,61,0.0,6.0,3348,9
52455,54,0.0,1.0,2747,7
10817,97,0.0,9.0,2166,7
95367,11,0.0,10.0,5660,10
94018,60,1.0,3.0,6752,4
38947,91,0.0,5.0,9710,4
46976,97,1.0,1.0,9127,3
34673,52,0.0,4.0,1917,0
17392,99,0.0,4.0,8037,8
43359,82,0.0,7.0,5583,10
32309,58,1.0,9.0,8208,5
88352,61,1.0,3.0,9164,7
50878,23,0.0,3.0,7971,3
60886,15,0.0,7.0,911,2
63792,73,0.0,3.0,3561,4
85215,25,0.0,7.0,4215,6
80998,28,0.0,3.0,8947,0
29250,3,0.0,5.0,3829,5
37941,47,0.0,1.0,3290,6
11242,14,1.0,1.0,6653,3
91558,18,0.0,1.0,4031,0
87819,30,0.0,1.0,8808,6
10035,15,1.0,5.0,8905,6
57676,66,0.0,7.0,6471,2
20297,18,0.0,9.0,2533,1
68006,63,0.0,4.0,6395,7
48994,59,0.0,9.0,3281,0
66738,7,1.0,8.0,2284,9
22855,24,0.0,9.0,6048,2
21196,34,0.0,8.0,1661,7
36702,66,1.0,3.0,1996,1
76612,28,1.0,5.0,8646,7
22974,86,0.0,10.0,3151,2
16348,12,0.0,10.0,1893,3
50109,4,1.0,1.0,2348,4
41759,49,0.0,10.0,3413,4
19572,96,1.0,1.0,4306,2
712,29,1.0,8.0,5343,5
88172,3,0.0,7.0,2661,9
46944,65,1.0,3.0,4690,8
79649,51,1.0,8.0,7009,2
27488,63,1.0,4.0,2024,3
10972,90,1.0,10.0,797,4
17797,13,0.0,10.0,9280,10
16252,30,1.0,7.0,6868,5
71603,39,1.0,1.0,7586,7
87022,60,1.0,6.0,5786,4
62289,32,0.0,8.0,1202,3
5825,60,1.0,2.0,779,5
85225,40,1.0,2.0,6461,9
5820,41,1.0,4.0,9562,9
90539,14,1.0,3.0,9179,2
35233,53,1.0,6.0,1214,0
98559,33,0.0,2.0,2324,4
58056,17,0.0,9.0,1440,7
91207,63,1.0,7.0,467,10
67923,20,1.0,7.0,8669,10
12641,28,1.0,9.0,9115,1
35691,53,1.0,5.0,3039,7
48627,54,1.0,2.0,788,10
5183,31,0.0,3.0,7715,6
16631,68,0.0,9.0,3762,10
18144,19,1.0,5.0,55,4
10586,27,1.0,10.0,503,3
64235,25,1.0,10.0,27,8
88584,15,1.0,4.0,2319,5
2310,61,1.0,4.0,1472,0
55217,65,0.0,7.0,7944,10
64539,20,0.0,8.0,3346,9
90947,89,1.0,6.0,1712,1
68837,41,1.0,9.0,6275,4
60721,88,0.0,6.0,7257,9
51459,49,1.0,8.0,5888,4
12820,41,0.0,8.0,2543,1
20734,34,0.0,3.0,9170,7
91988,53,1.0,4.0,2879,7
40286,85,0.0,2.0,6932,9
10719,77,0.0,2.0,3133,6
17783,28,0.0,3.0,766,8
72065,52,0.0,2.0,9330,2
58626,55,0.0,3.0,7310,1
13147,61,1.0,2.0,9798,9
90304,95,1.0,5.0,6738,5
80780,98,1.0,8.0,8504,9
82301,20,0.0,3.0,9272,6
78039,10,0.0,9.0,3096,3
92783,37,0.0,3.0,4678,7
67134,92,0.0,1.0,2317,8
27792,11,1.0,6.0,3384,2
96637,55,0.0,6.0,5934,5
36877,89,1.0,7.0,8017,0
88120,13,0.0,5.0,2099,7
4385,55,1.0,4.0,6409,5
75903,20,0.0,1.0,7710,7
1171,86,0.0,3.0,4926,7
44615,18,0.0,4.0,9655,2
65543,81,1.0,3.0,8575,3
17246,95,0.0,9.0,710,0
7236,30,0.0,10.0,6972,5
32078,91,0.0,3.0,2720,5
82184,14,1.0,4.0,5915,2
6686,43,0.0,2.0,6929,0
18536,7,0.0,10.0,4973,2
52683,43,0.0,9.0,6551,10
32286,69,1.0,5.0,6267,2
34796,74,1.0,9.0,9680,6
26669,69,0.0,5.0,2358,9
47606,49,0.0,4.0,7516,3
91435,61,1.0,10.0,9265,8
889,53,1.0,7.0,236,10
67511,24,0.0,10.0,4278,4
52655,82,0.0,4.0,2978,10
82432,43,0.0,8.0,8625,0
75680,100,0.0,2.0,3336,2
28543,26,1.0,7.0,7395,10
66851,93,1.0,4.0,4423,2
49031,37,1.0,3.0,704,3
71630,5,1.0,4.0,1444,7
25362,76,0.0,3.0,1188,9
87412,89,0.0,7.0,4077,6
41057,22,0.0,3.0,5255,3
93325,38,1.0,10.0,5398,0
40330,49,0.0,4.0,9713,7
5134,31,1.0,4.0,8414,5
93443,16,1.0,3.0,3588,5
55558,74,0.0,8.0,5460,8
61694,58,0.0,7.0,5219,3
32713,97,0.0,8.0,8515,1
9428,45,0.0,10.0,5175,1
92032,81,1.0,1.0,7554,7
28091,77,1.0,8.0,7783,4
54706,39,1.0,2.0,5880,4
97429,13,1.0,1.0,9333,6
7808,72,1.0,9.0,6628,5
60265,97,1.0,9.0,1675,4
57850,32,0.0,10.0,3863,10
72554,16,0.0,5.0,6398,9
6966,21,0.0,3.0,7160,8
79957,45,1.0,1.0,9128,6
3629,4,0.0,3.0,9889,9
8732,25,0.0,6.0,8862,7
56514,33,0.0,3.0,3165,1
20533,93,1.0,9.0,7883,2
16625,27,0.0,9.0,2358,7
12313,50,1.0,4.0,816,5
68052,4,0.0,3.0,6541,8
35383,92,1.0,10.0,4440,7
8977,51,0.0,1.0,8870,9
79356,46,0.0,3.0,904,1
67639,99,1.0,6.0,1961,3
21145,70,0.0,9.0,9613,8
26009,18,1.0,6.0,7143,4
68580,4,0.0,8.0,3802,5
88780,51,1.0,1.0,6238,0
72114,51,1.0,5.0,7506,4
89756,47,1.0,6.0,3770,1
1770,61,1.0,5.0,3072,8
20109,91,1.0,5.0,2609,7
61067,99,1.0,3.0,1255,2
30690,10,0.0,6.0,4549,5
12161,11,1.0,8.0,6096,0
47364,47,1.0,7.0,9106,6
57066,20,0.0,5.0,5737,3
97760,89,0.0,1.0,6185,8
47476,85,1.0,5.0,9268,2
32176,58,0.0,1.0,1903,5
98547,17,1.0,8.0,9364,8
86171,22,0.0,7.0,4101,7
65711,20,1.0,9.0,2530,9
73585,89,0.0,3.0,845,4
26665,68,1.0,9.0,336,10
69094,22,0.0,8.0,6865,2
27538,9,1.0,2.0,3698,5
64922,3,1.0,5.0,7979,4
74600,64,0.0,5.0,5061,1
56595,94,1.0,10.0,2837,5
18037,91,0.0,7.0,8309,5
56587,50,0.0,10.0,3876,5
20105,98,0.0,9.0,4324,4
46322,61,0.0,5.0,6675,5
31301,13,1.0,6.0,184,8
91952,19,1.0,9.0,1458,2
92948,46,0.0,4.0,9824,1
66812,48,1.0,8.0,7839,3
76424,37,0.0,7.0,3100,8
14823,44,0.0,4.0,6429,1
26682,7,1.0,4.0,1056,8
12995,92,1.0,7.0,1233,10
94789,23,0.0,9.0,7185,8
34703,13,0.0,6.0,4409,3
9691,20,1.0,8.0,2772,10
84118,15,0.0,1.0,9776,2
39272,95,0.0,2.0,7916,3
51037,100,0.0,1.0,2138,5
17325,5,1.0,7.0,204,0
39104,19,1.0,2.0,9465,0
11247,73,1.0,2.0,3096,1
87000,62,0.0,5.0,6948,6
99999,58,0.0,4.0,4199,2
55888,81,1.0,8.0,2779,6
75296,30,1.0,1.0,4496,9
83512,8,1.0,6.0,414,8
22825,100,1.0,6.0,6328,3
58287,71,0.0,4.0,98,4
91441,41,1.0,3.0,8557,0
57564,64,0.0,2.0,5878,6
82280,33,0.0,1.0,4922,7
62646,36,1.0,2.0,3049,8
50133,28,1.0,9.0,149,2
69719,11,1.0,3.0,5732,2
81840,49,0.0,4.0,8319,6
7851,22,1.0,7.0,7138,3
76564,95,0.0,10.0,3823,0
2095,88,1.0,10.0,1163,6
13287,84,1.0,10.0,7986,1
94457,17,1.0,2.0,9297,8
96573,74,1.0,6.0,5450,10
97898,60,1.0,3.0,8442,2
18642,62,0.0,8.0,2385,7
52259,16,0.0,6.0,5398,4
68362,77,0.0,1.0,2413,1
66395,22,0.0,6.0,7576,10
10590,74,0.0,2.0,4445,4
51271,33,0.0,8.0,4275,5
91436,7,1.0,8.0,4471,7
68072,63,0.0,2.0,267,1
12172,12,0.0,10.0,126,7
34750,28,0.0,9.0,6110,7
52832,46,0.0,4.0,2309,10
87683,53,0.0,3.0,1003,7
25145,2,1.0,10.0,4290,8
18426,63,1.0,3.0,524,5
9381,96,0.0,5.0,4038,1
81658,27,0.0,4.0,5193,6
10028,51,1.0,6.0,3749,8
76352,55,1.0,2.0,5716,1
21247,81,1.0,5.0,6437,4
84805,15,0.0,7.0,1126,9
8928,8,0.0,3.0,3981,4
14762,42,1.0,7.0,5481,1
53454,14,0.0,7.0,102,1
35409,1,1.0,1.0,446,6
53161,42,1.0,6.0,5035,2
12760,60,1.0,3.0,1449,3
42826,38,0.0,2.0,2658,0
58394,19,1.0,3.0,9841,8
95143,90,0.0,2.0,4722,1
46532,19,0.0,8.0,7171,9
42272,11,0.0,10.0,202,3
42981,49,0.0,5.0,3219,10
62384,72,1.0,2.0,2731,1
81653,13,0.0,2.0,7385,6
63278,60,1.0,6.0,7882,6
95307,66,1.0,4.0,3288,9
72545,96,1.0,6.0,4904,0
66777,1,1.0,9.0,6831,9
61001,41,1.0,7.0,8841,1
65790,82,1.0,5.0,8340,3
35948,75,0.0,10.0,8356,6
54929,86,0.0,7.0,3223,8
18397,59,0.0,7.0,3118,4
4623,93,0.0,10.0,7715,10
58433,54,0.0,9.0,8873,8
79767,86,1.0,6.0,8544,6
58036,51,0.0,9.0,9488,2
6051,77,0.0,7.0,5128,5
22703,41,0.0,1.0,4694,0
29319,62,1.0,3.0,4451,7
53722,26,1.0,1.0,9999,3
32218,28,1.0,4.0,5525,7
93288,90,1.0,7.0,2914,4
30402,63,0.0,9.0,6328,4
75632,43,1.0,8.0,8777,2
34592,24,0.0,7.0,3151,6
34304,54,0.0,2.0,4865,6
21112,38,0.0,2.0,6288,4
40266,100,0.0,4.0,8224,8
93533,27,0.0,5.0,747,7
78672,59,1.0,6.0,7040,8
47833,44,1.0,7.0,9613,0
22142,11,0.0,8.0,7269,7
19819,19,0.0,10.0,3912,4
69967,32,0.0,6.0,3106,4
28555,76,1.0,9.0,626,0
25881,89,1.0,9.0,9613,4
81624,8,1.0,1.0,9394,3
73943,29,1.0,10.0,8991,8
78101,17,0.0,1.0,6775,10
22162,14,0.0,10.0,8854,9
72836,27,1.0,8.0,2364,1
56614,98,0.0,1.0,6556,4
838,30,1.0,2.0,3336,6
25946,84,1.0,9.0,6908,0
17250,50,0.0,3.0,8648,10
19387,17,0.0,4.0,860,6
36503,87,1.0,10.0,8926,2
61752,62,0.0,2.0,7131,5
25136,98,1.0,7.0,4429,1
95989,44,1.0,5.0,5786,6
27665,29,1.0,10.0,4075,9
79169,22,0.0,4.0,5828,4
69642,45,1.0,9.0,8521,3
28727,45,0.0,6.0,4545,0
88940,18,1.0,1.0,4043,6
82978,41,0.0,1.0,1471,3
22374,13,1.0,5.0,10,5
7169,65,1.0,1.0,7376,4
91380,23,0.0,8.0,716,2
20799,10,1.0,8.0,815,6
28446,94,1.0,4.0,8820,6
81618,87,0.0,5.0,424,9
44513,63,0.0,7.0,9016,5
66436,19,0.0,3.0,9029,5
55482,87,1.0,9.0,71,2
23376,9,1.0,9.0,1489,4
48380,73,0.0,7.0,5683,9
38765,16,0.0,2.0,8440,10
2484,43,0.0,7.0,9690,8
5624,35,1.0,8.0,2685,6
71541,71,1.0,3.0,4053,6
98857,85,1.0,3.0,8646,3
6948,10,0.0,7.0,4076,0
16284,39,1.0,5.0,401,8
60261,37,0.0,3.0,3655,3
92304,75,1.0,9.0,5931,5
32071,15,1.0,5.0,2468,1
76454,17,0.0,1.0,1535,1
70210,48,1.0,9.0,8411,1
75584,77,1.0,6.0,6093,1
41669,18,1.0,5.0,6702,6
8940,86,1.0,3.0,7611,9
79628,60,1.0,3.0,7957,6
52979,82,0.0,9.0,7538,5
75414,82,1.0,3.0,5552,1
91515,23,1.0,5.0,4920,2
68767,13,0.0,8.0,2368,3
90111,94,1.0,4.0,3328,5
1967,87,1.0,10.0,4154,2
21843,66,0.0,2.0,3477,5
45049,30,1.0,10.0,2739,9
925,16,1.0,4.0,727,2
53956,78,0.0,5.0,2792,9
3343,76,1.0,6.0,2608,0
25942,86,1.0,2.0,105,5
51171,95,0.0,5.0,8232,9
82629,5,0.0,8.0,1424,9
78721,23,0.0,6.0,5302,9
82900,3,0.0,7.0,1681,8
79399,21,1.0,10.0,207,0
87078,8,1.0,10.0,8335,1
65246,19,1.0,5.0,1051,10
48271,40,0.0,4.0,8367,4
61311,30,1.0,8.0,7751,2
742,28,1.0,6.0,8299,1
55164,10,1.0,1.0,2310,3
37448,47,1.0,1.0,2779,5
34208,43,1.0,1.0,1404,0
21442,42,0.0,6.0,1161,3
69290,23,0.0,3.0,7133,8
15299,91,1.0,2.0,6271,0
30203,5,0.0,1.0,1571,3
74069,53,1.0,7.0,9018,3
780,18,0.0,9.0,3544,9
85060,55,0.0,9.0,3752,2
47143,7,1.0,5.0,4147,7
40194,32,0.0,10.0,9140,2
74411,98,1.0,4.0,2267,3
3527,47,1.0,1.0,8261,4
85185,23,0.0,1.0,6650,2
68772,98,0.0,5.0,982,9
6281,33,1.0,1.0,1934,0
8319,78,0.0,10.0,8748,4
39572,79,0.0,6.0,1796,7
61787,96,0.0,6.0,9345,0
71117,31,1.0,7.0,646,1
42903,96,1.0,4.0,4380,3
68847,70,0.0,6.0,7303,9
55035,98,1.0,10.0,2080,4
76485,57,1.0,1.0,7262,2
27521,39,0.0,9.0,8729,1
63072,55,0.0,2.0,3578,5
60454,96,1.0,5.0,1163,9
43204,15,1.0,5.0,9962,4
70279,14,0.0,7.0,9378,3
99303,44,1.0,10.0,9881,7
52952,8,1.0,6.0,4082,7
40139,95,0.0,3.0,8244,9
26960,63,1.0,2.0,8929,2
21726,10,0.0,5.0,1819,9
18098,25,1.0,4.0,2796,2
23519,20,1.0,4.0,4872,8
50949,50,1.0,6.0,4628,10
80834,22,0.0,5.0,469,7
77743,40,1.0,7.0,9853,3
97124,78,1.0,8.0,8971,8
80459,43,1.0,7.0,2388,4
59237,54,1.0,3.0,3941,6
43579,14,1.0,4.0,6335,5
10484,38,0.0,10.0,1255,7
19907,31,0.0,7.0,5155,7
68643,71,1.0,1.0,5541,9
67457,7,1.0,2.0,8922,1
44593,83,0.0,10.0,7934,3
56339,100,1.0,10.0,3911,8
74817,9,1.0,8.0,507,7
51109,17,0.0,6.0,1500,1
63601,24,1.0,2.0,8813,5
72926,35,0.0,10.0,4407,7
1562,85,1.0,6.0,2562,9
2536,88,1.0,5.0,4785,0
44175,43,0.0,9.0,5162,5
4069,39,0.0,5.0,2891,2
73082,54,1.0,9.0,1004,10
37718,79,0.0,10.0,378,9
47386,36,0.0,8.0,4076,0
33871,85,0.0,6.0,9597,4
45406,53,1.0,9.0,4165,6
66434,80,0.0,8.0,24,0
23684,95,0.0,10.0,9147,8
47177,80,1.0,4.0,4021,10
61661,10,0.0,10.0,6115,2
449,31,0.0,2.0,2141,10
66648,48,0.0,10.0,4710,0
48757,41,0.0,4.0,9892,0
23558,42,0.0,2.0,8483,2
56223,42,1.0,5.0,5755,10
14137,68,1.0,7.0,3294,6
59386,85,0.0,4.0,2771,5
34826,55,1.0,2.0,3875,1
12785,91,0.0,8.0,7805,3
72587,98,1.0,5.0,1497,7
69804,90,1.0,2.0,5943,8
63915,11,0.0,6.0,5364,1
24415,76,0.0,9.0,3810,10
91007,49,0.0,7.0,9519,7
24023,47,1.0,6.0,9299,9
66716,22,1.0,10.0,1296,8
44653,35,0.0,1.0,6088,2
91013,1,0.0,9.0,4404,4
14725,14,1.0,4.0,1487,0
61115,48,0.0,10.0,5435,8
90925,25,0.0,3.0,9187,5
54717,52,1.0,6.0,6539,7
53708,81,1.0,4.0,3050,1
55413,32,1.0,5.0,8293,2
74875,98,1.0,4.0,7176,1
65844,13,0.0,2.0,8359,7
28613,95,0.0,6.0,4340,6
99458,94,1.0,1.0,3825,4
69399,77,0.0,6.0,8699,8
51237,92,1.0,9.0,5658,7
29276,42,0.0,2.0,4185,9
50938,33,1.0,5.0,1660,6
39614,97,0.0,8.0,3143,9
5758,77,1.0,8.0,9537,9
60562,10,0.0,5.0,2203,5
28048,63,0.0,1.0,1221,3
92649,28,1.0,4.0,6269,0
16354,4,1.0,3.0,5097,5
50418,43,0.0,7.0,2791,7
20075,25,0.0,3.0,13,1
54729,30,1.0,2.0,5709,6
34767,13,0.0,1.0,8974,9
31388,17,1.0,1.0,3077,1
37134,83,1.0,1.0,6439,2
14011,99,0.0,2.0,4732,1
87589,54,0.0,2.0,4887,0
40993,16,0.0,8.0,10000,7
92811,3,0.0,5.0,3673,0
26867,6,0.0,10.0,20,0
49170,96,0.0,3.0,1906,5
77081,67,0.0,5.0,3294,1
66959,87,1.0,8.0,1460,9
82458,93,0.0,9.0,3909,7
85615,68,1.0,3.0,3381,8
61803,22,1.0,2.0,9450,1
93190,51,0.0,5.0,7651,7
79240,53,1.0,3.0,8062,4
86184,99,1.0,4.0,6288,1
57097,65,0.0,7.0,3113,2
683,91,1.0,3.0,2986,10
22255,70,1.0,3.0,1138,8
43586,12,1.0,6.0,8376,7
55472,44,0.0,6.0,6960,0
58253,15,1.0,1.0,358,0
46308,73,0.0,5.0,3246,4
65961,29,0.0,10.0,7680,1
77262,19,0.0,5.0,8829,7
48399,78,0.0,2.0,2547,6
75402,59,0.0,10.0,7959,8
54750,10,0.0,4.0,8395,0
25968,74,1.0,5.0,2803,10
28993,96,1.0,6.0,1785,10
28605,2,0.0,6.0,1800,1
68184,64,0.0,4.0,125,10
98283,41,0.0,9.0,1515,4
95238,100,1.0,9.0,8203,1
67519,85,0.0,10.0,8584,0
33608,38,1.0,2.0,379,10
22851,5,0.0,10.0,500,6
69165,16,1.0,5.0,8210,5
15321,53,0.0,4.0,2827,1
74477,22,1.0,8.0,9970,6
17668,50,1.0,9.0,8035,9
19794,27,1.0,5.0,2848,10
21294,54,1.0,7.0,3487,8
56753,6,0.0,6.0,9980,7
35753,5,1.0,10.0,4870,6
14118,59,1.0,5.0,7674,10
39307,19,0.0,3.0,376,2
21477,49,0.0,8.0,1764,2
52264,50,1.0,6.0,4498,10
61350,4,1.0,2.0,5348,10
71993,95,1.0,4.0,6969,3
60450,32,1.0,9.0,9696,4
42791,21,0.0,5.0,1860,5
9289,50,0.0,6.0,950,1
84888,51,0.0,2.0,9199,0
45867,84,1.0,6.0,4568,5
72100,93,1.0,1.0,4552,4
13381,45,0.0,8.0,9485,0
27690,26,0.0,9.0,9134,4
18149,46,1.0,4.0,6671,8
85154,10,1.0,6.0,8254,5
10851,17,0.0,4.0,6963,5
19214,90,0.0,8.0,1119,9
93450,23,1.0,9.0,7882,8
25051,36,0.0,5.0,5497,1
54300,96,1.0,10.0,6595,4
22241,59,0.0,3.0,1501,3
26853,57,0.0,9.0,4790,6
42360,13,0.0,6.0,7646,6
50710,94,0.0,4.0,7271,2
7512,27,1.0,4.0,535,7
28956,3,0.0,6.0,8777,8
71001,74,0.0,6.0,8198,4
96364,31,1.0,10.0,8226,4
74315,47,1.0,7.0,2183,8
4487,62,1.0,10.0,2097,4
75066,25,1.0,6.0,9494,0
81374,87,1.0,4.0,4844,7
92490,34,0.0,8.0,390,4
24686,87,1.0,8.0,2626,1
81548,51,1.0,3.0,906,2
83789,40,0.0,10.0,5017,6
82407,75,0.0,6.0,3929,1
15763,38,0.0,7.0,3410,8
56191,30,0.0,5.0,4869,2
93324,100,1.0,4.0,4439,10
75039,5,1.0,8.0,4767,2
24270,73,0.0,9.0,973,0
19277,85,1.0,2.0,5420,1
48799,55,1.0,9.0,7698,4
86184,38,1.0,5.0,1960,5
21217,20,0.0,3.0,8193,9
90679,5,0.0,9.0,1281,0
75873,6,0.0,3.0,5930,10
58091,46,1.0,4.0,7813,3
89396,86,0.0,5.0,4944,4
87867,25,0.0,10.0,5558,3
62655,32,0.0,6.0,2676,9
55840,85,1.0,6.0,9483,6
28720,60,1.0,9.0,4246,10
79783,4,0.0,1.0,6411,7
68260,89,0.0,10.0,3918,6
4113,64,1.0,5.0,9588,4
29556,91,1.0,4.0,5380,2
90300,66,1.0,1.0,3686,5
80439,77,0.0,7.0,6006,2
89245,86,1.0,9.0,9750,2
42540,68,1.0,10.0,6433,2
2978,3,1.0,7.0,6660,5
43038,18,1.0,6.0,8196,1
65201,87,0.0,10.0,2272,9
16200,79,0.0,6.0,7426,7
24095,45,0.0,3.0,7544,1
10503,94,0.0,3.0,7622,2
90338,17,1.0,8.0,5985,5
58402,85,1.0,8.0,6935,3
7431,62,1.0,9.0,7392,4
55047,22,1.0,1.0,3717,3
78897,58,0.0,5.0,5637,0
52123,32,1.0,4.0,401,6
41157,22,1.0,1.0,2881,2
12838,35,1.0,2.0,8822,5
18285,70,1.0,7.0,3590,0
33435,33,0.0,1.0,388,4
77618,78,1.0,8.0,7745,1
64044,31,0.0,10.0,4147,2
69788,12,0.0,2.0,6124,1
5208,61,0.0,7.0,4964,1
69952,78,0.0,8.0,1882,7
9613,95,0.0,3.0,5203,6
79915,51,1.0,6.0,3764,6
99636,89,1.0,5.0,2976,3
37822,23,0.0,10.0,9476,9
33726,28,0.0,4.0,9671,5
97854,70,0.0,5.0,9640,9
80266,22,0.0,7.0,6651,6
48875,93,0.0,1.0,1057,8
35019,50,1.0,3.0,5121,4
55020,34,0.0,9.0,4722,4
29256,41,1.0,3.0,8881,9
26943,60,0.0,6.0,5008,2
11050,63,1.0,1.0,1722,9
47413,66,0.0,6.0,5507,3
20002,12,1.0,6.0,3513,3
60216,14,1.0,4.0,3001,10
83275,77,1.0,5.0,5721,2
80150,77,0.0,8.0,6877,4
38057,50,1.0,8.0,7685,3
53449,7,1.0,7.0,9862,0
33785,14,0.0,5.0,8715,10
9463,60,1.0,4.0,1882,0
94370,55,1.0,2.0,479,4
44698,15,0.0,10.0,3293,4
75743,76,1.0,9.0,7010,6
17622,42,1.0,2.0,8824,1
62662,28,0.0,10.0,4876,7
17346,74,0.0,4.0,8061,3
88899,84,0.0,5.0,6830,4
72447,68,1.0,9.0,3428,10
40555,76,1.0,3.0,4007,10
91095,2,1.0,10.0,2329,5
69810,37,0.0,4.0,5822,6
27533,63,1.0,2.0,9925,7
75271,69,0.0,2.0,4145,0
42010,70,0.0,3.0,3329,8
2169,96,0.0,10.0,7574,3
29004,70,0.0,9.0,3434,9
32966,11,0.0,6.0,9669,8
14859,82,1.0,6.0,4915,9
33640,9,0.0,4.0,8661,8
73808,6,1.0,8.0,9712,6
30807,99,0.0,8.0,8744,0
14243,85,0.0,8.0,3919,2
82190,65,0.0,7.0,2599,8
31968,87,0.0,1.0,8334,5
23558,26,1.0,3.0,2775,1
81063,98,0.0,6.0,9221,10
9542,60,1.0,8.0,6318,2
39699,74,0.0,9.0,4430,0
50788,64,0.0,1.0,9455,10
41681,12,1.0,1.0,8257,10
3798,53,1.0,8.0,4907,4
31044,53,0.0,10.0,9004,5
46291,97,0.0,6.0,9142,9
15727,25,1.0,7.0,1546,8
67555,40,0.0,7.0,4145,1
1903,2,0.0,2.0,3664,10
67271,60,1.0,7.0,5808,4
39217,7,1.0,9.0,9084,7
62532,26,1.0,2.0,1358,10
36239,59,1.0,2.0,1947,1
11987,48,1.0,4.0,5115,1
32862,39,0.0,3.0,4107,1
10983,10,0.0,3.0,9751,4
94294,38,1.0,9.0,3672,3
11157,49,0.0,10.0,8890,5
59018,35,1.0,1.0,308,5
84807,34,0.0,2.0,9917,2
31585,42,1.0,6.0,5474,7
44670,41,1.0,2.0,6459,9
16951,20,0.0,10.0,3306,5
5892,32,1.0,6.0,6127,8
24971,65,0.0,7.0,4881,5
56217,69,1.0,9.0,4116,0
6138,92,0.0,1.0,274,9
37582,17,1.0,10.0,5317,7
18848,89,0.0,8.0,6175,1
12107,15,0.0,5.0,2221,9
71523,87,0.0,5.0,8389,4
88328,91,1.0,1.0,7972,10
22304,42,0.0,2.0,9491,3
90523,63,1.0,6.0,5541,0
91987,31,1.0,1.0,1466,0
57719,86,1.0,4.0,4622,10
87073,2,0.0,9.0,3178,6
1878,68,0.0,3.0,9965,1
47184,40,1.0,8.0,7191,10
45511,33,1.0,4.0,694,0
98450,23,0.0,9.0,1754,9
38551,8,1.0,1.0,2202,0
1359,99,0.0,6.0,430,0
76903,36,0.0,8.0,563,6
67496,23,0.0,2.0,9207,4
39756,22,0.0,4.0,8567,8
25643,6,1.0,8.0,3855,6
14043,8,1.0,9.0,9696,6
82311,85,0.0,4.0,6386,0
9333,96,1.0,1.0,4625,1
36563,46,0.0,7.0,5645,10
33427,23,1.0,3.0,7671,8
52552,83,0.0,7.0,3276,2
1294,31,1.0,2.0,3325,4
19382,95,1.0,8.0,3872,3
62805,89,0.0,7.0,1555,8
76045,48,0.0,7.0,5662,7
11660,45,0.0,4.0,5549,8
65965,87,1.0,4.0,606,5
18243,4,0.0,7.0,5669,0
45620,49,1.0,5.0,8627,4
95620,43,1.0,2.0,6653,4
44159,61,0.0,9.0,6958,6
56819,66,1.0,10.0,7119,6
45681,8,1.0,8.0,5238,6
45885,30,1.0,10.0,1488,6
42781,53,1.0,4.0,669,10
48919,26,0.0,7.0,5247,1
4846,64,0.0,2.0,602,1
31160,53,1.0,10.0,1189,0
7033,2,0.0,10.0,6478,10
72797,79,0.0,1.0,9900,1
59068,56,0.0,8.0,6054,6
10737,4,1.0,1.0,6583,2
5798,38,0.0,3.0,6107,1
63396,36,0.0,10.0,8572,1
12196,85,0.0,2.0,5787,6
45271,4,0.0,2.0,6212,10
53885,68,0.0,9.0,8399,9
21006,46,0.0,8.0,7889,2
99184,35,0.0,10.0,3283,5
27569,99,1.0,8.0,6325,0
11064,83,0.0,7.0,8637,9
60299,99,1.0,3.0,118,0
43337,14,0.0,8.0,1163,8
6738,86,1.0,5.0,565,10
7939,76,1.0,4.0,2237,8
33316,89,0.0,4.0,9968,8
28193,61,1.0,5.0,3595,6
60768,52,0.0,1.0,3766,2
405,38,0.0,9.0,5038,0
78229,55,1.0,5.0,1061,9
38892,78,0.0,10.0,7791,8
16834,67,1.0,8.0,6155,0
98767,58,1.0,7.0,7232,10
19931,71,0.0,7.0,2766,8
94165,57,1.0,3.0,6873,4
3166,57,0.0,5.0,4145,9
14307,76,1.0,5.0,9386,7
74927,58,0.0,5.0,347,1
46132,94,1.0,7.0,4824,8
93683,61,0.0,4.0,8177,3
22136,56,0.0,4.0,7861,3
22334,5,0.0,9.0,9949,5
94723,15,0.0,2.0,5091,10
525,39,0.0,1.0,8868,10
44111,53,1.0,10.0,7962,1
50839,28,0.0,5.0,2021,0
81019,81,0.0,10.0,4447,9
36137,72,0.0,4.0,659,9
56439,84,1.0,2.0,7088,2
1937,54,1.0,5.0,9334,7
93001,36,0.0,7.0,9607,10
67233,36,0.0,5.0,4594,3
55682,71,0.0,10.0,5246,7
97897,63,1.0,9.0,1335,10
66836,68,1.0,1.0,2932,2
78235,8,1.0,2.0,259,4
32419,36,1.0,5.0,3533,0
54995,7,1.0,8.0,5028,3
7133,86,1.0,2.0,2063,4
48223,48,1.0,10.0,6695,2
28354,54,0.0,5.0,6960,8
63613,83,0.0,3.0,7626,0
40812,52,1.0,3.0,9172,10
40736,55,1.0,5.0,6743,3
93690,94,1.0,2.0,3488,2
50276,26,0.0,1.0,7480,10
21294,65,0.0,3.0,1596,10
99074,67,1.0,7.0,9503,7
24979,45,1.0,5.0,7316,2
41441,21,1.0,9.0,9601,5
97857,20,0.0,8.0,2771,8
65931,71,0.0,7.0,8544,4
39077,15,0.0,8.0,1375,6
95690,10,0.0,5.0,1680,1
82236,49,1.0,8.0,925,8
36539,68,1.0,2.0,3085,10
99491,47,1.0,1.0,9878,1
32185,27,1.0,7.0,3491,7
59183,22,0.0,2.0,1694,0
11006,48,1.0,2.0,4306,7
24025,18,1.0,4.0,8500,9
92120,25,0.0,4.0,601,2
63342,21,1.0,2.0,3502,8
91418,76,1.0,8.0,9752,3
99151,76,1.0,10.0,7600,6
31429,17,1.0,5.0,342,0
92781,74,0.0,7.0,8003,0
7719,5,0.0,6.0,7669,3
46313,91,0.0,3.0,5872,7
53973,69,1.0,3.0,3234,4
95748,28,0.0,2.0,9626,10
64615,38,1.0,10.0,9570,5
10876,64,0.0,8.0,4495,8
38315,97,0.0,3.0,1545,5
16733,20,0.0,10.0,8914,3
17417,53,0.0,5.0,958,10
45946,24,0.0,2.0,3607,9
32143,91,1.0,4.0,4601,7
23409,45,1.0,2.0,6900,4
58559,16,0.0,8.0,4041,3
88182,3,1.0,9.0,604,8
12315,67,1.0,10.0,5661,10
19520,40,0.0,7.0,329,3
79262,55,0.0,7.0,2810,10
33550,8,0.0,10.0,6962,4
45179,14,0.0,8.0,4737,7
8677,7,0.0,10.0,8678,10
52517,75,0.0,6.0,9411,8
53762,24,1.0,6.0,7349,9
79553,7,1.0,2.0,7603,1
9367,99,1.0,9.0,7384,8
20349,35,0.0,3.0,2346,3
34433,45,1.0,1.0,3875,10
1451,33,0.0,4.0,3528,10
21527,82,1.0,6.0,6235,10
45209,50,0.0,4.0,6554,9
93318,20,1.0,2.0,6372,8
31437,10,1.0,8.0,2431,5
4742,71,1.0,7.0,3861,9
48648,80,0.0,8.0,3794,8
89003,41,1.0,7.0,9285,6
25182,73,1.0,3.0,6524,5
38890,19,1.0,9.0,5325,7
8682,26,1.0,8.0,4686,9
17332,28,1.0,10.0,625,5
75671,63,1.0,2.0,4840,4
5991,1,0.0,8.0,9351,0
46463,56,1.0,6.0,7132,6
99774,44,0.0,1.0,8651,8
60244,31,0.0,5.0,3604,5
78747,37,1.0,10.0,8386,5
47635,18,1.0,8.0,4675,1
6591,16,0.0,1.0,2178,8
12997,79,0.0,4.0,2765,6
16146,69,0.0,8.0,9356,2
94792,77,0.0,3.0,14,6
2382,68,0.0,1.0,5221,0
71528,32,1.0,10.0,1960,3
16249,71,0.0,3.0,4916,0
34910,64,1.0,7.0,2118,10
32396,11,1.0,10.0,5610,4
50205,56,0.0,3.0,906,4
10697,20,1.0,7.0,7806,1
50436,3,1.0,6.0,1288,3
89215,84,0.0,3.0,6172,2
88746,45,1.0,2.0,8075,4
81582,63,1.0,2.0,9237,0
17241,98,1.0,2.0,819,8
81401,67,1.0,4.0,6681,8
41659,3,0.0,9.0,8916,10
62268,54,1.0,10.0,723,2
91618,50,1.0,5.0,7682,1
37151,30,0.0,1.0,4390,6
17705,66,1.0,6.0,1289,0
93558,78,1.0,5.0,4690,8
3086,56,1.0,6.0,5053,6
30247,9,1.0,7.0,8831,6
26580,48,1.0,7.0,3276,0
21316,9,1.0,8.0,3145,3
77646,36,0.0,1.0,1362,3
39806,32,1.0,10.0,3285,4
91624,29,0.0,6.0,3446,10
96329,51,0.0,2.0,3411,10
36580,72,1.0,6.0,4051,1
50013,60,1.0,3.0,9940,1
3763,30,0.0,4.0,5874,10
93256,79,1.0,5.0,1202,1
85705,30,1.0,10.0,743,0
10714,79,0.0,7.0,6582,0
10540,64,1.0,1.0,7509,5
53326,11,0.0,2.0,2654,3
96685,27,1.0,10.0,4704,3
82158,72,1.0,6.0,3222,10
24972,4,1.0,5.0,8920,1
8746,3,1.0,1.0,7340,3
38449,86,1.0,10.0,9988,9
36187,7,0.0,3.0,7951,0
6518,5,0.0,8.0,5399,2
33785,16,1.0,6.0,8548,3
20556,91,0.0,5.0,3469,7
89198,78,0.0,8.0,121,1
39664,87,1.0,3.0,5209,9
14401,33,0.0,10.0,4582,2
49382,21,0.0,7.0,5914,9
86571,73,0.0,1.0,6179,1
10727,22,1.0,9.0,6850,2
86688,99,1.0,6.0,4966,4
79410,40,1.0,3.0,7626,3
74330,52,0.0,3.0,8769,6
1754,87,1.0,6.0,4262,2
93571,56,1.0,5.0,779,6
70380,17,0.0,5.0,1502,7
40006,65,0.0,4.0,9761,6
66327,83,0.0,6.0,3271,9
86204,84,0.0,3.0,4319,0
62752,73,0.0,10.0,2471,1
49183,71,0.0,2.0,871,2
20755,74,1.0,10.0,648,9
82626,67,1.0,9.0,5436,7
72993,21,1.0,8.0,8931,6
91745,30,1.0,3.0,3430,9
47803,17,0.0,9.0,7402,0
26162,32,0.0,8.0,7080,7
64717,37,1.0,9.0,7499,9
69426,70,0.0,5.0,8775,9
7954,41,0.0,4.0,2080,7
17341,25,0.0,7.0,2672,7
36138,81,0.0,10.0,9901,1
73072,22,0.0,6.0,7219,6
83352,19,1.0,3.0,5979,7
32337,8,1.0,4.0,9603,5
30566,10,1.0,9.0,3207,10
89114,41,0.0,6.0,8645,9
3190,59,0.0,6.0,6168,5
77807,91,0.0,8.0,5719,9
69665,77,0.0,9.0,885,3
5475,78,1.0,9.0,3512,6
872,47,1.0,2.0,5534,2
91187,22,0.0,3.0,9026,2
96711,16,0.0,4.0,889,0
39289,58,1.0,1.0,1590,4
3448,13,0.0,2.0,8530,0
24623,40,1.0,5.0,9941,7
80995,63,1.0,4.0,6601,2
62239,95,0.0,7.0,3183,2
58413,43,1.0,10.0,6234,3
26484,48,1.0,8.0,6078,3
93466,6,0.0,9.0,7661,10
71146,77,1.0,3.0,6332,3
69133,88,1.0,8.0,4902,4
16205,88,0.0,2.0,8208,8
43815,56,0.0,3.0,3360,0
21396,20,1.0,10.0,3448,4
52416,40,1.0,7.0,639,9
95012,50,1.0,1.0,4452,6
11617,70,1.0,6.0,3215,10
96459,4,1.0,7.0,469,9
38443,30,1.0,1.0,2979,6
47982,83,1.0,7.0,3510,10
89500,80,0.0,4.0,2322,0
50396,96,0.0,10.0,2988,7
7759,46,1.0,9.0,3833,5
68925,98,1.0,8.0,5842,4
67391,31,1.0,10.0,5840,6
63567,27,0.0,1.0,4448,8
25133,29,1.0,4.0,1850,9
27823,58,1.0,7.0,7462,5
3411,92,0.0,1.0,9213,10
44227,21,0.0,5.0,3132,4
35849,22,1.0,3.0,3968,1
64430,41,1.0,3.0,5352,0
57581,22,1.0,8.0,1650,5
55901,28,0.0,7.0,7920,8
692,18,1.0,9.0,995,2
27461,8,1.0,7.0,2082,3
43496,89,1.0,7.0,8088,2
8214,19,1.0,10.0,4856,3
57557,19,0.0,7.0,8988,5
90070,22,1.0,9.0,2191,3
10482,25,1.0,5.0,827,7
41440,40,0.0,8.0,9647,3
82469,9,0.0,8.0,2681,7
14774,27,0.0,8.0,5515,8
5758,88,1.0,2.0,4869,2
51501,96,1.0,9.0,3031,2
29396,37,1.0,4.0,7361,5
68947,89,1.0,8.0,6811,3
49617,9,0.0,6.0,575,1
27831,92,1.0,10.0,1413,7
22348,52,1.0,1.0,8041,1
67396,67,0.0,9.0,8153,6
71930,76,1.0,10.0,4054,9
51837,34,0.0,9.0,6772,5
1220,83,1.0,7.0,2781,7
85238,3,0.0,9.0,7161,10
20110,80,1.0,1.0,6684,4
90178,47,0.0,10.0,3912,2
2308,57,0.0,9.0,8724,0
64783,78,1.0,6.0,9545,0
63345,27,0.0,5.0,1143,2
4802,90,1.0,3.0,1430,3
82506,77,0.0,2.0,6232,0
91525,14,0.0,5.0,2029,10
97684,45,0.0,6.0,9593,0
85990,58,1.0,5.0,5020,5
88140,45,1.0,7.0,2056,6
41086,93,0.0,1.0,8914,6
70872,45,0.0,8.0,3053,9
50015,86,1.0,9.0,2347,7
90488,36,1.0,2.0,8591,0
60050,58,0.0,1.0,1814,9
57897,28,1.0,9.0,907,7
45339,38,1.0,5.0,8663,3
41167,51,1.0,4.0,2081,0
63648,42,1.0,2.0,6849,5
18726,53,1.0,1.0,6219,9
72938,11,1.0,4.0,7094,6
8090,17,1.0,7.0,3097,7
20869,6,1.0,1.0,5196,8
57300,54,0.0,10.0,1271,6
19430,50,1.0,8.0,6817,5
22924,38,0.0,10.0,7135,5
50593,95,0.0,2.0,7001,0
69667,62,1.0,4.0,7595,4
23552,49,1.0,5.0,1627,9
54029,56,0.0,9.0,4950,5
82948,95,0.0,7.0,1456,8
4398,80,0.0,9.0,7842,2
51781,69,1.0,10.0,2082,7
55671,87,0.0,9.0,88,1
83281,55,1.0,7.0,5013,6
49795,19,0.0,1.0,9604,8
51482,39,1.0,2.0,1822,4
34236,60,1.0,5.0,1344,5
64005,87,0.0,4.0,8597,2
72449,56,0.0,6.0,8038,7
52771,68,0.0,10.0,5214,6
68106,51,1.0,6.0,7549,0
99907,6,0.0,4.0,3353,6
42253,39,1.0,5.0,6739,0
82295,43,0.0,1.0,1048,9
77466,26,1.0,1.0,9820,4
33625,6,0.0,7.0,536,8
31612,18,0.0,8.0,3034,7
82524,50,0.0,1.0,9556,2
68038,54,0.0,1.0,9259,5
68144,88,1.0,6.0,5109,3
89946,39,1.0,4.0,3799,6
95546,26,1.0,2.0,7533,8
39742,30,0.0,5.0,347,9
210,75,0.0,5.0,5671,9
99431,12,0.0,7.0,9915,5
6036,86,1.0,2.0,1128,5
60937,34,1.0,4.0,5411,4
84651,74,0.0,10.0,6646,9
94474,84,0.0,5.0,5816,5
51243,74,1.0,2.0,7441,0
35586,81,0.0,9.0,6296,7
89519,5,0.0,4.0,1869,6
75340,98,1.0,5.0,6327,7
68762,88,0.0,9.0,5172,4
50539,81,1.0,6.0,6191,1
38148,67,1.0,10.0,5318,0
43613,23,0.0,4.0,4897,2
86257,56,1.0,1.0,5422,2
4194,4,0.0,1.0,4050,4
70519,25,1.0,4.0,6149,8
55616,83,0.0,9.0,8051,3
57041,24,1.0,6.0,9438,10
39007,52,1.0,2.0,1245,8
20869,86,1.0,10.0,6015,6
27036,14,1.0,7.0,3475,3
90536,74,0.0,6.0,8261,9
97882,63,1.0,7.0,2405,4
35287,53,1.0,3.0,4040,4
91311,23,1.0,8.0,4005,8
60596,82,1.0,8.0,7443,10
73365,80,0.0,5.0,6935,7
55281,18,0.0,5.0,1985,9
42265,34,0.0,3.0,681,2
39595,81,1.0,6.0,2336,8
83790,59,0.0,10.0,7127,1
62977,47,1.0,10.0,5248,3
49810,60,1.0,1.0,5785,1
44782,83,1.0,9.0,9957,5
79066,91,0.0,10.0,4112,10
45091,71,1.0,3.0,2887,1
16063,60,0.0,8.0,532,5
28920,1,1.0,6.0,468,8
29431,53,0.0,4.0,2458,7
80671,65,0.0,10.0,1222,5
98648,30,1.0,4.0,5417,3
23336,38,0.0,6.0,5183,6
65779,99,0.0,9.0,2478,5
26508,7,1.0,1.0,6110,7
82117,58,0.0,8.0,8336,7
27949,59,1.0,3.0,1450,5
58847,40,0.0,10.0,1562,0
84311,4,0.0,4.0,3812,4
9749,85,1.0,5.0,8113,9
1932,51,1.0,1.0,8090,8
83358,55,1.0,2.0,3480,0
72006,4,0.0,7.0,8332,4
80394,55,0.0,2.0,3420,5
39132,30,1.0,9.0,5955,6
89169,88,1.0,6.0,69,10
86467,68,0.0,6.0,8000,8
54648,70,0.0,10.0,9549,9
5856,98,1.0,9.0,6431,3
28722,7,1.0,5.0,5314,1
54563,76,1.0,4.0,4318,0
17847,97,0.0,7.0,2698,3
69806,14,0.0,7.0,2960,2
70178,27,0.0,2.0,9767,2
68311,63,0.0,1.0,3575,0
4258,51,1.0,5.0,6792,10
67140,4,0.0,9.0,7899,3
14608,33,0.0,10.0,4311,3
61185,39,0.0,1.0,9147,9
1888,68,1.0,2.0,6866,4
92130,28,1.0,10.0,1210,2
24516,100,0.0,1.0,9195,6
55727,89,1.0,4.0,5389,3
55558,95,1.0,1.0,8410,0
98924,52,0.0,4.0,559,9
61279,54,1.0,9.0,7949,9
19463,41,0.0,4.0,4766,3
4449,49,1.0,4.0,2631,8
84634,7,1.0,3.0,4148,7
75868,84,1.0,6.0,2374,7
81639,62,0.0,4.0,176,6
49116,98,1.0,9.0,4458,3
29711,75,1.0,4.0,9353,6
77339,85,1.0,6.0,8952,6
93471,43,0.0,6.0,2771,5
42078,22,1.0,8.0,9245,5
83730,38,0.0,4.0,2030,9
93650,7,1.0,3.0,372,7
45125,77,1.0,2.0,6635,2
36987,79,1.0,8.0,2088,10
64425,30,0.0,6.0,9150,8
13601,76,0.0,10.0,8693,8
71595,100,0.0,9.0,6043,6
19440,38,1.0,10.0,861,6
43251,88,0.0,10.0,4900,3
90447,76,0.0,8.0,3130,2
70636,85,1.0,8.0,9214,2
51999,10,0.0,9.0,8565,2
29498,18,0.0,7.0,2823,2
59392,21,0.0,10.0,756,2
26656,89,1.0,10.0,8054,8
84221,47,0.0,8.0,3615,4
83175,86,1.0,5.0,7551,7
72843,47,0.0,9.0,9759,7
827,24,1.0,6.0,5879,9
36690,68,1.0,4.0,187,0
66847,50,0.0,7.0,5936,1
22381,66,0.0,2.0,785,2
93244,20,0.0,5.0,8122,3
70728,92,1.0,9.0,5822,2
8300,93,0.0,1.0,5630,10
16859,93,0.0,6.0,1562,3
71373,84,1.0,3.0,5114,1
52871,6,0.0,8.0,3294,2
4263,57,0.0,9.0,6883,9
83742,74,1.0,5.0,6149,5
17505,36,1.0,4.0,2048,0
14050,3,0.0,1.0,2060,7
77370,86,0.0,4.0,9644,10
6791,25,0.0,7.0,867,9
77027,44,0.0,10.0,313,8
98843,64,0.0,6.0,1346,1
94172,50,1.0,5.0,1609,8
66518,20,0.0,10.0,3804,10
27442,39,0.0,8.0,2587,10
49592,24,1.0,9.0,5514,10
89887,57,0.0,10.0,6628,7
12865,65,0.0,10.0,7540,5
33781,31,1.0,3.0,3329,2
40933,29,1.0,10.0,9352,9
81301,14,1.0,4.0,1467,2
67761,81,1.0,10.0,7649,2
20744,43,0.0,1.0,8532,2
65934,69,1.0,3.0,7954,7
50877,87,1.0,10.0,238,5
33055,10,0.0,3.0,2969,4
75572,92,1.0,10.0,9070,10
13914,4,1.0,1.0,5700,10
80604,85,0.0,8.0,2097,9
29613,52,1.0,10.0,498,3
81112,91,0.0,2.0,2507,6
45860,83,1.0,4.0,7015,1
261,48,0.0,3.0,8680,9
68825,4,1.0,9.0,6368,3
26916,82,0.0,3.0,6929,2
46421,43,1.0,7.0,7148,8
59816,55,0.0,8.0,1635,10
11149,43,1.0,1.0,7129,2
71042,13,0.0,4.0,8349,7
11875,33,1.0,6.0,3004,9
63664,14,1.0,7.0,2396,0
57431,18,0.0,3.0,840,7
52078,17,0.0,6.0,8032,8
70757,54,0.0,2.0,5409,10
30556,23,0.0,1.0,2424,1
16809,13,0.0,10.0,152,1
5456,62,1.0,2.0,2073,0
12130,10,1.0,3.0,7274,2
12551,24,0.0,4.0,6819,9
61557,89,1.0,2.0,5011,6
12939,55,0.0,3.0,8311,7
85576,83,0.0,2.0,3567,8
8064,33,1.0,1.0,7491,6
50599,93,1.0,8.0,9130,5
53496,71,0.0,8.0,8861,2
86405,77,1.0,3.0,7017,10
18231,10,0.0,3.0,6889,9
76918,24,0.0,5.0,9985,8
40214,67,0.0,1.0,3514,7
94801,98,1.0,1.0,6111,5
20040,16,0.0,3.0,5169,1
49942,7,1.0,2.0,4562,4
52974,73,1.0,2.0,1466,3
62710,17,1.0,9.0,922,7
66389,6,1.0,8.0,2188,9
40619,50,1.0,1.0,2008,3
59738,38,0.0,8.0,1171,1
60842,28,1.0,9.0,2170,1
95875,70,1.0,8.0,455,1
44803,64,0.0,9.0,3098,5
40633,34,1.0,6.0,7459,3
43359,53,0.0,3.0,8847,4
98131,58,0.0,2.0,6208,1
7101,73,0.0,10.0,6768,5
54469,53,0.0,5.0,1626,3
67580,11,1.0,10.0,1474,3
69893,70,0.0,3.0,1882,9
31704,62,1.0,1.0,5869,4
40557,64,1.0,9.0,6685,4
75293,31,0.0,3.0,6950,6
87596,67,0.0,2.0,1645,1
77252,86,1.0,5.0,1552,10
45963,28,0.0,8.0,3163,0
36048,57,0.0,2.0,9902,1
16058,46,0.0,2.0,597,7
50678,76,0.0,1.0,8856,8
34835,98,0.0,8.0,9405,4
80249,52,1.0,3.0,4336,1
93670,99,1.0,10.0,340,5
73734,37,0.0,9.0,6587,7
5058,64,1.0,7.0,6356,10
24957,3,1.0,7.0,3309,8
7764,45,0.0,1.0,2621,4
93664,34,1.0,3.0,6042,4
53104,91,1.0,2.0,7198,9
57990,26,1.0,7.0,8002,0
84308,40,0.0,5.0,206,0
48559,58,0.0,6.0,4363,9
59971,45,0.0,5.0,9751,4
29004,29,1.0,3.0,6940,2
45524,90,1.0,5.0,8585,9
18844,88,0.0,7.0,7871,4
61141,97,0.0,4.0,3713,5
21261,50,1.0,9.0,4990,3
95602,86,0.0,4.0,7928,6
8708,96,1.0,4.0,4204,9
91342,52,0.0,8.0,4072,3
7789,28,1.0,7.0,1004,7
56726,12,1.0,8.0,2609,8
40784,49,0.0,3.0,9581,9
9448,58,1.0,4.0,3320,8
6570,80,1.0,5.0,7031,6
23213,89,0.0,8.0,3732,6
26444,43,1.0,10.0,6541,9
23320,96,0.0,6.0,90,6
92782,26,1.0,10.0,2000,5
86163,4,0.0,9.0,8276,0
10128,44,1.0,3.0,9622,3
9861,87,0.0,6.0,7211,1
70435,46,0.0,10.0,1776,8
67843,60,0.0,4.0,9284,0
2871,83,1.0,4.0,733,9
9008,42,1.0,6.0,8978,4
40037,5,0.0,6.0,9128,9
11260,75,0.0,9.0,4289,6
41212,31,0.0,5.0,7409,0
91743,28,0.0,5.0,2238,2
45738,30,1.0,10.0,5641,8
636,47,0.0,3.0,2053,8
37171,56,1.0,2.0,8473,2
11646,40,0.0,10.0,5191,2
5620,94,0.0,4.0,8570,10
19373,99,1.0,4.0,2438,3
32794,97,0.0,3.0,8511,2
28373,73,0.0,2.0,8121,6
89823,82,1.0,7.0,4287,10
64533,32,0.0,7.0,9485,8
17515,12,0.0,8.0,1371,0
24040,90,0.0,8.0,6578,10
48289,68,1.0,7.0,4008,0
17513,98,0.0,6.0,1700,10
20401,88,1.0,8.0,3330,1
6009,55,0.0,7.0,1084,9
85104,7,1.0,6.0,5629,2
65886,71,1.0,8.0,9089,4
79096,79,1.0,7.0,5657,8
95098,30,0.0,9.0,1344,2
54336,38,1.0,9.0,3632,7
85300,98,1.0,9.0,6687,3
40906,58,0.0,9.0,4328,9
82585,80,0.0,1.0,7812,0
73021,10,1.0,2.0,7767,4
57044,25,0.0,6.0,2443,4
78882,100,1.0,8.0,5019,6
56013,46,1.0,6.0,6739,8
60863,52,0.0,5.0,9663,4
83520,39,0.0,10.0,8127,2
71848,86,0.0,2.0,5290,2
69067,37,1.0,7.0,2341,4
79653,4,0.0,1.0,989,7
16977,46,1.0,6.0,4081,6
13594,8,0.0,1.0,4420,9
4711,98,0.0,5.0,6629,0
89124,33,0.0,3.0,274,10
62599,8,0.0,10.0,2077,0
74572,74,1.0,9.0,8373,4
56197,81,0.0,2.0,3488,1
66687,95,1.0,10.0,5983,4
47519,8,1.0,10.0,5881,9
21581,26,0.0,6.0,6450,0
16956,25,0.0,6.0,3480,7
56148,84,0.0,4.0,3388,8
85429,20,0.0,8.0,330,3
84058,64,0.0,7.0,6626,2
18604,63,0.0,10.0,7979,4
90179,27,0.0,7.0,3873,9
60135,62,1.0,1.0,3658,5
45506,87,0.0,1.0,4245,9
95730,43,1.0,8.0,1868,9
51121,83,1.0,8.0,8858,9
63915,68,0.0,4.0,9525,4
9629,14,1.0,3.0,3082,8
68837,64,1.0,6.0,8899,4
39239,29,0.0,2.0,643,10
58917,83,1.0,1.0,9582,0
46921,77,1.0,6.0,5074,10
65555,94,1.0,5.0,3287,0
2355,94,0.0,9.0,9771,1
21851,93,0.0,3.0,8377,2
19677,43,1.0,8.0,3919,8
39661,59,0.0,9.0,6989,3
20967,33,1.0,9.0,2135,4
9057,34,0.0,8.0,9325,8
46301,51,1.0,2.0,3841,9
92238,44,1.0,1.0,8131,1
41880,55,0.0,5.0,4688,2
44459,50,1.0,5.0,9955,7
10821,73,0.0,2.0,6153,8
24560,68,0.0,8.0,2701,6
864,17,1.0,2.0,9941,9
23212,2,1.0,2.0,2040,8
31459,86,1.0,9.0,2201,0
80206,28,0.0,4.0,6153,10
48926,54,1.0,3.0,1472,3
9109,76,1.0,9.0,7919,8
48403,62,0.0,9.0,9954,10
12011,74,1.0,10.0,5131,1
6470,57,1.0,8.0,8794,6
55872,56,0.0,10.0,9861,8
37213,79,0.0,9.0,8253,2
55851,3,1.0,3.0,660,9
48395,65,0.0,6.0,1440,4
27946,86,1.0,3.0,9240,9
12066,49,0.0,7.0,4275,8
59109,45,0.0,5.0,5507,0
57801,64,1.0,6.0,1537,0
1448,85,0.0,7.0,6270,8
40571,8,0.0,9.0,7710,8
85030,1,1.0,5.0,476,4
26690,37,1.0,6.0,8297,4
97110,95,0.0,8.0,3819,5
77591,36,1.0,7.0,7509,1
10109,6,0.0,7.0,590,10
3712,89,1.0,4.0,1872,8
61485,74,0.0,9.0,6422,7
39818,4,1.0,5.0,7389,2
24064,79,1.0,1.0,3969,8
76818,13,0.0,9.0,4981,9
96767,62,0.0,4.0,8145,5
7184,30,1.0,1.0,4164,7
63062,60,0.0,8.0,5307,2
33793,63,1.0,4.0,4010,5
26089,2,0.0,3.0,2412,7
9223,50,0.0,10.0,7970,9
64717,8,1.0,6.0,4933,3
1513,95,0.0,9.0,8951,10
89008,84,1.0,9.0,6566,1
4803,42,0.0,6.0,8347,9
64128,36,1.0,10.0,9542,0
47956,61,0.0,10.0,3972,1
96915,20,1.0,10.0,8097,7
98025,98,1.0,1.0,655,4
95148,52,0.0,10.0,779,10
93283,87,0.0,7.0,7580,9
80837,82,1.0,4.0,8853,1
64869,79,1.0,8.0,6804,4
44750,96,0.0,5.0,1252,3
55840,89,0.0,6.0,3519,2
40934,51,0.0,9.0,185,7
32951,20,1.0,1.0,8965,0
99552,28,1.0,1.0,1127,6
62093,12,0.0,2.0,7699,2
72445,92,1.0,1.0,3261,0
83352,88,1.0,6.0,5911,8
65494,74,1.0,4.0,4672,0
11084,97,0.0,7.0,9633,2
81974,86,1.0,2.0,335,1
81262,32,1.0,10.0,1876,10
78453,28,1.0,5.0,8873,7
5598,10,0.0,6.0,1570,0
58852,48,1.0,6.0,7657,2
32389,73,1.0,2.0,5764,5
57798,52,0.0,1.0,7750,7
45947,16,0.0,7.0,4894,5
74390,42,1.0,1.0,9971,10
56711,54,0.0,10.0,9701,6
10048,75,0.0,3.0,4166,1
68783,15,0.0,10.0,2439,9
27586,100,0.0,5.0,6567,8
74190,42,1.0,3.0,4927,1
77724,78,0.0,2.0,6918,10
78851,24,0.0,9.0,1703,4
88521,38,1.0,1.0,6632,1
72527,14,1.0,6.0,9541,7
10987,48,1.0,8.0,4559,0
81531,57,0.0,1.0,9969,2
67870,60,1.0,3.0,9990,4
68738,8,0.0,4.0,3502,4
48452,5,1.0,1.0,1905,10
51040,60,0.0,4.0,1439,6
71549,58,1.0,9.0,1075,9
60828,73,0.0,5.0,3870,6
59348,61,0.0,7.0,5217,6
26861,69,0.0,9.0,7748,2
43278,23,1.0,9.0,7900,8
41494,32,0.0,4.0,8833,4
27881,8,0.0,8.0,434,3
8114,86,0.0,8.0,8257,3
92373,79,0.0,8.0,2939,5
95337,63,1.0,7.0,2692,6
5246,49,1.0,8.0,4370,6
52337,42,1.0,2.0,9520,7
14894,65,0.0,6.0,9098,0
87840,77,0.0,9.0,4830,2
47765,15,0.0,5.0,5280,10
99510,58,0.0,2.0,2390,7
21364,73,1.0,1.0,6597,3
58774,62,0.0,3.0,2486,4
80922,7,1.0,8.0,7940,1
62302,41,0.0,2.0,9157,4
98032,81,1.0,5.0,4546,10
42363,31,0.0,2.0,1581,2
21536,48,1.0,10.0,3477,5
86732,35,0.0,1.0,262,10
49305,80,0.0,1.0,3793,4
48820,57,1.0,4.0,5536,1
23407,51,0.0,9.0,9552,1
14611,94,0.0,3.0,2658,3
17368,92,1.0,8.0,8875,9
77927,11,0.0,8.0,3303,9
71436,8,1.0,8.0,8038,3
82643,84,0.0,2.0,3740,5
65273,91,0.0,9.0,6156,8
58871,78,0.0,3.0,6584,8
93506,86,1.0,5.0,6615,1
81600,46,1.0,2.0,591,2
12716,25,1.0,4.0,583,8
46422,24,1.0,9.0,3137,7
18106,34,0.0,9.0,8839,9
22390,85,0.0,3.0,2202,1
64982,47,1.0,6.0,1875,9
6824,44,1.0,7.0,5044,5
69942,67,0.0,6.0,5226,9
28247,72,0.0,8.0,9261,5
83564,20,1.0,5.0,9908,2
86720,7,1.0,2.0,6521,0
53978,3,0.0,4.0,9585,7
78993,50,1.0,8.0,6177,2
19537,61,0.0,2.0,275,5
81330,81,0.0,1.0,8696,5
55115,87,1.0,6.0,8257,1
83615,21,1.0,6.0,4165,4
24176,76,0.0,3.0,1169,4
87186,13,0.0,2.0,1871,1
76718,1,1.0,7.0,515,10
34686,70,1.0,5.0,4368,1
1372,85,1.0,9.0,1810,2
85391,4,1.0,2.0,5070,6
88190,11,1.0,1.0,3454,6
29465,89,0.0,9.0,2890,4
36475,64,0.0,7.0,3503,6
14807,30,1.0,7.0,7417,0
13176,82,1.0,4.0,1827,3
33747,44,0.0,4.0,3180,9
72586,63,0.0,9.0,8280,7
6040,45,1.0,9.0,3177,6
17791,36,0.0,7.0,9947,7
37542,93,1.0,9.0,992,7
4991,77,1.0,7.0,1158,10
35375,18,1.0,9.0,4366,8
68760,86,0.0,5.0,9786,7
43667,43,1.0,4.0,6224,3
28472,63,0.0,2.0,3264,2
45916,93,1.0,5.0,5252,8
39110,18,0.0,2.0,1501,2
54484,26,1.0,8.0,7129,8
88828,41,0.0,10.0,270,0
37875,69,0.0,3.0,5929,1
33709,31,1.0,5.0,4990,5
4574,33,1.0,4.0,3909,6
38713,80,1.0,4.0,1190,7
48796,18,0.0,7.0,4910,5
98350,34,1.0,5.0,1770,10
5675,18,1.0,9.0,7864,9
13079,78,0.0,5.0,319,1
80282,22,1.0,2.0,9713,0
27842,72,1.0,9.0,9958,2
94351,99,1.0,1.0,9952,0
12903,19,1.0,2.0,7347,4
85474,25,1.0,7.0,2624,6
48033,41,1.0,6.0,7266,9
13344,21,0.0,1.0,8890,4
86663,61,0.0,2.0,2673,0
22387,3,1.0,6.0,6297,9
44247,62,0.0,2.0,7844,4
35226,80,1.0,2.0,7781,8
70293,99,0.0,1.0,175,8
94396,45,0.0,4.0,7940,9
69665,77,1.0,6.0,6906,0
14948,45,0.0,4.0,7119,9
82610,82,1.0,7.0,2911,0
89173,61,0.0,5.0,7359,10
48805,64,0.0,8.0,5272,9
50077,66,0.0,10.0,514,7
32616,60,0.0,1.0,3692,6
2750,72,1.0,1.0,1742,1
27532,75,1.0,10.0,7159,9
44924,95,0.0,4.0,1613,0
23378,13,1.0,2.0,9662,2
64441,22,1.0,10.0,1368,2
74760,36,1.0,8.0,8641,3
70794,39,0.0,10.0,1534,8
44528,50,1.0,5.0,8417,3
58628,97,1.0,1.0,5162,0
45692,12,0.0,10.0,9956,2
67417,68,0.0,2.0,2071,8
68731,83,1.0,3.0,3574,6
81573,1,1.0,6.0,5478,6
15859,70,0.0,3.0,1653,2
34071,52,1.0,1.0,8063,7
82131,3,1.0,7.0,4359,5
2695,30,1.0,6.0,2990,8
51891,91,0.0,10.0,491,4
82469,2,1.0,6.0,8861,5
31785,14,1.0,2.0,210,4
81147,38,0.0,3.0,1721,9
13024,96,1.0,10.0,4994,5
35160,8,1.0,4.0,1849,10
56284,58,1.0,10.0,8390,6
1095,33,0.0,1.0,4561,5
60250,79,1.0,1.0,899,2
49114,13,1.0,5.0,1882,3
66289,69,1.0,5.0,2695,2
62940,35,0.0,6.0,5532,0
90220,93,0.0,10.0,2673,5
13984,6,0.0,10.0,9837,1
27961,60,0.0,6.0,9576,1
90626,81,0.0,10.0,7829,5
59735,27,0.0,6.0,5441,0
75841,89,0.0,10.0,2552,1
15417,55,0.0,8.0,2186,10
41381,16,0.0,6.0,2180,4
45301,37,1.0,5.0,997,8
8305,57,0.0,9.0,1343,9
39032,21,0.0,2.0,7403,4
36223,20,0.0,6.0,6653,1
6127,7,1.0,2.0,3652,0
42903,3,0.0,5.0,2408,6
18485,38,1.0,2.0,1251,9
71296,96,0.0,1.0,5706,3
33296,74,1.0,7.0,4556,9
63259,29,0.0,4.0,5071,2
28584,95,1.0,2.0,7964,1
88258,70,1.0,2.0,1497,9
83639,3,1.0,10.0,1853,1
51721,54,0.0,4.0,7074,7
90253,19,0.0,5.0,3068,5
26659,49,0.0,9.0,6036,6
99985,20,0.0,5.0,6669,1
61235,83,0.0,3.0,6104,5
31451,1,1.0,3.0,4302,2
14366,15,1.0,9.0,6777,9
96237,80,1.0,4.0,3433,10
51391,73,0.0,3.0,124,3
61448,69,0.0,4.0,7715,5
16789,53,0.0,5.0,4846,9
67527,38,1.0,7.0,7701,7
86472,67,0.0,9.0,5416,8
45521,19,1.0,3.0,1219,7
23782,31,1.0,8.0,7986,10
36704,74,1.0,1.0,6314,0
59718,72,1.0,5.0,9575,7
88548,96,1.0,1.0,3891,5
91270,52,1.0,2.0,4020,6
71414,69,0.0,2.0,2024,1
65653,74,1.0,1.0,1149,4
62770,46,0.0,7.0,6505,2
88346,63,0.0,9.0,2799,8
48817,58,1.0,8.0,2079,8
59213,78,1.0,9.0,4708,2
65160,67,0.0,9.0,9255,10
86045,10,0.0,7.0,5664,2
6820,99,1.0,1.0,7146,8
33704,55,0.0,5.0,8929,0
10460,57,1.0,6.0,1754,4
92256,32,0.0,1.0,570,1
85490,65,0.0,7.0,6125,5
74012,48,1.0,7.0,6591,1
53155,20,1.0,2.0,5238,7
41573,78,1.0,8.0,5579,7
46413,38,1.0,4.0,9465,10
99932,16,0.0,8.0,2896,7
47715,16,0.0,6.0,8856,9
41565,73,0.0,3.0,8494,4
98213,89,1.0,4.0,2769,1
79435,25,1.0,7.0,5804,7
9517,74,0.0,5.0,4629,8
5329,40,0.0,9.0,9104,6
79988,36,1.0,9.0,3173,9
34800,11,1.0,7.0,4024,0
40505,50,1.0,4.0,7336,10
22034,71,0.0,3.0,2049,1
15610,83,0.0,6.0,4331,2
10175,4,0.0,3.0,6316,8
51528,47,0.0,2.0,2787,4
76014,51,1.0,3.0,2728,5
3048,44,1.0,3.0,1348,7
9035,72,1.0,8.0,1094,2
43501,85,1.0,9.0,9552,9
14865,48,1.0,9.0,1597,1
74409,45,1.0,5.0,122,5
97863,31,1.0,8.0,2659,4
68115,38,0.0,7.0,5832,7
51107,84,1.0,8.0,346,5
55804,97,0.0,9.0,9003,1
49431,28,0.0,9.0,3266,10
42385,17,0.0,6.0,912,10
36569,25,0.0,10.0,899,10
82006,16,1.0,6.0,2136,4
31241,22,1.0,2.0,3567,9
65531,36,1.0,10.0,5786,8
87886,81,0.0,9.0,6873,9
21792,24,1.0,2.0,1937,9
20175,19,1.0,10.0,5392,2
72871,100,1.0,6.0,4499,9
47582,51,1.0,5.0,5075,4
63961,97,1.0,10.0,9089,2
40816,27,0.0,9.0,1194,9
27899,86,1.0,2.0,3489,1
74571,36,1.0,7.0,9615,10
71469,53,1.0,5.0,565,8
94313,58,0.0,3.0,6023,6
34511,7,0.0,8.0,3057,3
56999,42,1.0,5.0,4807,6
23450,83,1.0,2.0,6229,6
43001,6,1.0,3.0,7899,1
48825,41,0.0,4.0,7315,9
15728,60,1.0,1.0,8103,9
4840,29,0.0,3.0,1350,6
79603,83,0.0,1.0,8583,9
26328,12,1.0,5.0,9630,10
93656,45,0.0,7.0,1333,6
16771,48,1.0,7.0,5062,8
35285,97,1.0,3.0,5613,7
50747,71,0.0,5.0,8379,5
28452,50,0.0,8.0,898,9
97763,85,0.0,4.0,8287,0
75461,16,1.0,3.0,759,8
50931,1,1.0,6.0,6326,9
83028,65,1.0,2.0,3595,9
86084,97,0.0,6.0,8734,1
99506,14,1.0,1.0,8501,2
87669,27,1.0,4.0,5867,10
16971,74,0.0,3.0,5241,4
16856,66,0.0,9.0,8793,2
92853,77,0.0,5.0,1459,10
58332,57,1.0,9.0,5217,5
46219,88,1.0,9.0,4445,7
4780,10,1.0,9.0,5196,10
75095,10,1.0,5.0,4416,9
19796,4,1.0,2.0,9986,6
41867,61,1.0,7.0,6760,3
46187,54,0.0,7.0,1081,1
7631,76,0.0,4.0,8984,7
50384,30,0.0,7.0,6517,5
2041,16,0.0,5.0,7186,7
19606,83,0.0,7.0,6896,10
77646,20,0.0,7.0,6557,0
79401,99,0.0,5.0,2262,7
79380,51,0.0,9.0,6886,3
77337,32,0.0,4.0,6902,2
30551,80,0.0,10.0,4958,0
9758,28,0.0,9.0,1832,8
71370,18,0.0,10.0,3703,1
42167,67,0.0,6.0,467,4
68826,58,0.0,2.0,1192,2
9529,71,0.0,4.0,5719,1
40869,27,0.0,6.0,2267,5
58938,83,1.0,4.0,1146,9
58528,1,0.0,1.0,372,9
18491,48,1.0,5.0,3233,8
28739,24,0.0,10.0,2536,7
8242,33,1.0,8.0,3466,7
72120,20,1.0,3.0,5831,6
70274,93,1.0,10.0,8006,2
34477,75,1.0,8.0,7824,6
78088,53,0.0,4.0,20,7
46899,54,1.0,4.0,1456,10
34428,92,1.0,5.0,4606,9
28168,11,1.0,1.0,6045,2
61839,66,1.0,9.0,5346,2
31657,58,0.0,9.0,9209,6
43717,57,0.0,7.0,9700,2
54715,74,0.0,4.0,4317,7
23623,26,1.0,9.0,4158,4
23759,33,0.0,5.0,2704,3
25275,61,1.0,4.0,9423,9
13323,46,1.0,2.0,5068,8
87763,36,0.0,3.0,300,8
2905,24,1.0,5.0,8775,10
8403,22,0.0,3.0,8326,5
79594,85,0.0,2.0,8798,5
19773,15,0.0,2.0,1373,1
41110,25,0.0,7.0,6949,7
55660,9,1.0,5.0,5590,1
6051,80,1.0,10.0,9943,5
22907,26,0.0,5.0,445,0
58679,60,1.0,5.0,6354,4
55023,18,1.0,9.0,5951,0
51124,81,0.0,5.0,6759,1
97422,48,0.0,8.0,7888,8
66057,33,0.0,3.0,9763,7
81319,64,0.0,9.0,8919,6
12492,46,1.0,1.0,4684,3
86634,95,0.0,8.0,6899,2
23073,84,0.0,4.0,7531,4
99171,91,0.0,2.0,8053,1
81458,1,1.0,6.0,856,5
92661,45,1.0,6.0,9890,8
43026,31,0.0,7.0,9371,10
20259,31,0.0,4.0,3253,6
60589,4,1.0,7.0,949,8
27328,53,1.0,5.0,8131,8
88399,91,1.0,9.0,9381,2
90474,46,0.0,5.0,6181,10
11062,23,0.0,2.0,8335,8
6639,100,1.0,2.0,5362,5
98731,25,1.0,7.0,8337,7
94556,53,1.0,7.0,3766,0
25681,2,1.0,7.0,915,8
76347,73,0.0,6.0,6823,10
56609,13,1.0,9.0,11,9
28825,79,0.0,4.0,3333,2
78018,36,1.0,9.0,4414,0
87873,66,0.0,7.0,9857,5
69080,43,0.0,6.0,2981,1
14945,33,1.0,9.0,9351,8
95312,33,0.0,8.0,7109,10
15167,21,0.0,6.0,8649,9
89775,12,1.0,1.0,2117,2
44718,63,0.0,2.0,6977,2
68339,36,0.0,9.0,338,9
52532,40,0.0,6.0,6847,6
4882,53,0.0,1.0,3629,3
78852,57,1.0,3.0,1426,3
48214,83,0.0,1.0,5204,2
90764,56,0.0,9.0,4355,3
90957,88,0.0,10.0,9299,6
15348,44,0.0,6.0,8560,6
75112,87,1.0,3.0,2337,8
50664,11,1.0,7.0,3373,4
93176,21,0.0,2.0,5105,8
14194,68,1.0,7.0,9244,3
79133,46,1.0,9.0,4890,1
25954,38,0.0,1.0,5166,0
88639,99,1.0,4.0,9348,4
60513,48,0.0,7.0,6524,3
66759,45,0.0,9.0,1715,0
7392,45,1.0,6.0,8443,3
87718,94,1.0,10.0,2755,2
87111,33,1.0,5.0,7697,9
37340,97,0.0,8.0,3553,0
70062,61,1.0,9.0,3192,2
18441,89,1.0,2.0,2745,10
51650,98,0.0,1.0,4073,3
19686,29,1.0,10.0,5121,5
3796,15,0.0,1.0,5905,2
50148,10,0.0,2.0,3543,5
24628,59,0.0,7.0,2485,9
38936,6,0.0,8.0,7961,2
55059,51,0.0,6.0,8951,6
99372,13,1.0,7.0,2909,6
59728,88,1.0,7.0,7911,10
18795,40,1.0,6.0,7997,6
9641,83,0.0,3.0,1186,7
54050,64,0.0,6.0,4534,8
71195,100,1.0,6.0,8445,5
38758,47,1.0,10.0,4736,6
56577,37,0.0,1.0,1214,8
94122,92,0.0,4.0,4484,5
65062,68,0.0,9.0,8959,5
44317,27,0.0,3.0,906,9
58304,1,0.0,6.0,1022,10
52169,67,1.0,7.0,2680,4
98856,33,1.0,4.0,7691,7
85462,52,0.0,1.0,7,7
51703,56,0.0,4.0,9057,6
8021,94,1.0,3.0,5030,9
30415,40,0.0,4.0,8017,1
82377,72,0.0,8.0,7931,1
5135,71,0.0,8.0,169,1
57738,39,0.0,9.0,4350,2
8108,51,1.0,7.0,4757,8
75489,51,1.0,8.0,5284,8
71332,68,1.0,2.0,6124,9
34827,92,0.0,5.0,650,1
97586,74,0.0,10.0,3652,1
81070,85,1.0,7.0,7401,10
64963,41,0.0,7.0,5178,10
23417,33,1.0,4.0,2943,3
16576,38,0.0,6.0,64,1
75520,53,1.0,5.0,4759,9
70420,80,1.0,1.0,996,6
78694,73,1.0,10.0,9412,1
26681,75,1.0,9.0,1381,9
10902,77,1.0,5.0,1834,8
84952,13,0.0,10.0,7902,9
67972,87,1.0,6.0,7723,2
44002,58,1.0,6.0,8306,6
51539,81,0.0,1.0,5810,0
41702,75,0.0,6.0,8869,1
87159,14,1.0,2.0,1085,4
77304,25,1.0,3.0,4531,5
50168,36,1.0,8.0,6514,10
96656,84,0.0,2.0,7732,8
85768,82,1.0,5.0,2979,9
76707,5,1.0,4.0,7968,5
10359,90,1.0,5.0,9123,2
3160,54,1.0,10.0,8094,8
83015,83,0.0,10.0,7545,7
13659,10,0.0,9.0,4586,3
62751,59,0.0,4.0,1214,7
63354,68,1.0,5.0,8036,1
26486,41,0.0,10.0,5506,2
58029,37,0.0,4.0,2412,7
18022,14,1.0,1.0,7842,2
31005,82,0.0,2.0,3418,1
4794,11,1.0,8.0,1820,2
90763,96,0.0,9.0,3996,10
21272,81,0.0,2.0,393,0
53895,47,0.0,2.0,5698,3
7113,51,1.0,1.0,6603,7
55490,51,1.0,3.0,5249,5
91623,96,1.0,3.0,6491,8
94081,47,0.0,5.0,6604,6
13176,45,1.0,2.0,9969,10
30587,87,1.0,4.0,8833,4
13019,31,1.0,9.0,7554,7
50578,18,1.0,8.0,777,4
40364,3,0.0,4.0,8428,6
13851,48,0.0,1.0,1162,10
96134,69,0.0,4.0,5023,6
32974,74,0.0,2.0,9864,3
65164,75,1.0,6.0,9895,0
44206,41,1.0,2.0,2440,2
37717,79,1.0,3.0,7805,7
79724,78,0.0,6.0,213,9
81055,72,1.0,7.0,5875,3
63297,8,0.0,10.0,5406,0
84392,53,1.0,9.0,8551,8
35894,5,0.0,3.0,3420,0
48691,44,1.0,3.0,2912,5
35272,80,1.0,2.0,2725,7
24634,81,0.0,9.0,6034,2
63533,57,1.0,5.0,2376,2
84288,81,0.0,5.0,717,5
77271,53,0.0,9.0,6941,7
62556,15,1.0,5.0,2098,1
46903,40,0.0,1.0,1982,9
47553,58,1.0,7.0,8875,1
63209,92,1.0,6.0,1436,10
7772,66,1.0,2.0,8529,3
22533,45,1.0,9.0,3880,3
17238,35,1.0,4.0,4935,0
8872,8,0.0,8.0,6349,3
49770,45,1.0,9.0,9057,4
28703,93,0.0,10.0,7727,9
45234,26,0.0,10.0,4667,9
95296,49,1.0,8.0,2115,5
83220,79,0.0,1.0,3634,2
2442,2,0.0,4.0,3463,1
61905,14,1.0,4.0,9870,5
3951,21,1.0,5.0,9377,4
77963,53,0.0,2.0,164,10
27947,67,0.0,5.0,3313,8
22585,71,0.0,4.0,7304,6
64468,40,0.0,10.0,8653,4
54272,65,0.0,2.0,7437,0
1677,46,0.0,10.0,7085,5
88629,83,0.0,4.0,6168,0
62942,57,0.0,2.0,4741,4
96145,96,0.0,3.0,3431,6
54859,57,0.0,10.0,2798,4
32985,96,0.0,5.0,877,2
99362,60,1.0,7.0,9536,8
25486,1,1.0,2.0,4367,4
28220,71,1.0,4.0,6280,5
63119,27,1.0,5.0,3605,7
7628,66,1.0,7.0,717,8
7936,37,0.0,10.0,820,2
23198,89,1.0,3.0,5088,8
10683,79,0.0,6.0,5473,5
43402,87,1.0,4.0,5631,5
10683,26,1.0,5.0,6408,6
68577,62,1.0,7.0,3671,4
14984,61,1.0,7.0,1128,2
27803,63,1.0,3.0,1354,1
92899,48,1.0,2.0,8354,5
64078,97,1.0,1.0,318,6
25388,26,0.0,6.0,8093,6
97199,78,0.0,9.0,7938,1
53351,20,0.0,2.0,82,1
74954,6,0.0,5.0,9058,2
90531,72,0.0,6.0,8242,4
40469,96,1.0,4.0,1939,10
65132,28,1.0,3.0,813,3
93634,68,1.0,3.0,3141,4
56917,24,0.0,8.0,6360,8
89869,51,1.0,7.0,6053,0
28748,81,0.0,2.0,2325,9
59643,40,1.0,9.0,1650,6
3951,35,1.0,9.0,9112,4
11813,35,0.0,5.0,6344,6
9773,92,1.0,5.0,4436,7
81875,24,1.0,3.0,1738,6
76669,71,0.0,1.0,2210,5
35962,35,0.0,10.0,9324,0
63382,21,1.0,1.0,851,5
82984,94,0.0,10.0,4046,2
56004,66,0.0,7.0,1559,10
29835,17,0.0,5.0,2768,2
2033,53,1.0,5.0,9640,1
50306,47,1.0,7.0,2641,4
9698,67,0.0,7.0,4133,2
33795,62,1.0,2.0,2576,6
23841,87,0.0,5.0,9638,4
91701,91,1.0,3.0,346,8
1658,78,0.0,2.0,7047,4
13868,78,1.0,8.0,646,10
61403,74,0.0,3.0,1598,2
79563,60,1.0,2.0,6446,2
18874,48,1.0,9.0,535,1
83945,19,0.0,2.0,6067,2
18183,42,0.0,4.0,3747,8
19645,66,0.0,4.0,9929,1
51744,15,1.0,2.0,1778,5
24859,14,1.0,4.0,7831,5
10478,36,1.0,5.0,7823,4
75788,82,1.0,6.0,8216,0
61361,13,0.0,2.0,4079,5
77283,12,0.0,10.0,7524,10
88673,10,0.0,2.0,1134,8
32510,63,0.0,8.0,9928,1
27333,18,0.0,6.0,2482,10
5853,98,0.0,5.0,9048,4
53842,30,0.0,4.0,1215,8
15662,41,1.0,9.0,765,7
67103,37,1.0,8.0,6331,8
93906,76,0.0,9.0,8349,7
91857,31,0.0,1.0,6631,10
79132,56,0.0,3.0,8328,2
64213,96,0.0,4.0,121,2
6486,22,1.0,1.0,5512,7
70768,26,1.0,2.0,7184,4
53869,5,1.0,7.0,6099,10
82557,76,1.0,8.0,5016,3
48107,95,1.0,3.0,5447,5
36934,97,1.0,9.0,4293,9
460,62,0.0,5.0,706,4
38321,7,1.0,7.0,6723,5
84311,44,1.0,9.0,6898,1
17466,90,0.0,6.0,218,1
24478,79,0.0,9.0,5145,0
34455,20,1.0,9.0,4498,5
18464,5,1.0,2.0,4833,0
38798,55,1.0,1.0,927,0
55485,70,1.0,4.0,6766,2
5767,35,0.0,10.0,2065,2
36683,24,0.0,5.0,2659,4
55850,59,0.0,10.0,1184,5
14871,85,0.0,10.0,9249,6
60861,98,1.0,5.0,4799,5
19219,26,0.0,10.0,6325,0
41700,60,1.0,6.0,8167,4
13296,87,1.0,5.0,3793,10
21479,66,1.0,5.0,8613,0
76699,51,1.0,1.0,9620,2
29755,32,1.0,3.0,1851,5
2121,35,1.0,10.0,9840,4
1956,88,0.0,7.0,8756,5
38470,100,1.0,8.0,8121,6
25963,34,1.0,9.0,1850,3
1314,71,0.0,5.0,4339,9
86046,28,1.0,9.0,3283,3
50550,11,0.0,8.0,30,3
25594,69,0.0,4.0,2445,10
95011,87,0.0,4.0,6321,5
20470,6,0.0,7.0,7576,7
66041,18,1.0,5.0,8993,9
6192,26,1.0,7.0,5120,10
45524,64,1.0,6.0,3982,2
13767,22,0.0,7.0,8665,4
32769,11,0.0,5.0,7391,9
47831,51,1.0,1.0,7201,8
58752,79,0.0,9.0,3122,4
92075,45,1.0,6.0,1744,2
91711,57,1.0,4.0,7565,8
56421,98,1.0,10.0,6696,3
23449,71,1.0,2.0,8015,8
78124,19,0.0,8.0,9404,5
70753,66,0.0,6.0,7336,7
50380,51,1.0,4.0,8945,9
86387,71,1.0,3.0,9711,4
18161,91,1.0,8.0,7542,6
41992,21,1.0,7.0,3082,10
56420,54,1.0,3.0,7741,8
78620,70,0.0,3.0,5988,5
10919,47,1.0,8.0,1660,1
64101,68,1.0,6.0,2046,10
54200,90,0.0,6.0,5033,10
77260,38,1.0,2.0,9952,2
55015,84,0.0,9.0,7989,1
10212,83,1.0,8.0,9715,6
69055,75,1.0,3.0,1791,6
54369,14,1.0,4.0,9111,8
89338,53,0.0,4.0,5715,7
75363,34,0.0,2.0,4122,6
1565,100,0.0,4.0,8379,0
52568,5,1.0,2.0,5855,6
21833,26,0.0,4.0,3190,2
77654,89,1.0,6.0,829,9
5537,79,0.0,6.0,7773,1
70596,87,1.0,4.0,6277,8
9947,94,0.0,2.0,9901,0
47757,50,0.0,1.0,6369,6
57044,87,0.0,5.0,4984,10
74139,11,1.0,3.0,1403,9
54043,88,1.0,8.0,5281,4
95549,30,1.0,1.0,4500,10
57662,44,1.0,1.0,9374,7
2671,28,1.0,10.0,4566,9
36417,32,1.0,8.0,8157,10
65583,76,0.0,8.0,5742,0
82927,71,0.0,1.0,4216,3
4733,60,0.0,2.0,7730,7
96943,81,0.0,9.0,501,8
3814,3,1.0,4.0,7909,8
72959,75,0.0,10.0,8059,8
96594,24,0.0,10.0,4826,2
61073,90,1.0,3.0,5343,2
73888,50,1.0,9.0,2327,8
24150,37,1.0,3.0,3085,4
64949,83,1.0,2.0,9152,4
12179,32,0.0,9.0,5840,6
91725,24,0.0,9.0,4001,4
15415,80,0.0,10.0,6116,2
58576,32,1.0,5.0,4497,5
49140,48,1.0,4.0,3666,1
30397,44,1.0,5.0,8798,10
76846,6,0.0,9.0,542,3
72829,32,1.0,7.0,8087,7
62008,36,0.0,5.0,6354,7
153,71,0.0,1.0,7896,8
97952,95,1.0,5.0,989,5
27729,65,0.0,5.0,5510,8
17874,67,1.0,5.0,6928,3
21459,92,0.0,8.0,6862,7
73097,52,1.0,7.0,201,9
83038,55,0.0,2.0,2215,4
49388,53,1.0,5.0,6612,0
40086,14,0.0,7.0,4375,2
75102,2,0.0,9.0,5372,1
21973,3,0.0,10.0,1588,10
4221,60,0.0,1.0,9825,6
35661,73,0.0,7.0,6533,10
66612,83,0.0,8.0,9278,7
29402,27,0.0,3.0,7957,0
64937,50,1.0,3.0,6351,2
9632,83,1.0,4.0,973,3
56513,8,1.0,3.0,8850,3
76324,45,0.0,2.0,7700,3
27445,13,0.0,4.0,5914,6
86383,86,1.0,7.0,4349,8
53822,8,1.0,6.0,3726,3
28655,31,1.0,9.0,3717,9
86990,100,0.0,1.0,1302,6
73553,10,1.0,6.0,4511,5
79875,33,0.0,10.0,9855,4
70124,46,1.0,5.0,891,1
55992,19,1.0,1.0,4642,4
4962,76,0.0,2.0,2100,3
62859,26,1.0,3.0,568,2
63990,26,1.0,2.0,3222,6
70041,21,1.0,10.0,4779,5
5702,68,0.0,4.0,3091,7
85306,48,0.0,4.0,4288,5
5378,79,1.0,6.0,3164,1
89549,60,1.0,4.0,2553,6
98554,81,1.0,10.0,5486,8
34946,56,0.0,10.0,4399,4
97419,44,0.0,1.0,6995,9
51796,90,1.0,8.0,299,3
23560,21,1.0,3.0,1581,9
27681,14,1.0,4.0,9406,8
77385,50,1.0,4.0,5586,7
54563,2,0.0,4.0,6041,3
73975,41,0.0,3.0,2373,0
26268,39,0.0,4.0,6400,7
41602,37,0.0,3.0,4335,3
66331,92,0.0,6.0,7667,8
24386,19,1.0,2.0,1531,9
13904,45,1.0,1.0,8913,0
2206,25,1.0,5.0,8105,10
26017,75,0.0,6.0,8076,7
40691,65,0.0,6.0,6295,3
32413,16,1.0,6.0,7160,2
86139,41,0.0,6.0,9668,1
93351,16,0.0,9.0,8779,2
54183,33,0.0,3.0,6653,7
3605,45,1.0,7.0,6135,4
39881,73,0.0,5.0,959,5
68399,39,1.0,4.0,5209,1
75387,45,1.0,3.0,8502,0
86986,26,0.0,1.0,2502,7
14982,64,1.0,5.0,7110,10
5902,57,1.0,5.0,7574,4
16268,74,0.0,7.0,9923,8
40506,56,0.0,5.0,5705,3
74701,98,0.0,3.0,4928,4
19778,40,0.0,3.0,1093,4
77226,65,1.0,6.0,9686,0
82333,28,0.0,7.0,6276,6
37986,97,0.0,2.0,8146,3
41330,55,0.0,2.0,1090,7
87627,56,1.0,9.0,988,9
31856,82,0.0,10.0,2184,0
76480,98,0.0,6.0,7886,5
26907,65,1.0,3.0,9010,4
45452,11,0.0,3.0,9474,5
2475,47,1.0,2.0,7432,5
90996,81,1.0,9.0,2007,5
5537,65,0.0,6.0,5726,2
96173,12,1.0,7.0,3716,9
33545,55,0.0,2.0,4046,6
341,83,0.0,4.0,4016,5
21514,5,0.0,1.0,5266,3
1726,89,0.0,6.0,1698,4
44403,29,1.0,4.0,1742,0
83841,3,0.0,10.0,7730,9
59036,70,0.0,3.0,6174,4
1440,84,0.0,10.0,2024,6
