s_Id,First_Name,Attendance,Assignments_Avg,Overall_Avg,Stud_Preference,pass_test
1,Danny,60,80,65,1,0
2,Ariel,55,94,65,0,0
3,Robin,70,100,95,0,1
4,Or,100,81,85,1,1
5,Ram,95,84,75,1,1
6,Or,60,78,85,0,1
7,Keli,50,85,85,1,0
8,Ela,100,95,75,0,1
9,Danny,75,80,85,0,1
10,Billy,55,79,85,1,0
11,Or,100,80,85,1,1
12,Avraham,100,80,85,1,1
13,Tair,95,81,85,1,1
14,Eliran,100,100,85,0,0
15,Chen,65,96,85,0,0
16,Linda,85,81,85,1,0
17,Tamar,65,96,85,0,1
18,Natasha,70,80,85,0,1
19,Sapir,100,89,85,0,0
20,Aviram,65,98,85,1,1
21,Aviram,100,55,95,0,0
22,Ido,80,75,85,1,0
23,Linda,95,80,65,0,0
24,Michael,85,78,95,1,1
25,Ram,100,90,65,1,0
26,Avishay,100,95,65,0,0
27,Brian,100,95,75,0,1
28,Tamar,70,79,75,0,1
29,Orly,80,92,95,1,1
30,Dorit,70,95,95,0,1
31,Sarah,65,55,95,0,0
32,Linda,90,95,75,1,1
33,Tair,100,75,85,0,0
34,Adele,75,90,65,0,0
35,Adam,100,100,85,0,1
36,Katia,90,85,85,0,1
37,Robin,90,95,85,0,1
38,Billy,70,100,85,0,1
39,Billy,65,80,85,0,1
40,Sapir,80,100,75,1,1
41,Ela,75,96,75,0,1
42,Jerry,55,55,95,1,0
43,Danny,80,93,95,1,1
44,Danny,90,80,85,1,1
45,Billy,100,81,75,0,1
46,Kevin,100,65,75,0,0
47,Ariel,100,75,95,1,0
48,Kevin,70,88,85,1,1
49,Danny,55,96,85,0,0
50,Ido,90,88,65,0,0
51,Danny,90,78,85,0,1
52,Eliran,55,85,85,0,0
53,Jerry,100,85,95,0,1
54,Sarah,100,88,95,1,1
55,Sapir,80,85,85,1,1
56,Brian,70,81,75,1,1
57,Danny,70,65,75,0,0
58,Ori,60,85,85,1,1
59,Brian,100,80,85,0,1
60,Zohar,100,83,65,1,0
61,Sarah,50,78,95,0,0
62,Ori,90,80,65,0,0
63,Ela,100,80,95,1,1
64,Sapir,65,94,75,0,1
65,Orly,85,79,75,0,1
66,Tair,90,81,75,1,1
67,Tamar,70,89,95,1,1
68,Talia,80,79,85,0,1
69,Or,90,80,65,0,0
70,Aviram,75,78,85,0,1
71,Ela,50,78,65,0,0
72,Esther,100,65,75,0,0
73,Eliran,75,78,75,0,1
74,Ori,60,100,95,1,1
75,Or,60,88,85,1,1
76,Nati,80,93,65,0,0
77,Jerry,95,100,85,0,1
78,Danny,65,55,75,0,0
79,Ori,100,95,85,0,1
80,Chen,100,81,85,0,1
81,Katia,80,65,85,0,0
82,Kevin,95,80,85,0,1
83,Esther,90,75,85,1,0
84,Tamar,50,65,85,1,0
85,Ela,90,100,95,0,1
86,Ori,55,100,85,1,0
87,Adam,55,88,85,1,0
88,Michael,55,88,85,1,0
89,Ido,70,80,95,0,1
90,Ohad,100,83,85,1,1
91,Tair,100,80,65,0,0
92,Linda,80,65,85,0,0
93,Billy,70,80,95,0,1
94,Orly,100,79,95,1,1
95,Jerry,90,83,85,0,1
96,Talia,90,80,75,0,1
97,Or,100,90,85,1,1
98,John,80,89,85,0,1
99,Adele,100,80,85,0,1
100,Tair,80,55,95,1,0
101,Sapir,90,83,75,1,1
102,Idan,50,78,85,0,0
103,Brian,100,89,75,1,1
104,Keli,95,89,85,1,1
105,Kevin,50,78,85,1,0
106,Chen,80,90,85,0,1
107,Sapir,65,94,75,1,1
108,Dorit,100,65,85,0,0
109,Billy,100,78,95,1,1
110,Mor,100,90,95,1,1
111,Jerry,80,88,85,1,1
112,Or,70,95,85,1,1
113,Kevin,90,100,85,1,1
114,Nati,70,80,85,1,1
115,Tair,90,84,85,1,0
116,Ela,95,81,85,1,1
117,Ido,55,90,85,0,0
118,Natasha,80,85,85,0,1
119,Sarah,55,90,85,1,0
120,Avishay,100,88,85,1,1
121,Eliran,55,96,85,0,0
122,Chen,100,100,75,1,1
123,Ariel,75,94,85,0,1
124,Adam,80,75,85,0,0
125,Eliran,90,93,85,1,1
126,Esther,70,78,85,1,1
127,Aviram,80,79,85,1,1
128,John,100,100,85,0,1
129,Ori,75,80,85,0,1
130,Ohad,90,80,65,1,0
131,Ohad,90,92,75,1,1
132,Brian,65,55,75,1,0
133,Dorit,80,78,75,0,1
134,Kevin,100,65,65,1,0
135,Aviram,80,85,75,1,1
136,John,60,78,95,1,1
137,Linda,95,89,85,1,1
138,Kevin,70,78,75,0,1
139,Nitzan,100,100,85,0,1
140,Or,100,80,95,1,1
141,Kevin,65,88,65,0,0
142,Ela,100,89,85,1,1
143,Idan,80,55,75,0,0
144,Sapir,80,100,85,1,1
145,Chen,100,100,75,1,1
146,Sarah,65,80,95,0,1
147,Kevin,80,92,85,1,1
148,Avishay,90,81,95,0,1
149,Adele,65,84,95,0,1
150,Jerry,70,84,75,0,1
151,Tamar,85,100,75,1,1
152,John,75,88,85,1,1
153,Brian,50,80,85,1,0
154,Brian,100,81,85,0,1
155,Ram,90,75,85,0,0
156,Tamar,50,100,95,1,0
157,Nati,75,100,75,1,1
158,Linda,80,79,85,0,1
159,Ori,55,75,95,1,0
160,Or,70,90,85,0,1
161,Tamar,100,92,85,0,1
162,Chen,55,78,95,1,0
163,Ori,85,83,95,0,1
164,Danny,85,79,95,1,1
165,Aviram,80,92,75,0,1
166,Chen,85,81,85,0,1
167,Alex,55,89,95,0,0
168,Ram,90,94,85,1,1
169,Ela,55,96,75,1,0
170,Danny,75,95,85,1,1
171,Natasha,100,100,75,0,1
172,Keli,90,93,95,1,1
173,Kevin,90,83,85,1,1
174,Billy,90,55,85,1,0
175,Katia,95,78,95,0,1
176,Katia,100,65,95,1,0
177,Talia,100,98,85,1,1
178,Billy,100,65,75,1,0
179,Orly,100,55,85,0,0
180,Danny,100,85,75,0,1
181,Nitzan,80,55,85,0,0
182,Nati,80,98,85,0,1
183,Katia,75,93,85,0,1
184,Sarah,65,55,85,0,0
185,Talia,55,79,85,1,0
186,Zohar,100,92,75,0,1
187,Ohad,95,79,65,1,0
188,Talia,100,78,65,1,0
189,John,90,83,75,1,1
190,Billy,55,80,75,0,0
191,Ori,85,100,95,1,1
192,Ram,70,90,85,0,1
193,Robin,75,84,65,1,0
194,Katia,90,75,75,0,0
195,Ido,90,55,85,0,0
196,Orly,80,90,85,0,1
197,Ram,55,100,75,0,0
198,Eliran,55,90,85,1,0
199,Katia,50,100,95,1,0
200,Ariel,80,80,85,0,1
201,Ido,100,83,85,1,1
202,Ori,80,78,95,0,1
203,Zohar,65,93,65,1,0
204,Orly,90,79,85,1,1
205,Katia,100,89,95,0,1
206,Sapir,80,95,85,0,1
207,Esther,100,75,95,0,0
208,Or,65,84,85,1,1
209,Adele,80,88,85,0,1
210,Nitzan,100,94,65,0,0
211,Sapir,50,94,75,1,0
212,Sapir,80,98,95,0,1
213,Nati,100,88,95,1,1
214,Ela,75,94,85,0,1
215,Ohad,100,81,85,0,1
216,Esther,65,89,75,0,1
217,Robin,100,80,75,1,1
218,John,70,95,75,1,1
219,Brian,100,93,75,1,1
220,Michael,55,79,95,1,0
221,Nitzan,80,80,85,1,1
222,Avraham,75,80,75,0,1
223,Michael,90,89,95,1,1
224,Adam,100,65,95,1,0
225,John,90,55,95,0,0
226,Katia,90,80,75,1,1
227,Keli,95,79,95,0,1
228,Ram,70,80,85,0,1
229,Ela,60,95,95,0,1
230,Kevin,90,75,75,0,0
231,Billy,85,55,75,0,0
232,John,50,78,75,0,0
233,Adam,50,90,75,0,0
234,Aviram,100,75,65,0,0
235,Nitzan,70,90,95,1,1
236,Eliran,75,98,65,0,0
237,Aviram,80,83,95,0,1
238,Chen,80,94,75,1,1
239,Robin,90,96,65,1,0
240,Ido,75,100,95,0,1
241,Ela,80,93,75,0,1
242,Ela,65,100,75,0,1
243,Tamar,50,92,85,0,0
244,Natasha,55,92,85,1,0
245,Keli,100,88,65,0,0
246,Orly,80,100,85,1,1
247,Mor,100,80,85,1,1
248,Katia,90,81,85,0,1
249,Robin,70,79,85,1,1
250,Zohar,55,88,75,0,0
251,Avishay,100,92,85,1,1
252,Brian,50,78,95,1,0
253,Idan,100,96,95,0,1
254,Ela,90,80,85,0,1
255,Nitzan,100,89,65,1,0
256,Brian,90,80,75,1,1
257,Jerry,75,65,95,0,0
258,Brian,100,93,95,0,1
259,Orly,100,100,85,0,1
260,Avishay,85,83,75,1,1
261,Billy,90,100,95,0,1
262,Ohad,90,84,85,1,1
263,John,90,92,65,1,0
264,John,70,78,75,0,1
265,Keli,100,78,85,1,1
266,Ido,85,92,95,0,1
267,Ela,75,83,75,1,1
268,Ori,80,65,85,0,0
269,Aviram,55,89,75,1,0
270,Brian,100,55,85,0,0
271,Ori,65,94,85,1,1
272,Kevin,100,89,85,0,1
273,Jerry,65,92,65,0,0
274,Avishay,70,78,95,0,1
275,Aviram,60,96,85,1,1
276,Mor,100,79,85,0,1
277,Eliran,100,78,85,1,1
278,Danny,55,78,75,0,0
279,Zohar,80,100,85,0,1
280,Kevin,70,88,85,0,1
281,Tair,70,80,95,0,1
282,Idan,80,84,75,1,1
283,Ela,100,92,85,1,1
284,Brian,100,100,85,0,1
285,Ram,80,94,95,0,1
286,Ram,80,92,75,1,1
287,Danny,55,90,95,1,0
288,Linda,100,78,85,0,1
289,Ram,70,80,85,1,1
290,Ido,75,80,75,1,1
291,Tamar,80,88,95,1,1
292,Ela,65,100,75,0,1
293,Robin,60,94,85,0,1
294,Adele,80,100,95,0,1
295,Sapir,65,100,95,1,1
296,Alex,100,90,85,0,1
297,Aviram,50,93,85,0,0
298,Avraham,100,93,85,1,1
299,John,100,98,95,1,1
300,Linda,100,89,85,1,1
301,Keli,50,83,85,1,0
302,Adele,55,85,95,1,0
303,Ram,75,96,85,1,1
304,Orly,100,88,95,1,1
305,Chen,80,92,85,0,1
306,Or,85,90,65,1,0
307,Esther,80,78,85,0,1
308,Ori,70,79,85,0,1
309,Sapir,100,100,85,1,1
310,Linda,75,80,95,1,1
311,Ram,70,94,95,0,1
312,Eliran,65,88,75,1,1
313,Chen,50,98,85,1,0
314,Ela,90,83,85,1,1
315,Natasha,95,93,75,0,1
316,Avraham,75,55,85,0,0
317,Natasha,100,93,95,0,1
318,Nati,70,89,95,0,1
319,Billy,65,85,65,0,0
320,Avishay,70,90,85,0,1
321,Dorit,100,88,65,1,0
322,Zohar,100,93,95,1,1
323,Brian,70,81,85,1,1
324,Ram,100,85,85,0,1
325,Avishay,80,95,85,0,1
326,Or,100,84,85,1,1
327,Sarah,85,93,65,1,0
328,Eliran,100,93,95,1,1
329,Adele,70,83,75,0,1
330,Ram,70,78,85,0,1
331,John,70,79,85,1,1
332,Nitzan,65,95,85,0,1
333,Brian,100,94,75,0,1
334,Alex,100,96,95,0,1
335,Tair,90,100,95,0,1
336,Alex,85,90,75,1,1
337,Keli,80,80,75,1,1
338,Orly,100,81,85,1,1
339,Brian,75,90,75,1,1
340,Danny,85,90,85,1,1
341,Ohad,100,79,95,1,1
342,Nitzan,50,78,85,0,0
343,Dorit,75,98,75,0,1
344,Orly,95,90,85,1,1
345,Ido,80,90,85,0,1
346,Ido,55,55,95,1,0
347,Eliran,100,65,75,0,0
348,Idan,100,94,85,0,1
349,Sapir,75,80,85,0,1
350,Ela,100,92,95,0,1
351,Kevin,100,55,85,1,0
352,Talia,95,80,65,0,0
353,Michael,70,90,85,1,1
354,Nati,90,65,95,1,0
355,Ram,100,94,95,1,1
356,Kevin,95,83,85,1,1
357,Adele,100,80,85,0,1
358,Brian,70,81,75,0,1
359,Tair,90,83,95,1,1
360,Eliran,100,88,85,0,1
361,Adele,100,96,95,1,1
362,Sarah,70,93,65,1,0
363,Brian,65,88,65,0,0
364,Keli,55,81,95,0,0
365,Adele,70,85,85,1,1
366,Sarah,100,98,65,0,0
367,Talia,55,89,95,1,0
368,Adam,100,65,85,1,0
369,Aviram,85,93,85,1,1
370,John,70,88,95,1,1
371,Tamar,90,88,75,0,1
372,Billy,75,80,75,0,1
373,Mor,100,89,95,1,1
374,Kevin,90,89,85,0,1
375,Tamar,90,75,85,0,0
376,Jerry,80,80,85,1,1
377,Ariel,75,85,95,1,1
378,Ela,80,96,95,1,1
379,Billy,90,80,65,1,0
380,Danny,100,88,75,1,1
381,Nitzan,80,81,85,0,1
382,Aviram,95,100,85,0,1
383,Ori,80,89,95,1,1
384,Tamar,70,79,75,0,1
385,Danny,80,94,95,1,1
386,Avraham,90,80,95,0,1
387,Avishay,100,100,65,0,0
388,Michael,100,93,85,1,1
389,Brian,55,92,85,0,0
390,Linda,55,94,85,1,0
391,John,90,100,85,0,1
392,Ido,100,95,85,0,1
393,Adam,90,81,95,0,1
394,Keli,90,55,95,0,0
395,Orly,100,94,95,1,1
396,Ori,100,65,65,1,0
397,Adele,100,78,95,1,1
398,Dorit,100,94,95,0,1
399,Zohar,70,96,85,0,1
400,Avraham,70,94,85,0,1
401,Or,95,80,95,0,1
402,Tamar,100,93,75,1,1
403,Mor,85,79,95,0,1
404,Sarah,100,85,85,0,1
405,Ori,100,65,85,0,0
406,Tair,100,93,65,1,0
407,Chen,100,93,75,0,1
408,Tair,60,78,95,1,1
409,Natasha,80,84,85,0,1
410,Aviram,75,65,95,0,0
411,Tair,80,78,75,1,1
412,Danny,100,79,85,0,1
413,Ido,90,92,95,1,1
414,Katia,55,80,85,1,0
415,Ori,75,96,75,0,1
416,Esther,100,83,85,0,1
417,Michael,75,88,85,0,1
418,Ela,100,80,65,1,0
419,Robin,55,100,95,0,0
420,Idan,100,65,85,1,0
421,Kevin,75,100,65,0,0
422,Or,100,95,75,1,1
423,Idan,55,78,85,0,0
424,Ohad,100,90,75,0,1
425,Ido,80,92,85,1,1
426,Ido,100,79,95,1,1
427,Avishay,50,88,85,0,0
428,Idan,100,79,85,0,1
429,Sapir,55,94,85,1,0
430,Ela,100,100,95,0,1
431,Alex,80,78,65,0,0
432,Chen,75,81,95,0,1
433,Nitzan,80,78,75,0,1
434,Ido,90,90,85,0,1
435,Kevin,100,83,95,1,1
436,Avishay,75,75,65,1,0
437,Esther,65,83,75,0,1
438,Ram,100,78,95,1,1
439,Orly,100,89,65,1,0
440,Nitzan,80,84,95,0,1
441,Tamar,100,55,95,1,0
442,Esther,55,85,85,0,0
443,Billy,60,92,85,0,1
444,Adam,100,88,85,1,1
445,Natasha,75,80,85,1,1
446,Ohad,100,96,95,1,1
447,Brian,100,100,85,0,1
448,Tair,90,80,95,0,1
449,Chen,60,85,65,1,0
450,Danny,80,93,85,1,1
451,Robin,100,55,85,0,0
452,Zohar,65,92,75,1,1
453,Mor,100,80,75,1,1
454,Michael,70,85,75,1,1
455,Dorit,90,78,95,1,1
456,Adam,100,88,95,1,1
457,Or,90,75,85,1,0
458,Or,50,79,65,1,0
459,Talia,80,94,75,0,1
460,Aviram,55,81,95,0,0
461,Chen,75,80,75,0,1
462,Ram,55,89,85,0,0
463,John,100,78,85,1,1
464,Talia,55,84,85,1,0
465,Nati,100,100,95,1,1
466,Aviram,50,88,85,0,0
467,Nitzan,100,88,85,1,1
468,Alex,90,78,85,1,1
469,Ela,55,78,85,0,0
470,Natasha,85,78,75,0,1
471,Avishay,55,94,85,0,0
472,Or,80,90,95,1,1
473,Katia,90,75,85,1,0
474,Katia,90,100,95,0,1
475,Tamar,55,83,85,1,0
476,Avraham,100,90,85,1,1
477,Ori,90,80,85,0,1
478,Danny,55,96,85,0,0
479,Ram,90,98,85,0,1
480,Kevin,90,84,95,0,1
481,Mor,90,92,75,0,1
482,Dorit,90,79,65,1,0
483,Kevin,80,79,75,1,1
484,Kevin,100,80,95,0,1
485,Ido,100,84,85,1,1
486,Katia,80,80,75,1,1
487,Ariel,100,80,95,0,1
488,Kevin,60,100,75,0,1
489,Mor,60,78,85,1,1
490,Sarah,100,90,65,1,0
491,Esther,60,75,65,0,0
492,Idan,80,95,75,0,1
493,Ariel,80,84,75,0,1
494,Katia,90,90,85,0,1
495,Nati,90,83,85,0,1
496,Ori,95,80,85,0,1
497,Orly,90,85,85,1,1
498,Keli,90,90,85,0,1
499,Idan,70,83,95,0,1
500,Nitzan,90,78,95,0,1
501,Mor,90,93,75,1,1
502,Tamar,55,78,85,0,0
503,Billy,85,79,95,0,1
504,Ela,80,83,85,0,1
505,Tamar,90,94,85,0,1
506,Idan,50,55,85,0,0
507,Jerry,85,55,75,1,0
508,Aviram,100,75,85,0,0
509,Sarah,100,80,85,0,1
510,Aviram,75,55,75,1,0
511,Ohad,70,84,85,1,1
512,Eliran,100,84,85,1,1
513,Katia,100,81,95,1,1
514,Nitzan,100,85,95,0,1
515,Ariel,75,81,85,0,1
516,Eliran,80,93,85,0,1
517,Zohar,90,96,95,0,1
518,Sarah,85,78,75,0,1
519,Esther,100,55,75,0,0
520,Jerry,100,75,75,1,0
521,Danny,90,90,95,0,1
522,Alex,90,100,85,0,1
523,Or,100,81,65,1,0
524,Mor,100,79,85,1,1
525,Ori,100,75,65,0,0
526,Ela,70,90,75,0,1
527,Ela,90,65,85,1,0
528,Avraham,95,98,85,1,1
529,Zohar,75,96,85,1,1
530,Adam,100,100,75,1,1
531,Chen,90,78,95,0,1
532,Michael,55,84,85,0,0
533,Ori,85,92,95,1,1
534,Nati,65,78,85,0,1
535,Billy,50,83,65,1,0
536,Talia,95,90,95,0,1
537,Or,55,100,95,0,0
538,Tair,100,80,85,0,1
539,Esther,100,94,85,1,1
540,Nitzan,50,78,85,0,0
541,Sarah,95,89,85,1,1
542,Ohad,80,78,95,1,1
543,Orly,100,92,95,1,1
544,Zohar,90,84,85,0,1
545,Idan,55,80,95,1,0
546,Brian,55,85,65,1,0
547,Brian,75,81,95,1,1
548,Chen,80,78,85,0,1
549,Ariel,100,100,65,0,0
550,Ori,100,80,95,0,1
551,Chen,95,65,95,1,0
552,Idan,100,80,95,0,1
553,Esther,70,100,85,1,1
554,Robin,70,80,85,1,1
555,Nati,70,98,85,1,1
556,Billy,70,88,85,0,1
557,Ram,90,79,85,1,1
558,Talia,100,89,85,0,1
559,Chen,90,83,85,1,1
560,Kevin,50,92,85,0,0
561,Keli,100,90,85,0,1
562,Avraham,80,78,85,0,1
563,Ela,65,95,75,1,1
564,Avishay,100,95,65,0,0
565,Alex,100,78,85,0,1
566,Keli,100,78,75,1,1
567,Michael,95,80,75,0,1
568,Nati,55,79,95,0,0
569,Michael,50,81,95,1,0
570,Ela,80,100,95,0,1
571,Chen,90,84,95,1,1
572,Billy,75,81,85,0,1
573,Adele,100,95,65,0,0
574,Linda,50,80,85,1,0
575,Ram,100,81,95,0,1
576,Ori,50,80,75,0,0
577,Nati,90,92,85,0,1
578,John,100,89,65,0,0
579,Linda,55,80,85,1,0
580,Brian,70,80,85,1,1
581,Natasha,95,100,75,1,1
582,Billy,100,84,95,0,1
583,Katia,80,93,85,0,1
584,Orly,85,96,65,0,0
585,Nati,80,90,85,1,1
586,Linda,75,90,75,0,1
587,Sarah,85,100,75,0,1
588,Michael,80,92,95,0,1
589,Katia,100,55,75,1,0
590,Robin,100,80,75,0,1
591,Nati,80,78,85,0,1
592,Nati,100,81,75,1,1
593,Or,95,92,85,1,1
594,Adam,70,90,85,1,1
595,John,60,79,85,1,1
596,Chen,90,93,85,0,1
597,Danny,80,80,85,0,1
598,Tamar,65,95,65,1,0
599,Linda,80,90,85,1,1
600,Keli,90,96,65,0,0
601,Kevin,75,98,85,0,1
602,Mor,50,94,85,1,0
603,Katia,100,98,75,0,1
604,Tamar,80,100,65,1,0
605,Sapir,60,96,85,0,1
606,Or,100,100,75,1,1
607,Brian,70,81,85,0,1
608,Adele,100,88,85,0,1
609,Nati,100,78,85,1,1
610,Dorit,65,81,75,0,1
611,Brian,100,55,75,0,0
612,Avraham,55,83,85,1,0
613,Jerry,50,80,85,0,0
614,Natasha,50,92,85,1,0
615,Ram,55,96,85,1,0
616,Mor,75,100,95,0,1
617,Or,70,100,85,1,1
618,Ela,100,95,85,1,1
619,Ido,100,65,95,1,0
620,Tair,70,100,85,0,1
621,Adam,95,100,85,0,1
622,Nitzan,90,90,95,1,1
623,Ariel,100,94,95,1,1
624,Ohad,65,84,85,0,1
625,Sarah,60,90,85,1,1
626,John,55,100,85,1,0
627,Ela,85,100,65,1,0
628,Sarah,80,81,85,1,1
629,Jerry,100,100,85,1,1
630,Avishay,100,93,85,1,1
631,Ela,100,79,75,1,1
632,Dorit,75,65,95,1,0
633,Keli,100,80,95,0,1
634,Natasha,90,94,95,0,1
635,Katia,80,78,95,1,1
636,Ori,100,78,75,0,1
637,Avishay,90,92,85,0,1
638,Tair,75,83,95,1,1
639,Brian,70,78,85,0,1
640,Zohar,85,90,75,1,1
641,Michael,100,80,95,0,1
642,Idan,70,81,85,1,1
643,Chen,100,96,95,0,1
644,Eliran,85,92,75,0,1
645,Tair,60,90,85,1,1
646,Brian,65,92,75,0,1
647,Nitzan,100,94,65,1,0
648,Mor,90,88,65,1,0
649,Ela,55,100,75,0,0
650,Aviram,95,55,65,0,0
651,Adele,100,100,65,1,0
652,Tair,80,55,85,1,0
653,Kevin,100,81,85,0,1
654,Adele,70,88,75,0,1
655,Chen,90,78,65,1,0
656,Natasha,100,88,95,1,1
657,Katia,85,88,75,0,1
658,Kevin,65,89,95,0,1
659,Ido,55,78,95,0,0
660,Tamar,55,80,85,0,0
661,Adele,100,84,85,0,1
662,Ram,80,100,95,1,1
663,Orly,75,80,75,0,1
664,John,90,89,95,1,1
665,Linda,75,100,85,0,1
666,Ram,100,85,85,1,1
667,Robin,55,94,75,1,0
668,Michael,80,94,85,0,1
669,Michael,100,80,95,1,1
670,Nitzan,95,80,95,0,1
671,Nati,90,80,95,0,1
672,Talia,80,95,75,0,1
673,Ram,50,95,85,1,0
674,Tair,90,85,95,0,1
675,Aviram,60,94,95,1,1
676,Nitzan,80,93,85,1,1
677,Kevin,75,100,85,1,1
678,Mor,100,90,85,1,1
679,Nitzan,55,80,85,0,0
680,Tair,75,78,85,1,1
681,Ohad,50,85,75,1,0
682,Robin,100,79,95,1,1
683,Ram,85,88,85,0,1
684,Brian,90,95,85,1,1
685,Billy,75,92,85,0,1
686,John,65,80,85,1,1
687,Adele,80,80,95,0,1
688,Brian,65,88,95,0,1
689,Tair,100,100,85,1,1
690,Alex,70,92,95,0,1
691,Tamar,100,84,85,0,1
692,Adele,100,89,95,0,1
693,Mor,80,88,85,1,1
694,Ram,80,81,75,1,1
695,Nati,100,89,75,1,1
696,Tair,90,75,95,1,0
697,Adele,90,92,75,0,1
698,Billy,90,80,95,0,1
699,Esther,75,90,95,0,1
700,Tamar,90,81,65,0,0
701,Tair,50,65,95,1,0
702,Ido,95,80,85,1,1
703,Keli,100,95,95,0,1
704,Ela,90,94,85,1,1
705,Orly,80,80,85,0,1
706,Adele,100,88,85,0,1
707,Tair,90,81,95,1,1
708,Tair,75,89,85,0,1
709,Tair,75,100,65,0,0
710,Ori,100,80,85,0,1
711,Brian,100,81,85,1,1
712,Sapir,60,93,85,0,1
713,Or,55,75,85,1,0
714,Nati,100,83,75,1,1
715,Brian,50,100,95,1,0
716,Adam,100,84,85,1,1
717,Eliran,100,81,85,0,1
718,Nati,70,100,95,0,1
719,Kevin,100,96,95,1,1
720,Billy,65,90,75,0,1
721,Adam,100,95,85,1,1
722,Idan,100,93,85,0,1
723,Jerry,80,100,85,0,1
724,Ori,75,98,75,0,1
725,Mor,95,96,85,0,1
726,Zohar,50,85,95,1,0
727,Idan,100,55,95,0,0
728,Jerry,100,95,85,0,1
729,Adam,50,88,85,1,0
730,Linda,65,80,85,0,1
731,Ori,90,95,75,1,1
732,Kevin,85,90,85,1,1
733,Adam,90,80,75,0,1
734,Linda,70,75,65,0,0
735,Or,90,93,85,1,1
736,Avraham,80,83,75,0,1
737,Ram,50,78,85,1,0
738,Adam,75,94,95,0,1
739,Natasha,80,65,75,0,0
740,Aviram,85,83,65,0,0
741,Ram,75,80,85,0,1
742,John,55,89,95,0,0
743,Billy,90,90,95,1,1
744,Kevin,70,81,65,0,0
745,Jerry,70,98,85,1,1
746,Brian,100,81,65,1,0
747,Linda,100,100,85,0,1
748,Brian,100,98,85,0,1
749,Robin,50,65,65,1,0
750,Keli,70,79,85,0,1
751,Eliran,95,90,85,1,1
752,Ariel,100,75,95,0,0
753,Brian,100,78,85,0,1
754,Ariel,100,84,75,1,1
755,Ram,100,55,75,0,0
756,Aviram,80,94,75,0,1
757,Ori,70,78,65,0,0
758,Ori,55,80,85,0,0
759,Kevin,75,81,95,1,1
760,Zohar,55,55,65,1,0
761,Ram,100,90,95,1,1
762,Tair,80,90,75,1,1
763,Ido,90,65,85,1,0
764,Jerry,90,78,65,1,0
765,Keli,60,78,75,1,1
766,Sapir,100,80,95,0,1
767,Esther,75,81,85,0,1
768,Or,75,100,65,1,0
769,Ido,90,88,95,1,1
770,Danny,75,94,85,1,1
771,Nati,80,75,75,1,0
772,Kevin,80,88,75,0,1
773,Aviram,90,93,85,1,1
774,Mor,50,89,95,1,0
775,Avraham,100,83,85,0,1
776,Dorit,80,65,75,1,0
777,Adam,60,93,75,0,1
778,Danny,70,75,95,0,0
779,Alex,70,95,95,0,1
780,Nati,60,80,85,0,1
781,Alex,95,95,85,1,1
782,Sarah,80,100,85,0,1
783,Sapir,100,96,85,0,1
784,Keli,75,81,85,1,1
785,Natasha,80,65,95,1,0
786,Ariel,100,90,75,1,1
787,Ariel,100,79,75,1,1
788,Adam,100,75,85,0,0
789,Or,100,79,85,1,1
790,Kevin,95,65,85,0,0
791,Ori,100,81,85,0,1
792,John,55,95,65,1,0
793,Talia,100,78,85,0,1
794,Avishay,85,92,85,1,1
795,Zohar,80,78,95,0,1
796,Ram,75,81,75,1,1
797,Jerry,95,98,75,0,1
798,Chen,100,88,85,1,1
799,Dorit,50,90,75,1,0
800,Ohad,60,93,85,1,1
801,Tair,80,81,95,1,1
802,Linda,100,94,85,0,1
803,Ohad,100,92,75,1,1
804,Ori,100,89,75,0,1
805,Jerry,80,95,75,0,1
806,Avishay,90,78,85,1,1
807,Ariel,65,84,75,1,1
808,Ohad,80,75,85,0,0
809,Linda,100,95,95,0,1
810,Linda,90,55,85,1,0
811,Ori,100,84,85,1,1
812,Michael,80,65,85,0,0
813,Robin,75,100,85,0,1
814,Ariel,75,94,75,0,1
815,Sarah,80,84,95,1,1
816,Ohad,100,92,75,1,1
817,Avishay,85,80,95,0,1
818,Brian,100,75,85,1,0
819,Chen,100,88,95,0,1
820,Katia,90,80,65,0,0
821,Kevin,75,100,75,0,1
822,Mor,100,88,65,0,0
823,Zohar,100,75,75,0,0
824,Ela,95,90,95,0,1
825,Kevin,60,92,75,0,1
826,Orly,55,80,85,0,0
827,Zohar,100,98,75,1,1
828,Ela,65,96,75,0,1
829,Adam,100,80,85,0,1
830,Esther,100,81,85,1,1
831,Idan,65,100,75,0,1
832,Avishay,100,80,85,1,1
833,Sapir,100,55,75,1,0
834,Katia,100,80,95,1,1
835,Ram,70,90,95,1,1
836,Jerry,50,90,85,1,0
837,Robin,85,95,95,0,1
838,Robin,70,93,95,0,1
839,Linda,65,88,95,1,1
840,Or,100,98,85,1,1
841,Nati,65,94,85,1,1
842,Zohar,100,100,95,1,1
843,John,90,98,85,1,1
844,Danny,70,84,85,1,1
845,Adele,100,80,75,0,1
846,Michael,90,93,85,1,1
847,Billy,100,80,95,0,1
848,Ela,90,80,85,1,1
849,Tair,85,55,85,1,0
850,Natasha,80,83,75,0,1
851,Adam,65,80,75,0,1
852,Ohad,100,80,85,0,1
853,Linda,75,65,75,0,0
854,Chen,70,100,75,1,1
855,Ram,85,80,75,0,1
856,Danny,80,55,95,0,0
857,Nitzan,90,94,95,0,1
858,Tamar,90,79,95,1,1
859,Alex,85,96,95,1,1
860,Mor,100,93,95,0,1
861,Ela,75,100,75,1,1
862,Dorit,55,96,85,1,0
863,Dorit,100,96,95,0,1
864,Linda,75,90,85,0,1
865,Alex,100,83,95,1,1
866,Alex,70,83,85,1,1
867,John,90,78,85,0,1
868,Brian,80,100,75,0,1
869,Billy,75,80,75,1,1
870,Chen,70,84,85,0,1
871,Adele,100,100,85,1,1
872,Chen,100,90,95,0,1
873,Ariel,100,89,85,0,1
874,Billy,70,100,65,1,0
875,Brian,60,95,85,0,1
876,John,90,90,65,1,0
877,Nati,75,80,95,1,1
878,Sapir,65,85,85,1,1
879,Ohad,90,94,95,1,1
880,Ela,75,65,75,0,0
881,Billy,100,80,95,0,1
882,Kevin,80,65,85,0,0
883,Tamar,60,65,75,1,0
884,Aviram,100,75,85,0,0
885,Linda,100,100,75,0,1
886,Robin,70,100,85,0,1
887,Adam,95,92,85,1,1
888,Kevin,70,83,85,0,1
889,Chen,70,93,85,0,1
890,Brian,90,95,95,1,1
891,Talia,90,83,75,0,1
892,Avishay,55,90,75,1,0
893,Adam,75,93,95,1,1
894,Ariel,100,55,65,0,0
895,Linda,75,81,85,1,1
896,Alex,60,94,85,0,1
897,Sapir,100,100,95,0,1
898,Michael,70,65,75,1,0
899,Tamar,80,100,65,1,0
900,Zohar,70,78,85,0,1
901,Danny,80,79,85,1,1
902,Michael,80,92,75,1,1
903,Ela,55,90,75,1,0
904,Adele,80,75,75,1,0
905,Ram,100,83,95,0,1
906,Orly,55,65,85,0,0
907,Kevin,60,96,85,1,1
908,Or,60,85,75,1,1
909,John,95,88,85,1,1
910,Danny,50,81,85,0,0
911,Sapir,100,89,85,0,1
912,Chen,55,80,75,1,0
913,Chen,75,90,75,0,1
914,Jerry,100,80,85,1,1
915,Danny,80,92,95,1,1
916,Tamar,85,100,95,0,1
917,Aviram,100,100,65,1,0
918,Keli,60,100,85,0,1
919,Ohad,85,88,75,1,1
920,Eliran,100,96,95,1,1
921,Danny,50,75,65,0,0
922,Robin,100,98,65,1,0
923,Orly,55,90,85,0,0
924,Danny,75,55,85,0,0
925,Eliran,55,80,65,0,0
926,Aviram,90,94,85,0,1
927,Natasha,70,79,85,1,1
928,Ram,80,83,65,1,0
929,Orly,100,85,75,1,1
930,Avishay,60,80,75,1,1
931,Or,55,89,75,0,0
932,Tair,60,80,75,1,1
933,Ido,60,100,95,1,1
934,Adam,95,65,95,0,0
935,Tamar,80,95,85,1,1
936,Keli,100,94,85,1,1
937,Avishay,90,90,65,1,0
938,Brian,50,80,65,0,0
939,Chen,100,93,95,0,1
940,Sapir,70,85,75,1,1
941,Zohar,50,65,65,0,0
942,Katia,60,85,85,1,1
943,Alex,65,94,75,1,1
944,Avraham,55,90,95,1,0
945,Sarah,100,90,85,0,1
946,Ido,80,93,65,0,0
947,Ela,100,55,85,0,0
948,Katia,90,79,65,1,0
949,John,60,65,85,1,0
950,Ido,80,79,75,0,1
951,Talia,80,80,65,1,0
952,Katia,90,100,95,1,1
953,Dorit,70,80,75,1,1
954,Natasha,75,78,85,0,1
955,Adele,100,88,85,1,1
956,Adele,90,90,85,1,1
957,Brian,80,98,75,1,1
958,Eliran,60,89,85,1,1
959,Idan,65,80,95,0,1
960,Nitzan,50,55,65,0,0
961,Avraham,70,100,95,1,1
962,Talia,75,80,75,0,1
963,Ela,100,94,65,0,0
964,Dorit,90,84,95,0,1
965,Chen,100,80,85,0,1
966,Orly,100,84,75,0,1
967,Keli,70,88,95,0,1
968,Tair,100,78,85,1,1
969,Robin,80,75,85,1,0
970,Esther,90,78,95,0,1
971,Kevin,75,80,85,1,1
972,Adam,55,55,85,0,0
973,Michael,80,80,95,0,1
974,Sarah,100,84,95,1,1
975,Avishay,55,100,75,1,0
976,John,80,84,85,0,1
977,Chen,80,100,75,0,1
978,Tair,75,94,65,0,0
979,Tamar,95,81,75,0,1
980,Mor,70,84,65,0,0
981,Sarah,100,84,95,1,1
982,Ram,100,88,85,1,1
983,Kevin,90,88,95,1,1
984,Danny,75,90,85,0,1
985,Talia,90,93,85,0,1
986,Ido,100,78,75,1,1
987,Kevin,100,80,75,0,1
988,Ela,80,92,95,1,1
989,Dorit,70,81,85,0,1
990,Tair,100,85,95,0,1
991,Mor,95,90,85,1,1
992,Avishay,100,96,95,0,1
993,Avraham,60,100,95,0,1
994,Sapir,90,92,75,0,1
995,Tair,65,100,85,1,1
996,Zohar,75,98,85,1,1
997,Dorit,80,90,85,1,1
998,Zohar,85,95,75,1,1
999,Or,85,100,85,1,1
1000,Jerry,100,85,65,0,0
1001,Sarah,90,85,85,1,1
1002,Alex,80,79,85,1,1
1003,Danny,100,95,95,0,1
1004,Avishay,55,89,85,1,0
1005,Avishay,80,96,75,1,1
1006,Nitzan,80,94,95,1,1
1007,Robin,80,79,85,0,1
1008,Tamar,100,92,95,1,1
1009,Linda,55,78,85,1,0
1010,Ohad,85,94,75,0,1
1011,Orly,50,88,85,0,0
1012,Tamar,90,89,85,1,1
1013,Tamar,55,98,95,1,0
1014,Ido,50,78,95,1,0
1015,Jerry,95,90,95,1,1
1016,Keli,80,90,85,0,1
1017,Tair,90,95,85,1,1
1018,Dorit,70,93,85,0,1
1019,Ohad,100,94,85,0,1
1020,John,70,96,65,0,0
1021,Ido,80,80,75,1,1
1022,Adam,85,92,95,1,1
1023,Chen,100,90,95,0,1
1024,Ram,80,80,85,0,1
1025,Keli,80,80,75,0,1
1026,Avishay,80,90,85,1,1
1027,Adele,100,80,95,0,1
1028,Adam,100,65,85,1,0
1029,Natasha,100,89,85,1,1
1030,Avraham,75,100,85,1,1
1031,Keli,60,78,85,1,1
1032,Nitzan,75,80,95,1,1
1033,Keli,65,55,85,0,0
1034,Ram,100,90,85,0,1
1035,Chen,100,78,75,0,1
1036,Ariel,75,75,95,1,0
1037,Ido,50,78,85,1,0
1038,Alex,65,80,85,0,1
1039,Natasha,75,81,75,1,1
1040,John,55,89,85,1,0
1041,Avishay,75,80,95,1,1
1042,Michael,100,75,95,0,0
1043,Michael,75,65,95,1,0
1044,Ela,100,96,85,1,1
1045,Alex,100,80,95,0,1
1046,Nitzan,70,92,65,1,0
1047,Ido,75,80,85,1,1
1048,Brian,70,93,75,1,1
1049,Ram,80,90,95,0,1
1050,Ohad,90,75,75,0,0
1051,Brian,100,79,85,1,1
1052,Idan,80,80,85,0,1
1053,Keli,100,88,85,0,1
1054,Avishay,55,55,95,0,0
1055,Avishay,90,65,85,0,0
1056,Or,80,98,75,1,1
1057,Keli,85,88,85,1,1
1058,Tair,100,88,95,1,1
1059,Alex,90,78,75,0,1
1060,Nitzan,90,79,75,0,1
1061,Chen,50,95,95,1,0
1062,Ela,100,100,85,1,1
1063,Avraham,70,78,75,1,1
1064,Ori,90,65,95,0,0
1065,Robin,100,65,75,0,0
1066,Mor,100,65,75,1,0
1067,Kevin,50,96,75,1,0
1068,Mor,90,94,95,1,1
1069,Or,70,93,75,1,1
1070,Talia,80,100,65,0,0
1071,Sapir,75,84,85,0,1
1072,Ariel,80,92,75,0,1
1073,Zohar,80,79,75,1,1
1074,Linda,100,84,85,1,1
1075,Brian,55,90,85,1,0
1076,Adele,100,100,85,0,1
1077,Aviram,95,84,95,1,1
1078,Alex,80,94,95,0,1
1079,Dorit,100,100,85,1,1
1080,Orly,55,80,75,0,0
1081,Sapir,60,100,65,0,0
1082,Sarah,100,80,95,1,1
1083,Tair,60,95,75,0,1
1084,Sapir,90,92,85,1,1
1085,Kevin,95,98,85,0,1
1086,Natasha,100,89,85,1,1
1087,Orly,90,95,65,0,0
1088,Orly,85,95,95,0,1
1089,Or,100,92,65,1,0
1090,Danny,90,95,85,1,1
1091,John,50,90,95,1,0
1092,Ori,75,85,65,1,0
1093,Natasha,80,85,95,0,1
1094,Ariel,100,100,85,0,1
1095,Sarah,95,75,85,0,0
1096,Ariel,75,90,95,0,1
1097,Billy,80,55,95,1,0
1098,Danny,100,100,75,1,1
1099,Avraham,80,81,95,1,1
1100,Adam,100,78,85,1,1
1101,Danny,90,80,75,0,1
1102,Eliran,65,84,75,0,1
1103,Sarah,50,80,95,1,0
1104,Natasha,70,96,95,0,1
1105,Esther,80,88,75,1,1
1106,Dorit,90,96,85,0,1
1107,Adam,80,88,85,1,1
1108,Robin,80,80,95,1,1
1109,Tamar,100,98,65,1,0
1110,Ori,55,75,65,0,0
1111,Keli,90,90,75,0,1
1112,Ariel,100,79,75,0,1
1113,Natasha,75,80,85,0,1
1114,Kevin,100,100,95,1,1
1115,Ori,70,95,85,0,1
1116,Ela,100,80,95,0,1
1117,Adele,65,75,65,1,0
1118,Brian,100,98,95,1,1
1119,Ohad,90,89,85,1,1
1120,Aviram,85,85,75,0,1
1121,Kevin,100,55,85,0,0
1122,Tamar,85,98,65,0,0
1123,Avraham,100,95,65,0,0
1124,Ariel,70,79,75,1,1
1125,Tair,70,100,95,1,1
1126,Eliran,100,96,95,0,1
1127,Ori,90,94,85,0,1
1128,Adam,80,81,65,0,0
1129,Billy,100,100,85,0,1
1130,Tamar,55,88,65,1,0
1131,Ohad,55,90,85,1,0
1132,Tair,80,55,95,0,0
1133,Or,100,96,85,1,1
1134,Linda,75,98,85,0,1
1135,Ori,100,94,85,1,1
1136,Ariel,90,78,65,0,0
1137,Sarah,65,94,65,0,0
1138,Jerry,100,79,95,1,1
1139,John,100,65,95,1,0
1140,Mor,75,85,85,0,1
1141,Katia,100,88,65,1,0
1142,Chen,75,100,65,0,0
1143,Kevin,70,85,85,0,1
1144,Robin,100,83,85,0,1
1145,Sarah,70,90,95,0,1
1146,Tair,100,65,85,0,0
1147,Tamar,100,85,85,1,1
1148,Brian,80,95,95,1,1
1149,Adam,75,65,85,0,0
1150,Katia,75,93,85,1,1
1151,Ido,75,85,75,1,1
1152,Esther,75,80,85,1,1
1153,Eliran,80,88,95,1,1
1154,Ariel,55,93,85,0,0
1155,Avishay,100,79,75,0,1
1156,Talia,75,84,75,1,1
1157,Esther,90,80,85,1,1
1158,Billy,50,55,85,0,0
1159,Jerry,90,95,85,1,1
1160,Talia,80,94,95,0,1
1161,Natasha,100,89,95,0,1
1162,Avishay,75,80,65,0,0
1163,Avraham,70,90,75,0,1
1164,Ori,50,80,95,1,0
1165,Ariel,100,89,85,0,1
1166,Billy,55,55,85,1,0
1167,Talia,100,55,85,0,0
1168,Ohad,70,55,95,0,0
1169,John,90,92,75,0,1
1170,Or,75,96,75,1,1
1171,Keli,85,78,75,0,1
1172,Orly,55,90,85,1,0
1173,John,80,100,85,0,1
1174,Brian,70,84,85,1,1
1175,Brian,100,81,95,1,1
1176,Kevin,100,78,75,1,1
1177,Ido,70,80,95,0,1
1178,Danny,90,89,65,0,0
1179,Kevin,50,55,95,0,0
1180,Sarah,100,55,85,1,0
1181,Nitzan,80,100,85,0,1
1182,Billy,60,78,85,1,1
1183,Esther,50,88,95,1,0
1184,Esther,100,89,95,0,1
1185,Ohad,100,85,85,0,1
1186,Ido,55,80,85,1,0
1187,Avraham,100,85,65,0,0
1188,Orly,100,100,95,0,1
1189,Nati,90,80,85,1,1
1190,Kevin,60,65,65,1,0
1191,Robin,50,83,85,0,0
1192,Idan,100,80,65,1,0
1193,Orly,100,80,65,0,0
1194,Kevin,90,78,65,1,0
1195,Kevin,85,96,95,1,1
1196,Ori,70,78,95,0,1
1197,Or,70,80,85,1,1
1198,Tair,55,89,65,0,0
1199,Brian,95,94,65,1,0
1200,Mor,80,79,95,0,1
1201,Kevin,100,96,85,0,1
1202,Adam,100,90,95,1,1
1203,Ela,95,55,95,1,0
1204,Talia,70,75,85,0,0
1205,Robin,50,90,95,1,0
1206,Katia,55,90,65,0,0
1207,Ohad,100,65,85,0,0
1208,Ori,70,79,85,1,1
1209,Ido,80,98,85,0,1
1210,Zohar,70,78,95,0,1
1211,Nati,65,78,85,1,1
1212,Avishay,80,90,85,0,1
1213,Aviram,90,100,95,1,1
1214,Nati,90,98,65,1,0
1215,Aviram,80,85,75,1,1
1216,Avraham,65,92,95,0,1
1217,Ido,100,93,65,1,0
1218,Natasha,55,85,75,1,0
1219,John,100,100,95,1,1
1220,Talia,75,95,85,1,1
1221,Kevin,70,78,65,1,0
1222,Robin,85,80,85,0,1
1223,Tamar,55,80,75,0,0
1224,Ido,100,65,75,1,0
1225,Nitzan,100,81,65,0,0
1226,Eliran,100,80,85,1,1
1227,Ori,90,93,75,0,1
1228,John,65,65,75,1,0
1229,Nati,80,88,85,1,1
1230,Adele,75,78,85,1,1
1231,Kevin,60,78,65,1,0
1232,Orly,90,89,95,0,1
1233,Sapir,75,88,85,0,1
1234,Ori,80,85,65,0,0
1235,Avishay,100,85,85,1,1
1236,Idan,100,95,95,0,1
1237,Dorit,85,90,85,1,1
1238,Ori,50,88,95,0,0
1239,Aviram,100,85,65,0,0
1240,Natasha,70,85,65,1,0
1241,Or,100,100,75,0,1
1242,Ela,100,65,75,1,0
1243,Chen,55,90,75,1,0
1244,Jerry,70,94,85,0,1
1245,Chen,70,100,85,1,1
1246,Chen,90,100,85,0,1
1247,Orly,55,100,75,1,0
1248,Linda,70,80,95,0,1
1249,Orly,80,88,85,1,1
1250,Nitzan,75,85,75,1,1
1251,Kevin,100,75,75,1,0
1252,Chen,95,90,95,0,1
1253,Sarah,95,83,85,1,1
1254,Nitzan,100,83,85,0,1
1255,Ori,65,93,85,0,1
1256,Or,65,100,85,0,1
1257,Avraham,65,80,85,1,1
1258,Ela,70,80,95,0,1
1259,Kevin,75,94,85,0,1
1260,Alex,80,88,95,1,1
1261,Dorit,70,85,85,1,1
1262,Chen,50,98,95,1,0
1263,Danny,75,90,85,1,1
1264,Kevin,90,85,75,1,1
1265,Brian,90,98,95,0,1
1266,Ela,100,80,85,0,1
1267,Adele,100,80,85,0,1
1268,Eliran,70,78,85,0,1
1269,Avraham,90,65,85,1,0
1270,Avraham,80,84,85,1,1
1271,Ido,50,78,75,1,0
1272,Kevin,80,90,75,0,1
1273,Dorit,80,55,95,1,0
1274,Sapir,85,96,75,0,1
1275,Ela,90,79,85,0,1
1276,Brian,80,75,75,0,0
1277,Alex,100,100,85,1,1
1278,Sarah,65,84,95,1,1
1279,Danny,50,100,85,0,0
1280,Nati,65,90,85,0,1
1281,Dorit,90,79,85,0,1
1282,Adam,80,55,85,0,0
1283,Chen,55,90,95,0,0
1284,Michael,100,80,95,1,1
1285,Orly,80,79,85,1,1
1286,Dorit,75,78,85,1,1
1287,Natasha,85,80,75,0,1
1288,Eliran,75,75,75,0,0
1289,Avraham,95,75,95,1,0
1290,Alex,100,80,75,0,1
1291,Esther,60,90,75,0,1
1292,Eliran,80,95,65,0,0
1293,Kevin,70,78,75,1,1
1294,Avraham,70,95,75,1,1
1295,Orly,100,84,95,1,1
1296,Ohad,100,100,95,0,1
1297,Talia,55,78,85,1,0
1298,Orly,80,93,95,1,1
1299,Nati,100,75,85,1,0
1300,Jerry,100,80,95,0,1
1301,Ori,100,78,85,1,1
1302,Aviram,100,89,75,0,1
1303,Michael,90,84,95,0,1
1304,Ohad,100,92,95,1,1
1305,Danny,90,83,85,0,1
1306,Ohad,100,89,85,0,1
1307,Chen,100,78,75,1,1
1308,Ariel,100,85,85,1,1
1309,Kevin,100,100,85,0,1
1310,Kevin,100,80,95,1,1
1311,Michael,60,80,95,1,1
1312,Aviram,55,92,85,1,0
1313,Kevin,55,85,65,0,0
1314,Ido,65,92,65,0,0
1315,Ela,100,90,85,0,1
1316,Idan,55,100,85,1,0
1317,Esther,95,79,85,0,1
1318,Adele,55,78,65,1,0
1319,Linda,80,55,75,0,0
1320,Ido,80,100,85,0,1
1321,Michael,90,96,65,0,0
1322,Robin,80,90,75,0,1
1323,Tair,90,88,85,0,1
1324,Adam,75,81,95,1,1
1325,Robin,60,78,75,0,1
1326,Robin,100,79,85,1,1
1327,Idan,75,78,85,1,1
1328,Katia,55,100,75,1,0
1329,Robin,90,81,95,0,1
1330,Alex,60,92,85,1,1
1331,Ram,90,78,95,1,1
1332,Ram,55,79,85,0,0
1333,Ariel,100,80,75,1,1
1334,Ela,100,78,95,1,1
1335,Robin,60,88,85,0,1
1336,Mor,100,90,85,0,1
1337,Dorit,70,81,85,1,1
1338,Adam,60,92,75,1,1
1339,Esther,60,55,85,1,0
1340,Sapir,85,80,65,1,0
1341,Michael,100,84,65,1,0
1342,Zohar,65,96,65,0,0
1343,Orly,70,55,75,0,0
1344,Natasha,80,100,95,0,1
1345,Ariel,75,94,95,1,1
1346,Eliran,100,94,85,1,1
1347,Mor,80,80,85,0,1
1348,Kevin,100,81,75,1,1
1349,Michael,80,95,95,0,1
1350,John,65,83,75,0,1
1351,Talia,85,100,75,1,1
1352,Ariel,55,90,75,1,0
1353,Katia,100,80,95,1,1
1354,Kevin,70,94,85,0,1
1355,Brian,80,81,95,0,1
1356,Robin,100,100,85,1,1
1357,Nitzan,70,78,85,0,1
1358,Eliran,70,79,75,1,1
1359,Brian,70,78,85,1,1
1360,Ela,75,55,95,1,0
1361,Nitzan,100,80,65,0,0
1362,Ido,60,81,85,1,1
1363,Katia,80,92,75,1,1
1364,Brian,80,65,85,0,0
1365,John,80,80,85,1,1
1366,Dorit,100,96,75,1,1
1367,Adele,100,80,85,0,1
1368,Kevin,95,80,75,1,1
1369,Keli,90,89,65,1,0
1370,Keli,75,90,85,0,1
1371,Ariel,90,93,95,0,1
1372,Kevin,100,65,85,1,0
1373,Sarah,55,78,65,1,0
1374,Orly,75,80,85,1,1
1375,Adele,80,90,95,0,1
1376,Adele,95,98,85,1,1
1377,Tair,60,81,85,0,1
1378,Linda,100,96,95,0,1
1379,Talia,100,80,85,0,1
1380,Avraham,75,75,75,1,0
1381,Tair,55,83,95,0,0
1382,Robin,90,65,95,1,0
1383,Or,80,95,85,1,1
1384,Billy,100,78,75,0,1
1385,Sapir,75,88,85,1,1
1386,Ela,80,55,85,1,0
1387,Talia,60,84,95,1,1
1388,Billy,80,78,85,0,1
1389,Natasha,80,94,85,1,1
1390,Aviram,80,93,85,0,1
1391,Keli,100,85,85,1,1
1392,Ori,100,80,85,1,1
1393,Nitzan,90,89,85,0,1
1394,Mor,70,85,85,0,1
1395,Ohad,55,90,95,1,0
1396,Kevin,100,65,65,1,0
1397,Sapir,100,100,85,0,1
1398,Idan,50,78,85,0,0
1399,Idan,50,80,75,1,0
1400,Nitzan,75,90,85,0,1
1401,Ram,65,78,85,0,1
1402,Ohad,100,75,75,1,0
1403,Avraham,60,84,85,1,1
1404,Alex,100,90,85,0,1
1405,Natasha,100,93,85,0,1
1406,Mor,75,78,85,0,1
1407,Tamar,100,100,65,0,0
1408,Adele,100,83,95,0,1
1409,Mor,90,80,65,0,0
1410,Kevin,90,80,95,0,1
1411,Danny,100,100,75,1,1
1412,Michael,90,79,65,0,0
1413,Orly,75,90,95,0,1
1414,Sarah,95,78,75,0,1
1415,Adele,80,83,95,1,1
1416,Ela,55,92,75,0,0
1417,Katia,90,96,85,1,1
1418,Or,80,80,85,1,1
1419,John,100,96,75,1,1
1420,Avishay,100,96,75,1,1
1421,Dorit,55,100,75,1,0
1422,Michael,90,81,75,0,1
1423,Katia,100,65,65,1,0
1424,Ram,55,88,75,1,0
1425,Talia,100,75,85,0,0
1426,Ori,80,78,65,0,0
1427,Adam,65,55,65,0,0
1428,Idan,80,83,85,1,1
1429,Nitzan,90,79,95,1,1
1430,Michael,100,93,65,1,0
1431,Katia,65,75,95,1,0
1432,Ariel,75,85,65,1,0
1433,Sapir,80,95,75,1,1
1434,Danny,100,83,85,0,1
1435,John,60,100,95,1,1
1436,Chen,60,80,75,0,1
1437,Ariel,100,75,85,0,0
1438,Nitzan,100,55,85,1,0
1439,Dorit,100,96,85,1,1
1440,Orly,90,80,75,1,1
1441,Orly,100,65,95,0,0
1442,Ori,90,79,65,1,0
1443,Natasha,80,90,75,0,1
1444,Zohar,60,93,75,1,1
1445,Ido,75,94,85,0,1
1446,Ram,80,98,85,1,1
1447,Or,75,92,85,0,1
1448,Dorit,100,80,75,0,1
1449,Ohad,70,90,95,0,1
1450,Avishay,75,100,75,0,1
1451,Eliran,90,95,75,1,1
1452,Avraham,65,79,75,0,1
1453,Mor,55,100,75,0,0
1454,Tair,55,55,85,1,0
1455,Zohar,75,75,75,0,0
1456,Chen,75,90,75,1,1
1457,Eliran,55,95,85,0,0
1458,Mor,75,81,65,0,0
1459,Kevin,100,85,85,0,1
1460,Zohar,100,78,85,1,1
1461,Tair,90,98,85,0,1
1462,Kevin,55,90,95,0,0
1463,Idan,75,80,95,0,1
1464,Keli,100,78,95,1,1
1465,Ela,60,88,65,1,0
1466,Kevin,100,85,95,1,1
1467,Ido,100,94,85,1,1
1468,Sapir,70,78,85,1,1
1469,Keli,85,98,95,1,1
1470,Brian,100,80,95,0,1
1471,Aviram,90,93,85,1,1
1472,Zohar,50,85,85,1,0
1473,Mor,70,96,95,0,1
1474,Sarah,100,95,95,1,1
1475,Sarah,55,90,95,0,0
1476,Michael,100,75,85,1,0
1477,John,100,83,85,0,1
1478,Idan,75,75,85,1,0
1479,Avraham,80,78,75,1,1
1480,Avishay,100,75,85,0,0
1481,Nati,100,75,85,0,0
1482,Avishay,70,78,85,0,1
1483,Nati,70,83,95,0,1
1484,Ido,100,90,85,0,1
1485,Tamar,80,80,95,0,1
1486,Talia,55,89,75,1,0
1487,Linda,100,100,95,0,1
1488,Zohar,70,78,95,1,1
1489,Ram,100,93,85,0,1
1490,Or,80,88,85,0,1
1491,Tamar,100,80,95,0,1
1492,Kevin,70,93,85,0,1
1493,Kevin,100,98,95,0,1
1494,Chen,100,90,95,0,1
1495,Ela,100,100,85,0,1
1496,Avraham,100,93,85,1,1
1497,Sapir,70,75,65,1,0
1498,Avishay,65,80,75,1,1
1499,Brian,90,80,75,1,1
1500,Tamar,70,92,95,1,1
1501,Or,70,96,85,0,1
1502,Eliran,80,89,75,1,1
1503,Ori,100,90,85,1,1
1504,Ohad,80,55,75,1,0
1505,Nati,100,79,65,0,0
1506,Katia,70,89,85,0,1
1507,Sarah,75,88,85,0,1
1508,Nati,60,85,95,1,1
1509,Nati,50,90,85,1,0
1510,Danny,90,75,95,0,0
1511,Tair,85,84,85,1,1
1512,Brian,100,55,65,0,0
1513,Esther,50,78,85,0,0
1514,Adele,95,65,85,1,0
1515,Jerry,75,65,85,0,0
1516,Chen,80,65,75,0,0
1517,Chen,70,92,75,0,1
1518,Keli,85,79,95,1,1
1519,Adam,95,80,95,1,1
1520,Alex,70,95,95,1,1
1521,Alex,95,78,75,0,1
1522,Linda,90,80,95,0,1
1523,Avraham,90,55,95,1,0
1524,Danny,60,90,75,1,1
1525,Zohar,100,80,85,1,1
1526,Chen,60,75,65,1,0
1527,Zohar,55,75,75,0,0
1528,Ido,80,100,85,0,1
1529,Nati,100,84,65,0,0
1530,Keli,100,93,95,1,1
1531,Eliran,80,96,75,0,1
1532,Ori,80,78,95,0,1
1533,Tamar,85,96,95,0,1
1534,Kevin,90,55,95,1,0
1535,Mor,80,92,85,1,1
1536,Mor,70,100,95,0,1
1537,Alex,75,98,85,1,1
1538,Ram,80,96,85,0,1
1539,Sarah,90,93,75,1,1
1540,Linda,90,89,95,0,1
1541,Orly,65,80,65,1,0
1542,Kevin,100,88,95,0,1
1543,Esther,95,80,85,0,1
1544,Avishay,100,65,85,0,0
1545,Katia,75,94,65,1,0
1546,Zohar,100,78,85,1,1
1547,John,75,96,65,0,0
1548,Avishay,100,100,85,1,1
1549,Alex,100,75,95,1,0
1550,Ohad,100,90,85,0,1
1551,Chen,100,83,85,1,1
1552,Sapir,90,79,85,1,1
1553,Natasha,70,78,65,0,0
1554,Ram,90,84,65,0,0
1555,Danny,85,89,85,0,1
1556,Adele,100,93,95,0,1
1557,Ori,90,96,75,0,1
1558,Nitzan,100,88,95,0,1
1559,Ido,100,85,85,1,1
1560,Tair,100,78,85,1,1
1561,Jerry,70,92,85,1,1
1562,Mor,100,78,85,0,1
1563,Billy,80,80,95,0,1
1564,Sarah,90,94,65,0,0
1565,Keli,95,80,85,0,1
1566,Nati,70,83,95,0,1
1567,Zohar,80,89,85,1,1
1568,Avraham,70,95,95,1,1
1569,Natasha,90,93,65,1,0
1570,Adele,100,95,85,1,1
1571,Aviram,100,100,85,0,1
1572,Zohar,55,79,85,0,0
1573,Idan,65,89,95,1,1
1574,Brian,70,78,65,0,0
1575,Keli,90,100,85,1,1
1576,Ido,100,80,95,1,1
1577,Esther,80,85,85,1,1
1578,Adam,70,90,75,1,1
1579,Adele,75,78,75,0,1
1580,Orly,90,78,85,1,1
1581,Ori,80,79,65,1,0
1582,Alex,90,94,95,0,1
1583,Alex,55,94,75,1,0
1584,Ori,100,55,65,1,0
1585,Adam,80,90,85,1,1
1586,Brian,100,94,85,0,1
1587,Or,80,90,85,0,1
1588,Eliran,85,94,95,1,1
1589,Zohar,100,95,75,1,1
1590,Mor,90,79,65,1,0
1591,Natasha,95,95,75,1,1
1592,Chen,100,83,85,1,1
1593,Adam,65,100,85,0,1
1594,Dorit,55,90,85,1,0
1595,Dorit,85,81,75,1,1
1596,Sarah,55,93,75,1,0
1597,Brian,90,78,95,1,1
1598,Or,55,95,75,1,0
1599,Talia,100,98,95,1,1
1600,Adele,100,100,95,1,1
1601,Aviram,75,89,85,0,1
1602,Danny,50,90,85,1,0
1603,Dorit,75,94,85,0,1
1604,Sarah,100,80,65,1,0
1605,Zohar,75,78,85,1,1
1606,Avraham,100,83,85,1,1
1607,Chen,100,81,75,1,1
1608,Or,90,100,95,0,1
1609,Aviram,55,79,85,1,0
1610,Alex,70,90,75,0,1
1611,Natasha,75,81,85,0,1
1612,Talia,90,80,85,0,1
1613,Dorit,75,79,95,1,1
1614,Ela,60,78,85,0,1
1615,Adam,75,80,85,1,1
1616,Dorit,85,83,65,0,0
1617,Adam,100,90,75,0,1
1618,Aviram,100,96,85,1,1
1619,Chen,100,55,85,0,0
1620,Ohad,60,79,85,1,1
1621,Billy,90,92,95,1,1
1622,Keli,100,80,95,0,1
1623,Avraham,100,90,75,1,1
1624,Nitzan,85,79,95,0,1
1625,Or,70,92,75,1,1
1626,Danny,100,81,85,0,1
1627,Mor,70,94,75,1,1
1628,Sapir,100,81,75,1,1
1629,Ariel,90,80,75,0,1
1630,Keli,100,100,75,0,1
1631,Adele,75,89,65,1,0
1632,Katia,100,80,75,1,1
1633,Sapir,90,90,95,1,1
1634,Michael,80,78,85,0,1
1635,John,100,78,85,1,1
1636,Chen,70,98,85,1,1
1637,Adele,60,80,85,1,1
1638,Nati,80,92,85,0,1
1639,Or,85,83,85,0,1
1640,Esther,100,98,95,1,1
1641,Sapir,90,88,85,1,1
1642,Zohar,60,90,95,0,1
1643,Alex,100,95,85,1,1
1644,Robin,80,93,85,0,1
1645,Ohad,100,100,75,0,1
1646,Chen,100,95,85,0,1
1647,Sapir,100,80,65,1,0
1648,Nati,100,65,95,0,0
1649,Katia,70,85,65,0,0
1650,Ori,90,78,95,0,1
1651,Adele,90,80,95,0,1
1652,Eliran,90,93,75,0,1
1653,Mor,100,55,65,1,0
1654,Esther,100,83,95,0,1
1655,Ohad,90,81,95,0,1
1656,Chen,95,78,85,0,1
1657,Esther,100,92,75,1,1
1658,Jerry,75,93,85,1,1
1659,Nitzan,55,93,85,0,0
1660,Ori,55,83,85,1,0
1661,Kevin,100,80,75,0,1
1662,Zohar,100,85,65,0,0
1663,Billy,100,93,85,1,1
1664,Eliran,80,96,95,1,1
1665,Ram,80,89,75,0,1
1666,Ela,90,93,85,1,1
1667,Avraham,60,98,65,0,0
1668,Adele,75,81,75,1,1
1669,Tamar,100,88,75,0,1
1670,Ariel,65,93,95,0,1
1671,Chen,100,90,75,0,1
1672,Katia,80,84,75,0,1
1673,Sapir,100,81,85,1,1
1674,Brian,95,80,95,1,1
1675,Eliran,60,98,85,0,1
1676,Natasha,85,95,65,1,0
1677,Orly,65,65,85,1,0
1678,Sapir,100,92,85,0,1
1679,Kevin,100,65,95,0,0
1680,Billy,80,55,85,0,0
1681,Natasha,90,98,75,1,1
1682,Zohar,100,88,85,1,1
1683,Ela,75,100,75,1,1
1684,Avishay,80,78,95,1,1
1685,Ohad,80,81,85,0,1
1686,Jerry,100,98,85,0,1
1687,Idan,80,89,85,0,1
1688,Chen,75,80,75,1,1
1689,Billy,100,55,85,1,0
1690,Natasha,100,88,95,0,1
1691,Linda,100,83,85,1,1
1692,Dorit,55,94,85,0,0
1693,Tamar,80,98,65,1,0
1694,Robin,70,75,85,0,0
1695,Or,100,92,95,0,1
1696,Esther,100,95,75,1,1
1697,John,100,79,95,0,1
1698,Aviram,100,79,95,1,1
1699,Ram,70,85,75,1,1
1700,Esther,100,92,85,0,1
1701,Ori,90,78,85,1,1
1702,Natasha,100,90,75,1,1
1703,Kevin,80,78,85,0,1
1704,Kevin,65,100,85,1,1
1705,Linda,70,83,75,1,1
1706,Ohad,100,100,65,0,0
1707,Idan,100,98,85,0,1
1708,Or,100,96,85,0,1
1709,Brian,90,90,65,1,0
1710,Kevin,100,85,85,1,1
1711,Chen,100,55,95,1,0
1712,Adam,90,90,65,0,0
1713,Avraham,100,78,75,1,1
1714,Danny,100,55,85,1,0
1715,Aviram,100,80,85,1,1
1716,Esther,80,75,75,0,0
1717,Robin,80,90,95,0,1
1718,John,65,100,95,1,1
1719,Avraham,50,84,85,1,0
1720,Sapir,90,80,75,1,1
1721,Adele,100,55,65,0,0
1722,Sarah,70,79,85,1,1
1723,Michael,100,55,85,0,0
1724,Billy,50,93,95,0,0
1725,Zohar,55,55,65,0,0
1726,Mor,100,81,95,0,1
1727,Avraham,95,100,85,1,1
1728,Jerry,100,98,75,1,1
1729,Sarah,90,92,95,1,1
1730,Billy,100,85,85,0,1
1731,Tair,90,80,95,1,1
1732,Kevin,90,98,75,1,1
1733,Ohad,80,80,95,0,1
1734,Robin,100,95,85,1,1
1735,Keli,100,90,95,1,1
1736,Idan,70,81,75,0,1
1737,Dorit,100,65,85,0,0
1738,Ohad,100,55,95,0,0
1739,Tair,60,95,85,0,1
1740,Kevin,100,100,65,1,0
1741,Katia,80,80,85,0,1
1742,Ori,65,92,85,1,1
1743,Linda,100,80,95,1,1
1744,Alex,100,81,95,1,1
1745,Tair,90,55,75,0,0
1746,Nati,50,78,95,1,0
1747,Kevin,80,100,85,0,1
1748,Ori,100,90,85,1,1
1749,Robin,60,80,85,1,1
1750,Sapir,65,96,65,1,0
1751,Eliran,100,90,85,0,1
1752,Tamar,55,85,85,1,0
1753,Brian,100,80,85,0,1
1754,Talia,85,80,75,0,1
1755,Avishay,90,80,85,0,1
1756,Natasha,100,96,85,1,1
1757,Natasha,65,80,85,1,1
1758,Idan,80,85,75,1,1
1759,Idan,90,78,85,1,1
1760,Avishay,100,95,95,1,1
1761,Talia,95,78,65,0,0
1762,Jerry,75,78,65,0,0
1763,Aviram,100,83,85,0,1
1764,Adam,100,85,85,1,1
1765,Brian,80,84,65,0,0
1766,Robin,55,93,75,1,0
1767,Dorit,95,90,75,0,1
1768,Avraham,100,78,85,1,1
1769,Ido,90,94,75,1,1
1770,Avraham,100,90,85,0,1
1771,Esther,80,90,85,1,1
1772,Adam,50,85,75,0,0
1773,Eliran,70,92,85,0,1
1774,Tamar,95,93,85,0,1
